solid ASCII
  facet normal 0.000000e+00 -0.000000e+00 -1.000000e+00
    outer loop
      vertex   1.291412e+02 6.052983e+00 1.000000e+00
      vertex   1.291412e+02 -1.134470e+02 1.000000e+00
      vertex   6.014124e+01 6.052983e+00 1.000000e+00
    endloop
  endfacet
  facet normal 0.000000e+00 -0.000000e+00 -1.000000e+00
    outer loop
      vertex   6.014124e+01 6.052983e+00 1.000000e+00
      vertex   1.291412e+02 -1.134470e+02 1.000000e+00
      vertex   1.849919e+01 -1.668530e+01 1.000000e+00
    endloop
  endfacet
  facet normal 0.000000e+00 0.000000e+00 -1.000000e+00
    outer loop
      vertex   6.014124e+01 6.052983e+00 1.000000e+00
      vertex   1.849919e+01 -1.668530e+01 1.000000e+00
      vertex   5.660995e+01 5.926862e+00 1.000000e+00
    endloop
  endfacet
  facet normal 0.000000e+00 0.000000e+00 -1.000000e+00
    outer loop
      vertex   5.660995e+01 5.926862e+00 1.000000e+00
      vertex   1.849919e+01 -1.668530e+01 1.000000e+00
      vertex   5.309665e+01 5.549144e+00 1.000000e+00
    endloop
  endfacet
  facet normal 0.000000e+00 0.000000e+00 -1.000000e+00
    outer loop
      vertex   5.309665e+01 5.549144e+00 1.000000e+00
      vertex   1.849919e+01 -1.668530e+01 1.000000e+00
      vertex   4.961926e+01 4.921752e+00 1.000000e+00
    endloop
  endfacet
  facet normal 0.000000e+00 0.000000e+00 -1.000000e+00
    outer loop
      vertex   4.961926e+01 4.921752e+00 1.000000e+00
      vertex   1.849919e+01 -1.668530e+01 1.000000e+00
      vertex   4.619548e+01 4.047885e+00 1.000000e+00
    endloop
  endfacet
  facet normal 0.000000e+00 0.000000e+00 -1.000000e+00
    outer loop
      vertex   4.619548e+01 4.047885e+00 1.000000e+00
      vertex   1.849919e+01 -1.668530e+01 1.000000e+00
      vertex   4.284276e+01 2.931994e+00 1.000000e+00
    endloop
  endfacet
  facet normal 0.000000e+00 0.000000e+00 -1.000000e+00
    outer loop
      vertex   4.284276e+01 2.931994e+00 1.000000e+00
      vertex   1.849919e+01 -1.668530e+01 1.000000e+00
      vertex   3.957819e+01 1.579766e+00 1.000000e+00
    endloop
  endfacet
  facet normal 0.000000e+00 0.000000e+00 -1.000000e+00
    outer loop
      vertex   3.957819e+01 1.579766e+00 1.000000e+00
      vertex   1.849919e+01 -1.668530e+01 1.000000e+00
      vertex   3.641841e+01 -1.907418e-03 1.000000e+00
    endloop
  endfacet
  facet normal 0.000000e+00 0.000000e+00 -1.000000e+00
    outer loop
      vertex   3.641841e+01 -1.907418e-03 1.000000e+00
      vertex   1.849919e+01 -1.668530e+01 1.000000e+00
      vertex   3.337952e+01 -1.804968e+00 1.000000e+00
    endloop
  endfacet
  facet normal 0.000000e+00 0.000000e+00 -1.000000e+00
    outer loop
      vertex   3.337952e+01 -1.804968e+00 1.000000e+00
      vertex   1.849919e+01 -1.668530e+01 1.000000e+00
      vertex   3.047699e+01 -3.820226e+00 1.000000e+00
    endloop
  endfacet
  facet normal 0.000000e+00 0.000000e+00 -1.000000e+00
    outer loop
      vertex   3.047699e+01 -3.820226e+00 1.000000e+00
      vertex   1.849919e+01 -1.668530e+01 1.000000e+00
      vertex   2.772563e+01 -6.037413e+00 1.000000e+00
    endloop
  endfacet
  facet normal 0.000000e+00 0.000000e+00 -1.000000e+00
    outer loop
      vertex   2.772563e+01 -6.037413e+00 1.000000e+00
      vertex   1.849919e+01 -1.668530e+01 1.000000e+00
      vertex   2.513945e+01 -8.445232e+00 1.000000e+00
    endloop
  endfacet
  facet normal 0.000000e+00 0.000000e+00 -1.000000e+00
    outer loop
      vertex   2.513945e+01 -8.445232e+00 1.000000e+00
      vertex   1.849919e+01 -1.668530e+01 1.000000e+00
      vertex   2.273163e+01 -1.103141e+01 1.000000e+00
    endloop
  endfacet
  facet normal 0.000000e+00 0.000000e+00 -1.000000e+00
    outer loop
      vertex   2.273163e+01 -1.103141e+01 1.000000e+00
      vertex   1.849919e+01 -1.668530e+01 1.000000e+00
      vertex   2.051445e+01 -1.378277e+01 1.000000e+00
    endloop
  endfacet
  facet normal 0.000000e+00 0.000000e+00 -1.000000e+00
    outer loop
      vertex   1.064124e+01 -1.134470e+02 1.000000e+00
      vertex   1.064124e+01 -4.344702e+01 1.000000e+00
      vertex   1.291412e+02 -1.134470e+02 1.000000e+00
    endloop
  endfacet
  facet normal 0.000000e+00 0.000000e+00 -1.000000e+00
    outer loop
      vertex   1.291412e+02 -1.134470e+02 1.000000e+00
      vertex   1.064124e+01 -4.344702e+01 1.000000e+00
      vertex   1.076736e+01 -3.991573e+01 1.000000e+00
    endloop
  endfacet
  facet normal 0.000000e+00 0.000000e+00 -1.000000e+00
    outer loop
      vertex   1.291412e+02 -1.134470e+02 1.000000e+00
      vertex   1.076736e+01 -3.991573e+01 1.000000e+00
      vertex   1.114508e+01 -3.640243e+01 1.000000e+00
    endloop
  endfacet
  facet normal 0.000000e+00 0.000000e+00 -1.000000e+00
    outer loop
      vertex   1.114508e+01 -3.640243e+01 1.000000e+00
      vertex   1.177247e+01 -3.292504e+01 1.000000e+00
      vertex   1.291412e+02 -1.134470e+02 1.000000e+00
    endloop
  endfacet
  facet normal 0.000000e+00 0.000000e+00 -1.000000e+00
    outer loop
      vertex   1.291412e+02 -1.134470e+02 1.000000e+00
      vertex   1.177247e+01 -3.292504e+01 1.000000e+00
      vertex   1.264633e+01 -2.950126e+01 1.000000e+00
    endloop
  endfacet
  facet normal 0.000000e+00 0.000000e+00 -1.000000e+00
    outer loop
      vertex   1.291412e+02 -1.134470e+02 1.000000e+00
      vertex   1.264633e+01 -2.950126e+01 1.000000e+00
      vertex   1.376223e+01 -2.614854e+01 1.000000e+00
    endloop
  endfacet
  facet normal 0.000000e+00 0.000000e+00 -1.000000e+00
    outer loop
      vertex   1.376223e+01 -2.614854e+01 1.000000e+00
      vertex   1.511445e+01 -2.288397e+01 1.000000e+00
      vertex   1.291412e+02 -1.134470e+02 1.000000e+00
    endloop
  endfacet
  facet normal 0.000000e+00 0.000000e+00 -1.000000e+00
    outer loop
      vertex   1.291412e+02 -1.134470e+02 1.000000e+00
      vertex   1.511445e+01 -2.288397e+01 1.000000e+00
      vertex   1.669613e+01 -1.972419e+01 1.000000e+00
    endloop
  endfacet
  facet normal 0.000000e+00 0.000000e+00 -1.000000e+00
    outer loop
      vertex   1.291412e+02 -1.134470e+02 1.000000e+00
      vertex   1.669613e+01 -1.972419e+01 1.000000e+00
      vertex   1.849919e+01 -1.668530e+01 1.000000e+00
    endloop
  endfacet
  facet normal -1.000000e+00 0.000000e+00 6.518741e-17
    outer loop
      vertex   1.064124e+01 -4.344702e+01 1.000000e+00
      vertex   1.064124e+01 -1.134470e+02 1.000000e+00
      vertex   1.064124e+01 -4.344702e+01 1.100000e+02
    endloop
  endfacet
  facet normal -1.000000e+00 7.612958e-17 1.629685e-17
    outer loop
      vertex   1.064124e+01 -4.344702e+01 1.100000e+02
      vertex   1.064124e+01 -1.134470e+02 1.000000e+00
      vertex   1.064124e+01 -1.134470e+02 1.100000e+02
    endloop
  endfacet
  facet normal 4.896707e-18 -1.000000e+00 -2.607496e-16
    outer loop
      vertex   1.064124e+01 -1.134470e+02 1.100000e+02
      vertex   1.064124e+01 -1.134470e+02 1.000000e+00
      vertex   1.171412e+02 -1.134470e+02 3.000000e+00
    endloop
  endfacet
  facet normal 0.000000e+00 -1.000000e+00 -0.000000e+00
    outer loop
      vertex   1.171412e+02 -1.134470e+02 3.000000e+00
      vertex   1.064124e+01 -1.134470e+02 1.000000e+00
      vertex   1.291412e+02 -1.134470e+02 1.000000e+00
    endloop
  endfacet
  facet normal 0.000000e+00 -1.000000e+00 0.000000e+00
    outer loop
      vertex   1.171412e+02 -1.134470e+02 3.000000e+00
      vertex   1.291412e+02 -1.134470e+02 1.000000e+00
      vertex   1.271412e+02 -1.134470e+02 3.000000e+00
    endloop
  endfacet
  facet normal -2.607496e-16 -1.000000e+00 -2.607496e-16
    outer loop
      vertex   1.271412e+02 -1.134470e+02 3.000000e+00
      vertex   1.291412e+02 -1.134470e+02 1.000000e+00
      vertex   1.291412e+02 -1.134470e+02 1.100000e+02
    endloop
  endfacet
  facet normal -1.421085e-14 -1.000000e+00 0.000000e+00
    outer loop
      vertex   1.271412e+02 -1.134470e+02 3.000000e+00
      vertex   1.291412e+02 -1.134470e+02 1.100000e+02
      vertex   1.271412e+02 -1.134470e+02 1.100000e+02
    endloop
  endfacet
  facet normal 2.668705e-16 -1.000000e+00 0.000000e+00
    outer loop
      vertex   1.171412e+02 -1.134470e+02 3.000000e+00
      vertex   1.171412e+02 -1.134470e+02 1.100000e+02
      vertex   1.064124e+01 -1.134470e+02 1.100000e+02
    endloop
  endfacet
  facet normal 1.000000e+00 0.000000e+00 0.000000e+00
    outer loop
      vertex   1.291412e+02 6.052983e+00 1.000000e+00
      vertex   1.291412e+02 -1.469702e+01 3.283494e+01
      vertex   1.291412e+02 -1.134470e+02 1.000000e+00
    endloop
  endfacet
  facet normal 1.000000e+00 0.000000e+00 0.000000e+00
    outer loop
      vertex   1.291412e+02 -1.134470e+02 1.000000e+00
      vertex   1.291412e+02 -1.469702e+01 3.283494e+01
      vertex   1.291412e+02 -1.521478e+01 3.323223e+01
    endloop
  endfacet
  facet normal 1.000000e+00 0.000000e+00 0.000000e+00
    outer loop
      vertex   1.291412e+02 -1.134470e+02 1.000000e+00
      vertex   1.291412e+02 -1.521478e+01 3.323223e+01
      vertex   1.291412e+02 -1.561208e+01 3.375000e+01
    endloop
  endfacet
  facet normal 1.000000e+00 0.000000e+00 0.000000e+00
    outer loop
      vertex   1.291412e+02 6.052983e+00 1.100000e+02
      vertex   1.291412e+02 -1.103220e+01 3.564705e+01
      vertex   1.291412e+02 6.052983e+00 1.000000e+00
    endloop
  endfacet
  facet normal 1.000000e+00 0.000000e+00 0.000000e+00
    outer loop
      vertex   1.291412e+02 6.052983e+00 1.000000e+00
      vertex   1.291412e+02 -1.103220e+01 3.564705e+01
      vertex   1.291412e+02 -1.094702e+01 3.500000e+01
    endloop
  endfacet
  facet normal 1.000000e+00 0.000000e+00 0.000000e+00
    outer loop
      vertex   1.291412e+02 6.052983e+00 1.000000e+00
      vertex   1.291412e+02 -1.094702e+01 3.500000e+01
      vertex   1.291412e+02 -1.103220e+01 3.435295e+01
    endloop
  endfacet
  facet normal 1.000000e+00 -0.000000e+00 0.000000e+00
    outer loop
      vertex   1.291412e+02 -1.134470e+02 1.100000e+02
      vertex   1.291412e+02 -1.469702e+01 8.716506e+01
      vertex   1.291412e+02 6.052983e+00 1.100000e+02
    endloop
  endfacet
  facet normal 1.000000e+00 0.000000e+00 0.000000e+00
    outer loop
      vertex   1.291412e+02 6.052983e+00 1.100000e+02
      vertex   1.291412e+02 -1.469702e+01 8.716506e+01
      vertex   1.291412e+02 -1.409407e+01 8.741481e+01
    endloop
  endfacet
  facet normal 1.000000e+00 0.000000e+00 0.000000e+00
    outer loop
      vertex   1.291412e+02 6.052983e+00 1.100000e+02
      vertex   1.291412e+02 -1.409407e+01 8.741481e+01
      vertex   1.291412e+02 -1.344702e+01 8.750000e+01
    endloop
  endfacet
  facet normal 1.000000e+00 0.000000e+00 -0.000000e+00
    outer loop
      vertex   1.291412e+02 -1.134470e+02 1.000000e+00
      vertex   1.291412e+02 -1.586183e+01 3.564705e+01
      vertex   1.291412e+02 -1.134470e+02 1.100000e+02
    endloop
  endfacet
  facet normal 1.000000e+00 0.000000e+00 0.000000e+00
    outer loop
      vertex   1.291412e+02 -1.134470e+02 1.100000e+02
      vertex   1.291412e+02 -1.586183e+01 3.564705e+01
      vertex   1.291412e+02 -1.561208e+01 3.625000e+01
    endloop
  endfacet
  facet normal 1.000000e+00 0.000000e+00 0.000000e+00
    outer loop
      vertex   1.291412e+02 -1.134470e+02 1.100000e+02
      vertex   1.291412e+02 -1.561208e+01 3.625000e+01
      vertex   1.291412e+02 -1.561208e+01 8.375000e+01
    endloop
  endfacet
  facet normal 1.000000e+00 0.000000e+00 0.000000e+00
    outer loop
      vertex   1.291412e+02 -1.561208e+01 8.375000e+01
      vertex   1.291412e+02 -1.561208e+01 3.625000e+01
      vertex   1.291412e+02 -1.521478e+01 3.676777e+01
    endloop
  endfacet
  facet normal 1.000000e+00 0.000000e+00 0.000000e+00
    outer loop
      vertex   1.291412e+02 -1.561208e+01 8.375000e+01
      vertex   1.291412e+02 -1.521478e+01 3.676777e+01
      vertex   1.291412e+02 -1.521478e+01 8.323223e+01
    endloop
  endfacet
  facet normal 1.000000e+00 0.000000e+00 0.000000e+00
    outer loop
      vertex   1.291412e+02 -1.521478e+01 8.323223e+01
      vertex   1.291412e+02 -1.521478e+01 3.676777e+01
      vertex   1.291412e+02 -1.469702e+01 3.716506e+01
    endloop
  endfacet
  facet normal 1.000000e+00 0.000000e+00 0.000000e+00
    outer loop
      vertex   1.291412e+02 -1.521478e+01 8.323223e+01
      vertex   1.291412e+02 -1.469702e+01 3.716506e+01
      vertex   1.291412e+02 -1.469702e+01 8.283494e+01
    endloop
  endfacet
  facet normal 1.000000e+00 0.000000e+00 0.000000e+00
    outer loop
      vertex   1.291412e+02 -1.469702e+01 8.283494e+01
      vertex   1.291412e+02 -1.469702e+01 3.716506e+01
      vertex   1.291412e+02 -1.409407e+01 3.741481e+01
    endloop
  endfacet
  facet normal 1.000000e+00 0.000000e+00 0.000000e+00
    outer loop
      vertex   1.291412e+02 -1.469702e+01 8.283494e+01
      vertex   1.291412e+02 -1.409407e+01 3.741481e+01
      vertex   1.291412e+02 -1.409407e+01 8.258519e+01
    endloop
  endfacet
  facet normal 1.000000e+00 0.000000e+00 0.000000e+00
    outer loop
      vertex   1.291412e+02 -1.409407e+01 8.258519e+01
      vertex   1.291412e+02 -1.409407e+01 3.741481e+01
      vertex   1.291412e+02 -1.344702e+01 8.250000e+01
    endloop
  endfacet
  facet normal 1.000000e+00 0.000000e+00 0.000000e+00
    outer loop
      vertex   1.291412e+02 -1.344702e+01 8.250000e+01
      vertex   1.291412e+02 -1.409407e+01 3.741481e+01
      vertex   1.291412e+02 -1.344702e+01 3.750000e+01
    endloop
  endfacet
  facet normal 1.000000e+00 0.000000e+00 0.000000e+00
    outer loop
      vertex   1.291412e+02 -1.344702e+01 8.250000e+01
      vertex   1.291412e+02 -1.344702e+01 3.750000e+01
      vertex   1.291412e+02 -1.279997e+01 3.741481e+01
    endloop
  endfacet
  facet normal 1.000000e+00 0.000000e+00 0.000000e+00
    outer loop
      vertex   1.291412e+02 -1.586183e+01 8.435295e+01
      vertex   1.291412e+02 -1.594702e+01 8.500000e+01
      vertex   1.291412e+02 -1.134470e+02 1.100000e+02
    endloop
  endfacet
  facet normal 1.000000e+00 0.000000e+00 0.000000e+00
    outer loop
      vertex   1.291412e+02 -1.134470e+02 1.100000e+02
      vertex   1.291412e+02 -1.594702e+01 8.500000e+01
      vertex   1.291412e+02 -1.586183e+01 8.564705e+01
    endloop
  endfacet
  facet normal 1.000000e+00 0.000000e+00 0.000000e+00
    outer loop
      vertex   1.291412e+02 -1.134470e+02 1.100000e+02
      vertex   1.291412e+02 -1.586183e+01 8.564705e+01
      vertex   1.291412e+02 -1.561208e+01 8.625000e+01
    endloop
  endfacet
  facet normal 1.000000e+00 0.000000e+00 -0.000000e+00
    outer loop
      vertex   1.291412e+02 -1.561208e+01 8.625000e+01
      vertex   1.291412e+02 -1.521478e+01 8.676777e+01
      vertex   1.291412e+02 -1.134470e+02 1.100000e+02
    endloop
  endfacet
  facet normal 1.000000e+00 0.000000e+00 0.000000e+00
    outer loop
      vertex   1.291412e+02 -1.134470e+02 1.100000e+02
      vertex   1.291412e+02 -1.521478e+01 8.676777e+01
      vertex   1.291412e+02 -1.469702e+01 8.716506e+01
    endloop
  endfacet
  facet normal 1.000000e+00 -0.000000e+00 0.000000e+00
    outer loop
      vertex   1.291412e+02 -1.344702e+01 8.750000e+01
      vertex   1.291412e+02 -1.279997e+01 8.741481e+01
      vertex   1.291412e+02 6.052983e+00 1.100000e+02
    endloop
  endfacet
  facet normal 1.000000e+00 0.000000e+00 0.000000e+00
    outer loop
      vertex   1.291412e+02 6.052983e+00 1.100000e+02
      vertex   1.291412e+02 -1.279997e+01 8.741481e+01
      vertex   1.291412e+02 -1.219702e+01 8.716506e+01
    endloop
  endfacet
  facet normal 1.000000e+00 0.000000e+00 0.000000e+00
    outer loop
      vertex   1.291412e+02 6.052983e+00 1.100000e+02
      vertex   1.291412e+02 -1.219702e+01 8.716506e+01
      vertex   1.291412e+02 -1.167925e+01 8.676777e+01
    endloop
  endfacet
  facet normal 1.000000e+00 -0.000000e+00 0.000000e+00
    outer loop
      vertex   1.291412e+02 -1.167925e+01 8.676777e+01
      vertex   1.291412e+02 -1.128195e+01 8.625000e+01
      vertex   1.291412e+02 6.052983e+00 1.100000e+02
    endloop
  endfacet
  facet normal 1.000000e+00 0.000000e+00 0.000000e+00
    outer loop
      vertex   1.291412e+02 6.052983e+00 1.100000e+02
      vertex   1.291412e+02 -1.128195e+01 8.625000e+01
      vertex   1.291412e+02 -1.103220e+01 8.564705e+01
    endloop
  endfacet
  facet normal 1.000000e+00 0.000000e+00 0.000000e+00
    outer loop
      vertex   1.291412e+02 6.052983e+00 1.100000e+02
      vertex   1.291412e+02 -1.103220e+01 8.564705e+01
      vertex   1.291412e+02 -1.094702e+01 8.500000e+01
    endloop
  endfacet
  facet normal 1.000000e+00 -0.000000e+00 0.000000e+00
    outer loop
      vertex   1.291412e+02 -1.094702e+01 8.500000e+01
      vertex   1.291412e+02 -1.103220e+01 8.435295e+01
      vertex   1.291412e+02 6.052983e+00 1.100000e+02
    endloop
  endfacet
  facet normal 1.000000e+00 0.000000e+00 0.000000e+00
    outer loop
      vertex   1.291412e+02 6.052983e+00 1.100000e+02
      vertex   1.291412e+02 -1.103220e+01 8.435295e+01
      vertex   1.291412e+02 -1.103220e+01 3.564705e+01
    endloop
  endfacet
  facet normal 1.000000e+00 0.000000e+00 0.000000e+00
    outer loop
      vertex   1.291412e+02 -1.103220e+01 3.564705e+01
      vertex   1.291412e+02 -1.103220e+01 8.435295e+01
      vertex   1.291412e+02 -1.128195e+01 3.625000e+01
    endloop
  endfacet
  facet normal 1.000000e+00 0.000000e+00 0.000000e+00
    outer loop
      vertex   1.291412e+02 -1.128195e+01 3.625000e+01
      vertex   1.291412e+02 -1.103220e+01 8.435295e+01
      vertex   1.291412e+02 -1.128195e+01 8.375000e+01
    endloop
  endfacet
  facet normal 1.000000e+00 0.000000e+00 -0.000000e+00
    outer loop
      vertex   1.291412e+02 -1.128195e+01 3.625000e+01
      vertex   1.291412e+02 -1.128195e+01 8.375000e+01
      vertex   1.291412e+02 -1.167925e+01 8.323223e+01
    endloop
  endfacet
  facet normal 1.000000e+00 0.000000e+00 0.000000e+00
    outer loop
      vertex   1.291412e+02 -1.128195e+01 3.625000e+01
      vertex   1.291412e+02 -1.167925e+01 8.323223e+01
      vertex   1.291412e+02 -1.167925e+01 3.676777e+01
    endloop
  endfacet
  facet normal 1.000000e+00 0.000000e+00 -0.000000e+00
    outer loop
      vertex   1.291412e+02 -1.167925e+01 3.676777e+01
      vertex   1.291412e+02 -1.167925e+01 8.323223e+01
      vertex   1.291412e+02 -1.219702e+01 8.283494e+01
    endloop
  endfacet
  facet normal 1.000000e+00 0.000000e+00 0.000000e+00
    outer loop
      vertex   1.291412e+02 -1.167925e+01 3.676777e+01
      vertex   1.291412e+02 -1.219702e+01 8.283494e+01
      vertex   1.291412e+02 -1.219702e+01 3.716506e+01
    endloop
  endfacet
  facet normal 1.000000e+00 0.000000e+00 -0.000000e+00
    outer loop
      vertex   1.291412e+02 -1.219702e+01 3.716506e+01
      vertex   1.291412e+02 -1.219702e+01 8.283494e+01
      vertex   1.291412e+02 -1.279997e+01 8.258519e+01
    endloop
  endfacet
  facet normal 1.000000e+00 0.000000e+00 0.000000e+00
    outer loop
      vertex   1.291412e+02 -1.219702e+01 3.716506e+01
      vertex   1.291412e+02 -1.279997e+01 8.258519e+01
      vertex   1.291412e+02 -1.279997e+01 3.741481e+01
    endloop
  endfacet
  facet normal 1.000000e+00 0.000000e+00 0.000000e+00
    outer loop
      vertex   1.291412e+02 -1.279997e+01 3.741481e+01
      vertex   1.291412e+02 -1.279997e+01 8.258519e+01
      vertex   1.291412e+02 -1.344702e+01 8.250000e+01
    endloop
  endfacet
  facet normal 1.000000e+00 0.000000e+00 0.000000e+00
    outer loop
      vertex   1.291412e+02 -1.561208e+01 8.375000e+01
      vertex   1.291412e+02 -1.586183e+01 8.435295e+01
      vertex   1.291412e+02 -1.134470e+02 1.100000e+02
    endloop
  endfacet
  facet normal 1.000000e+00 0.000000e+00 0.000000e+00
    outer loop
      vertex   1.291412e+02 -1.586183e+01 3.435295e+01
      vertex   1.291412e+02 -1.594702e+01 3.500000e+01
      vertex   1.291412e+02 -1.134470e+02 1.000000e+00
    endloop
  endfacet
  facet normal 1.000000e+00 0.000000e+00 0.000000e+00
    outer loop
      vertex   1.291412e+02 -1.134470e+02 1.000000e+00
      vertex   1.291412e+02 -1.594702e+01 3.500000e+01
      vertex   1.291412e+02 -1.586183e+01 3.564705e+01
    endloop
  endfacet
  facet normal 1.000000e+00 0.000000e+00 0.000000e+00
    outer loop
      vertex   1.291412e+02 -1.103220e+01 3.435295e+01
      vertex   1.291412e+02 -1.128195e+01 3.375000e+01
      vertex   1.291412e+02 6.052983e+00 1.000000e+00
    endloop
  endfacet
  facet normal 1.000000e+00 0.000000e+00 0.000000e+00
    outer loop
      vertex   1.291412e+02 6.052983e+00 1.000000e+00
      vertex   1.291412e+02 -1.128195e+01 3.375000e+01
      vertex   1.291412e+02 -1.167925e+01 3.323223e+01
    endloop
  endfacet
  facet normal 1.000000e+00 0.000000e+00 0.000000e+00
    outer loop
      vertex   1.291412e+02 6.052983e+00 1.000000e+00
      vertex   1.291412e+02 -1.167925e+01 3.323223e+01
      vertex   1.291412e+02 -1.219702e+01 3.283494e+01
    endloop
  endfacet
  facet normal 1.000000e+00 0.000000e+00 0.000000e+00
    outer loop
      vertex   1.291412e+02 -1.219702e+01 3.283494e+01
      vertex   1.291412e+02 -1.279997e+01 3.258519e+01
      vertex   1.291412e+02 6.052983e+00 1.000000e+00
    endloop
  endfacet
  facet normal 1.000000e+00 0.000000e+00 0.000000e+00
    outer loop
      vertex   1.291412e+02 6.052983e+00 1.000000e+00
      vertex   1.291412e+02 -1.279997e+01 3.258519e+01
      vertex   1.291412e+02 -1.344702e+01 3.250000e+01
    endloop
  endfacet
  facet normal 1.000000e+00 0.000000e+00 0.000000e+00
    outer loop
      vertex   1.291412e+02 6.052983e+00 1.000000e+00
      vertex   1.291412e+02 -1.344702e+01 3.250000e+01
      vertex   1.291412e+02 -1.409407e+01 3.258519e+01
    endloop
  endfacet
  facet normal 1.000000e+00 0.000000e+00 0.000000e+00
    outer loop
      vertex   1.291412e+02 -1.409407e+01 3.258519e+01
      vertex   1.291412e+02 -1.469702e+01 3.283494e+01
      vertex   1.291412e+02 6.052983e+00 1.000000e+00
    endloop
  endfacet
  facet normal 1.000000e+00 0.000000e+00 0.000000e+00
    outer loop
      vertex   1.291412e+02 -1.561208e+01 3.375000e+01
      vertex   1.291412e+02 -1.586183e+01 3.435295e+01
      vertex   1.291412e+02 -1.134470e+02 1.000000e+00
    endloop
  endfacet
  facet normal -0.000000e+00 0.000000e+00 1.000000e+00
    outer loop
      vertex   1.271412e+02 -1.134470e+02 1.100000e+02
      vertex   1.291412e+02 -1.134470e+02 1.100000e+02
      vertex   1.271412e+02 3.552983e+00 1.100000e+02
    endloop
  endfacet
  facet normal -0.000000e+00 0.000000e+00 1.000000e+00
    outer loop
      vertex   1.271412e+02 3.552983e+00 1.100000e+02
      vertex   1.291412e+02 -1.134470e+02 1.100000e+02
      vertex   1.291412e+02 6.052983e+00 1.100000e+02
    endloop
  endfacet
  facet normal 0.000000e+00 -0.000000e+00 1.000000e+00
    outer loop
      vertex   1.271412e+02 3.552983e+00 1.100000e+02
      vertex   1.291412e+02 6.052983e+00 1.100000e+02
      vertex   6.314124e+01 3.552983e+00 1.100000e+02
    endloop
  endfacet
  facet normal 0.000000e+00 -0.000000e+00 1.000000e+00
    outer loop
      vertex   6.314124e+01 3.552983e+00 1.100000e+02
      vertex   1.291412e+02 6.052983e+00 1.100000e+02
      vertex   6.014124e+01 6.052983e+00 1.100000e+02
    endloop
  endfacet
  facet normal 0.000000e+00 0.000000e+00 1.000000e+00
    outer loop
      vertex   6.314124e+01 3.552983e+00 1.100000e+02
      vertex   6.014124e+01 6.052983e+00 1.100000e+02
      vertex   5.972912e+01 3.436421e+00 1.100000e+02
    endloop
  endfacet
  facet normal 0.000000e+00 -0.000000e+00 1.000000e+00
    outer loop
      vertex   5.972912e+01 3.436421e+00 1.100000e+02
      vertex   6.014124e+01 6.052983e+00 1.100000e+02
      vertex   5.660995e+01 5.926862e+00 1.100000e+02
    endloop
  endfacet
  facet normal 0.000000e+00 0.000000e+00 1.000000e+00
    outer loop
      vertex   5.972912e+01 3.436421e+00 1.100000e+02
      vertex   5.660995e+01 5.926862e+00 1.100000e+02
      vertex   5.633290e+01 3.087280e+00 1.100000e+02
    endloop
  endfacet
  facet normal 0.000000e+00 -0.000000e+00 1.000000e+00
    outer loop
      vertex   5.633290e+01 3.087280e+00 1.100000e+02
      vertex   5.660995e+01 5.926862e+00 1.100000e+02
      vertex   5.309665e+01 5.549144e+00 1.100000e+02
    endloop
  endfacet
  facet normal 0.000000e+00 0.000000e+00 1.000000e+00
    outer loop
      vertex   5.633290e+01 3.087280e+00 1.100000e+02
      vertex   5.309665e+01 5.549144e+00 1.100000e+02
      vertex   5.296844e+01 2.507187e+00 1.100000e+02
    endloop
  endfacet
  facet normal 0.000000e+00 -0.000000e+00 1.000000e+00
    outer loop
      vertex   5.296844e+01 2.507187e+00 1.100000e+02
      vertex   5.309665e+01 5.549144e+00 1.100000e+02
      vertex   4.961926e+01 4.921752e+00 1.100000e+02
    endloop
  endfacet
  facet normal 0.000000e+00 0.000000e+00 1.000000e+00
    outer loop
      vertex   5.296844e+01 2.507187e+00 1.100000e+02
      vertex   4.961926e+01 4.921752e+00 1.100000e+02
      vertex   4.965140e+01 1.698847e+00 1.100000e+02
    endloop
  endfacet
  facet normal 0.000000e+00 0.000000e+00 1.000000e+00
    outer loop
      vertex   4.965140e+01 1.698847e+00 1.100000e+02
      vertex   4.961926e+01 4.921752e+00 1.100000e+02
      vertex   4.619548e+01 4.047885e+00 1.100000e+02
    endloop
  endfacet
  facet normal 0.000000e+00 0.000000e+00 1.000000e+00
    outer loop
      vertex   4.965140e+01 1.698847e+00 1.100000e+02
      vertex   4.619548e+01 4.047885e+00 1.100000e+02
      vertex   4.639726e+01 6.660287e-01 1.100000e+02
    endloop
  endfacet
  facet normal 0.000000e+00 0.000000e+00 1.000000e+00
    outer loop
      vertex   4.639726e+01 6.660287e-01 1.100000e+02
      vertex   4.619548e+01 4.047885e+00 1.100000e+02
      vertex   4.284276e+01 2.931994e+00 1.100000e+02
    endloop
  endfacet
  facet normal 0.000000e+00 0.000000e+00 1.000000e+00
    outer loop
      vertex   4.639726e+01 6.660287e-01 1.100000e+02
      vertex   4.284276e+01 2.931994e+00 1.100000e+02
      vertex   4.322118e+01 -5.864523e-01 1.100000e+02
    endloop
  endfacet
  facet normal 0.000000e+00 0.000000e+00 1.000000e+00
    outer loop
      vertex   4.322118e+01 -5.864523e-01 1.100000e+02
      vertex   4.284276e+01 2.931994e+00 1.100000e+02
      vertex   3.957819e+01 1.579766e+00 1.100000e+02
    endloop
  endfacet
  facet normal 0.000000e+00 0.000000e+00 1.000000e+00
    outer loop
      vertex   4.322118e+01 -5.864523e-01 1.100000e+02
      vertex   3.957819e+01 1.579766e+00 1.100000e+02
      vertex   4.013799e+01 -2.052756e+00 1.100000e+02
    endloop
  endfacet
  facet normal 0.000000e+00 0.000000e+00 1.000000e+00
    outer loop
      vertex   4.013799e+01 -2.052756e+00 1.100000e+02
      vertex   3.957819e+01 1.579766e+00 1.100000e+02
      vertex   3.641841e+01 -1.907418e-03 1.100000e+02
    endloop
  endfacet
  facet normal 0.000000e+00 0.000000e+00 1.000000e+00
    outer loop
      vertex   4.013799e+01 -2.052756e+00 1.100000e+02
      vertex   3.641841e+01 -1.907418e-03 1.100000e+02
      vertex   3.716204e+01 -3.726047e+00 1.100000e+02
    endloop
  endfacet
  facet normal 0.000000e+00 0.000000e+00 1.000000e+00
    outer loop
      vertex   3.716204e+01 -3.726047e+00 1.100000e+02
      vertex   3.641841e+01 -1.907418e-03 1.100000e+02
      vertex   3.337952e+01 -1.804968e+00 1.100000e+02
    endloop
  endfacet
  facet normal 0.000000e+00 0.000000e+00 1.000000e+00
    outer loop
      vertex   3.716204e+01 -3.726047e+00 1.100000e+02
      vertex   3.337952e+01 -1.804968e+00 1.100000e+02
      vertex   3.430722e+01 -5.598523e+00 1.100000e+02
    endloop
  endfacet
  facet normal 0.000000e+00 0.000000e+00 1.000000e+00
    outer loop
      vertex   3.430722e+01 -5.598523e+00 1.100000e+02
      vertex   3.337952e+01 -1.804968e+00 1.100000e+02
      vertex   3.047699e+01 -3.820226e+00 1.100000e+02
    endloop
  endfacet
  facet normal 0.000000e+00 0.000000e+00 1.000000e+00
    outer loop
      vertex   3.430722e+01 -5.598523e+00 1.100000e+02
      vertex   3.047699e+01 -3.820226e+00 1.100000e+02
      vertex   3.158684e+01 -7.661453e+00 1.100000e+02
    endloop
  endfacet
  facet normal 0.000000e+00 0.000000e+00 1.000000e+00
    outer loop
      vertex   3.158684e+01 -7.661453e+00 1.100000e+02
      vertex   3.047699e+01 -3.820226e+00 1.100000e+02
      vertex   2.772563e+01 -6.037413e+00 1.100000e+02
    endloop
  endfacet
  facet normal 0.000000e+00 0.000000e+00 1.000000e+00
    outer loop
      vertex   3.158684e+01 -7.661453e+00 1.100000e+02
      vertex   2.772563e+01 -6.037413e+00 1.100000e+02
      vertex   2.901358e+01 -9.905219e+00 1.100000e+02
    endloop
  endfacet
  facet normal 0.000000e+00 0.000000e+00 1.000000e+00
    outer loop
      vertex   2.901358e+01 -9.905219e+00 1.100000e+02
      vertex   2.772563e+01 -6.037413e+00 1.100000e+02
      vertex   2.513945e+01 -8.445232e+00 1.100000e+02
    endloop
  endfacet
  facet normal 0.000000e+00 0.000000e+00 1.000000e+00
    outer loop
      vertex   2.901358e+01 -9.905219e+00 1.100000e+02
      vertex   2.513945e+01 -8.445232e+00 1.100000e+02
      vertex   2.659944e+01 -1.231936e+01 1.100000e+02
    endloop
  endfacet
  facet normal 0.000000e+00 0.000000e+00 1.000000e+00
    outer loop
      vertex   2.659944e+01 -1.231936e+01 1.100000e+02
      vertex   2.513945e+01 -8.445232e+00 1.100000e+02
      vertex   2.273163e+01 -1.103141e+01 1.100000e+02
    endloop
  endfacet
  facet normal 0.000000e+00 0.000000e+00 1.000000e+00
    outer loop
      vertex   2.659944e+01 -1.231936e+01 1.100000e+02
      vertex   2.273163e+01 -1.103141e+01 1.100000e+02
      vertex   2.435567e+01 -1.489262e+01 1.100000e+02
    endloop
  endfacet
  facet normal 0.000000e+00 0.000000e+00 1.000000e+00
    outer loop
      vertex   2.435567e+01 -1.489262e+01 1.100000e+02
      vertex   2.273163e+01 -1.103141e+01 1.100000e+02
      vertex   2.051445e+01 -1.378277e+01 1.100000e+02
    endloop
  endfacet
  facet normal 0.000000e+00 0.000000e+00 1.000000e+00
    outer loop
      vertex   2.435567e+01 -1.489262e+01 1.100000e+02
      vertex   2.051445e+01 -1.378277e+01 1.100000e+02
      vertex   2.229274e+01 -1.761300e+01 1.100000e+02
    endloop
  endfacet
  facet normal 0.000000e+00 0.000000e+00 1.000000e+00
    outer loop
      vertex   2.229274e+01 -1.761300e+01 1.100000e+02
      vertex   2.051445e+01 -1.378277e+01 1.100000e+02
      vertex   1.849919e+01 -1.668530e+01 1.100000e+02
    endloop
  endfacet
  facet normal 0.000000e+00 0.000000e+00 1.000000e+00
    outer loop
      vertex   2.229274e+01 -1.761300e+01 1.100000e+02
      vertex   1.849919e+01 -1.668530e+01 1.100000e+02
      vertex   2.042027e+01 -2.046782e+01 1.100000e+02
    endloop
  endfacet
  facet normal 0.000000e+00 0.000000e+00 1.000000e+00
    outer loop
      vertex   2.042027e+01 -2.046782e+01 1.100000e+02
      vertex   1.849919e+01 -1.668530e+01 1.100000e+02
      vertex   1.669613e+01 -1.972419e+01 1.100000e+02
    endloop
  endfacet
  facet normal 0.000000e+00 0.000000e+00 1.000000e+00
    outer loop
      vertex   2.042027e+01 -2.046782e+01 1.100000e+02
      vertex   1.669613e+01 -1.972419e+01 1.100000e+02
      vertex   1.874698e+01 -2.344377e+01 1.100000e+02
    endloop
  endfacet
  facet normal 0.000000e+00 0.000000e+00 1.000000e+00
    outer loop
      vertex   1.874698e+01 -2.344377e+01 1.100000e+02
      vertex   1.669613e+01 -1.972419e+01 1.100000e+02
      vertex   1.511445e+01 -2.288397e+01 1.100000e+02
    endloop
  endfacet
  facet normal 0.000000e+00 0.000000e+00 1.000000e+00
    outer loop
      vertex   1.874698e+01 -2.344377e+01 1.100000e+02
      vertex   1.511445e+01 -2.288397e+01 1.100000e+02
      vertex   1.728067e+01 -2.652696e+01 1.100000e+02
    endloop
  endfacet
  facet normal 0.000000e+00 0.000000e+00 1.000000e+00
    outer loop
      vertex   1.728067e+01 -2.652696e+01 1.100000e+02
      vertex   1.511445e+01 -2.288397e+01 1.100000e+02
      vertex   1.376223e+01 -2.614854e+01 1.100000e+02
    endloop
  endfacet
  facet normal 0.000000e+00 0.000000e+00 1.000000e+00
    outer loop
      vertex   1.728067e+01 -2.652696e+01 1.100000e+02
      vertex   1.376223e+01 -2.614854e+01 1.100000e+02
      vertex   1.602819e+01 -2.970304e+01 1.100000e+02
    endloop
  endfacet
  facet normal 0.000000e+00 0.000000e+00 1.000000e+00
    outer loop
      vertex   1.602819e+01 -2.970304e+01 1.100000e+02
      vertex   1.376223e+01 -2.614854e+01 1.100000e+02
      vertex   1.264633e+01 -2.950126e+01 1.100000e+02
    endloop
  endfacet
  facet normal 0.000000e+00 0.000000e+00 1.000000e+00
    outer loop
      vertex   1.602819e+01 -2.970304e+01 1.100000e+02
      vertex   1.264633e+01 -2.950126e+01 1.100000e+02
      vertex   1.499537e+01 -3.295718e+01 1.100000e+02
    endloop
  endfacet
  facet normal 0.000000e+00 0.000000e+00 1.000000e+00
    outer loop
      vertex   1.499537e+01 -3.295718e+01 1.100000e+02
      vertex   1.264633e+01 -2.950126e+01 1.100000e+02
      vertex   1.177247e+01 -3.292504e+01 1.100000e+02
    endloop
  endfacet
  facet normal 0.000000e+00 0.000000e+00 1.000000e+00
    outer loop
      vertex   1.499537e+01 -3.295718e+01 1.100000e+02
      vertex   1.177247e+01 -3.292504e+01 1.100000e+02
      vertex   1.418703e+01 -3.627422e+01 1.100000e+02
    endloop
  endfacet
  facet normal 0.000000e+00 0.000000e+00 1.000000e+00
    outer loop
      vertex   1.418703e+01 -3.627422e+01 1.100000e+02
      vertex   1.177247e+01 -3.292504e+01 1.100000e+02
      vertex   1.114508e+01 -3.640243e+01 1.100000e+02
    endloop
  endfacet
  facet normal 0.000000e+00 0.000000e+00 1.000000e+00
    outer loop
      vertex   1.418703e+01 -3.627422e+01 1.100000e+02
      vertex   1.114508e+01 -3.640243e+01 1.100000e+02
      vertex   1.360694e+01 -3.963868e+01 1.100000e+02
    endloop
  endfacet
  facet normal 0.000000e+00 0.000000e+00 1.000000e+00
    outer loop
      vertex   1.360694e+01 -3.963868e+01 1.100000e+02
      vertex   1.114508e+01 -3.640243e+01 1.100000e+02
      vertex   1.076736e+01 -3.991573e+01 1.100000e+02
    endloop
  endfacet
  facet normal 0.000000e+00 0.000000e+00 1.000000e+00
    outer loop
      vertex   1.360694e+01 -3.963868e+01 1.100000e+02
      vertex   1.076736e+01 -3.991573e+01 1.100000e+02
      vertex   1.325780e+01 -4.303490e+01 1.100000e+02
    endloop
  endfacet
  facet normal 0.000000e+00 0.000000e+00 1.000000e+00
    outer loop
      vertex   1.325780e+01 -4.303490e+01 1.100000e+02
      vertex   1.076736e+01 -3.991573e+01 1.100000e+02
      vertex   1.064124e+01 -4.344702e+01 1.100000e+02
    endloop
  endfacet
  facet normal 0.000000e+00 0.000000e+00 1.000000e+00
    outer loop
      vertex   1.325780e+01 -4.303490e+01 1.100000e+02
      vertex   1.064124e+01 -4.344702e+01 1.100000e+02
      vertex   1.314124e+01 -4.644702e+01 1.100000e+02
    endloop
  endfacet
  facet normal 0.000000e+00 0.000000e+00 1.000000e+00
    outer loop
      vertex   1.314124e+01 -4.644702e+01 1.100000e+02
      vertex   1.064124e+01 -4.344702e+01 1.100000e+02
      vertex   1.064124e+01 -1.134470e+02 1.100000e+02
    endloop
  endfacet
  facet normal 0.000000e+00 0.000000e+00 1.000000e+00
    outer loop
      vertex   1.314124e+01 -4.644702e+01 1.100000e+02
      vertex   1.064124e+01 -1.134470e+02 1.100000e+02
      vertex   1.314124e+01 -1.114470e+02 1.100000e+02
    endloop
  endfacet
  facet normal 0.000000e+00 0.000000e+00 1.000000e+00
    outer loop
      vertex   1.314124e+01 -1.114470e+02 1.100000e+02
      vertex   1.064124e+01 -1.134470e+02 1.100000e+02
      vertex   1.171412e+02 -1.134470e+02 1.100000e+02
    endloop
  endfacet
  facet normal -0.000000e+00 0.000000e+00 1.000000e+00
    outer loop
      vertex   1.314124e+01 -1.114470e+02 1.100000e+02
      vertex   1.171412e+02 -1.134470e+02 1.100000e+02
      vertex   1.171412e+02 -1.114470e+02 1.100000e+02
    endloop
  endfacet
  facet normal -1.287215e-17 1.000000e+00 0.000000e+00
    outer loop
      vertex   1.291412e+02 6.052983e+00 1.000000e+00
      vertex   6.014124e+01 6.052983e+00 1.000000e+00
      vertex   1.291412e+02 6.052983e+00 1.100000e+02
    endloop
  endfacet
  facet normal -1.287215e-17 1.000000e+00 0.000000e+00
    outer loop
      vertex   1.291412e+02 6.052983e+00 1.100000e+02
      vertex   6.014124e+01 6.052983e+00 1.000000e+00
      vertex   6.014124e+01 6.052983e+00 1.100000e+02
    endloop
  endfacet
  facet normal 0.000000e+00 9.932384e-01 1.160929e-01
    outer loop
      vertex   1.276412e+02 -1.782572e+01 3.396223e+01
      vertex   1.271412e+02 -1.782572e+01 3.396223e+01
      vertex   1.276412e+02 -1.794702e+01 3.500000e+01
    endloop
  endfacet
  facet normal 0.000000e+00 9.932384e-01 1.160929e-01
    outer loop
      vertex   1.276412e+02 -1.794702e+01 3.500000e+01
      vertex   1.271412e+02 -1.782572e+01 3.396223e+01
      vertex   1.271412e+02 -1.794702e+01 3.500000e+01
    endloop
  endfacet
  facet normal 0.000000e+00 9.932384e-01 -1.160929e-01
    outer loop
      vertex   1.276412e+02 -1.794702e+01 3.500000e+01
      vertex   1.271412e+02 -1.794702e+01 3.500000e+01
      vertex   1.276412e+02 -1.782572e+01 3.603777e+01
    endloop
  endfacet
  facet normal 0.000000e+00 9.932384e-01 -1.160929e-01
    outer loop
      vertex   1.276412e+02 -1.782572e+01 3.603777e+01
      vertex   1.271412e+02 -1.794702e+01 3.500000e+01
      vertex   1.271412e+02 -1.782572e+01 3.603777e+01
    endloop
  endfacet
  facet normal 0.000000e+00 9.396926e-01 -3.420201e-01
    outer loop
      vertex   1.276412e+02 -1.782572e+01 3.603777e+01
      vertex   1.271412e+02 -1.782572e+01 3.603777e+01
      vertex   1.276412e+02 -1.746836e+01 3.701960e+01
    endloop
  endfacet
  facet normal 0.000000e+00 9.396926e-01 -3.420201e-01
    outer loop
      vertex   1.276412e+02 -1.746836e+01 3.701960e+01
      vertex   1.271412e+02 -1.782572e+01 3.603777e+01
      vertex   1.271412e+02 -1.746836e+01 3.701960e+01
    endloop
  endfacet
  facet normal 0.000000e+00 8.354878e-01 -5.495090e-01
    outer loop
      vertex   1.276412e+02 -1.746836e+01 3.701960e+01
      vertex   1.271412e+02 -1.746836e+01 3.701960e+01
      vertex   1.276412e+02 -1.689422e+01 3.789254e+01
    endloop
  endfacet
  facet normal 0.000000e+00 8.354878e-01 -5.495090e-01
    outer loop
      vertex   1.276412e+02 -1.689422e+01 3.789254e+01
      vertex   1.271412e+02 -1.746836e+01 3.701960e+01
      vertex   1.271412e+02 -1.689422e+01 3.789254e+01
    endloop
  endfacet
  facet normal 0.000000e+00 6.862416e-01 -7.273736e-01
    outer loop
      vertex   1.276412e+02 -1.689422e+01 3.789254e+01
      vertex   1.271412e+02 -1.689422e+01 3.789254e+01
      vertex   1.276412e+02 -1.613423e+01 3.860955e+01
    endloop
  endfacet
  facet normal 0.000000e+00 6.862416e-01 -7.273736e-01
    outer loop
      vertex   1.276412e+02 -1.613423e+01 3.860955e+01
      vertex   1.271412e+02 -1.689422e+01 3.789254e+01
      vertex   1.271412e+02 -1.613423e+01 3.860955e+01
    endloop
  endfacet
  facet normal 0.000000e+00 5.000000e-01 -8.660254e-01
    outer loop
      vertex   1.276412e+02 -1.613423e+01 3.860955e+01
      vertex   1.271412e+02 -1.613423e+01 3.860955e+01
      vertex   1.276412e+02 -1.522938e+01 3.913197e+01
    endloop
  endfacet
  facet normal 0.000000e+00 5.000000e-01 -8.660254e-01
    outer loop
      vertex   1.276412e+02 -1.522938e+01 3.913197e+01
      vertex   1.271412e+02 -1.613423e+01 3.860955e+01
      vertex   1.271412e+02 -1.522938e+01 3.913197e+01
    endloop
  endfacet
  facet normal 0.000000e+00 2.868032e-01 -9.579895e-01
    outer loop
      vertex   1.276412e+02 -1.522938e+01 3.913197e+01
      vertex   1.271412e+02 -1.522938e+01 3.913197e+01
      vertex   1.276412e+02 -1.422843e+01 3.943163e+01
    endloop
  endfacet
  facet normal 0.000000e+00 2.868032e-01 -9.579895e-01
    outer loop
      vertex   1.276412e+02 -1.422843e+01 3.943163e+01
      vertex   1.271412e+02 -1.522938e+01 3.913197e+01
      vertex   1.271412e+02 -1.422843e+01 3.943163e+01
    endloop
  endfacet
  facet normal 0.000000e+00 5.814483e-02 -9.983082e-01
    outer loop
      vertex   1.276412e+02 -1.422843e+01 3.943163e+01
      vertex   1.271412e+02 -1.422843e+01 3.943163e+01
      vertex   1.276412e+02 -1.318537e+01 3.949239e+01
    endloop
  endfacet
  facet normal 0.000000e+00 5.814483e-02 -9.983082e-01
    outer loop
      vertex   1.276412e+02 -1.318537e+01 3.949239e+01
      vertex   1.271412e+02 -1.422843e+01 3.943163e+01
      vertex   1.271412e+02 -1.318537e+01 3.949239e+01
    endloop
  endfacet
  facet normal -0.000000e+00 -1.736482e-01 -9.848078e-01
    outer loop
      vertex   1.276412e+02 -1.318537e+01 3.949239e+01
      vertex   1.271412e+02 -1.318537e+01 3.949239e+01
      vertex   1.276412e+02 -1.215640e+01 3.931095e+01
    endloop
  endfacet
  facet normal -0.000000e+00 -1.736482e-01 -9.848078e-01
    outer loop
      vertex   1.276412e+02 -1.215640e+01 3.931095e+01
      vertex   1.271412e+02 -1.318537e+01 3.949239e+01
      vertex   1.271412e+02 -1.215640e+01 3.931095e+01
    endloop
  endfacet
  facet normal -0.000000e+00 -3.960798e-01 -9.182161e-01
    outer loop
      vertex   1.276412e+02 -1.215640e+01 3.931095e+01
      vertex   1.271412e+02 -1.215640e+01 3.931095e+01
      vertex   1.276412e+02 -1.119702e+01 3.889711e+01
    endloop
  endfacet
  facet normal -0.000000e+00 -3.960798e-01 -9.182161e-01
    outer loop
      vertex   1.276412e+02 -1.119702e+01 3.889711e+01
      vertex   1.271412e+02 -1.215640e+01 3.931095e+01
      vertex   1.271412e+02 -1.119702e+01 3.889711e+01
    endloop
  endfacet
  facet normal -0.000000e+00 -5.971586e-01 -8.021232e-01
    outer loop
      vertex   1.276412e+02 -1.119702e+01 3.889711e+01
      vertex   1.271412e+02 -1.119702e+01 3.889711e+01
      vertex   1.276412e+02 -1.035893e+01 3.827318e+01
    endloop
  endfacet
  facet normal -0.000000e+00 -5.971586e-01 -8.021232e-01
    outer loop
      vertex   1.276412e+02 -1.035893e+01 3.827318e+01
      vertex   1.271412e+02 -1.119702e+01 3.889711e+01
      vertex   1.271412e+02 -1.035893e+01 3.827318e+01
    endloop
  endfacet
  facet normal -0.000000e+00 -7.660444e-01 -6.427876e-01
    outer loop
      vertex   1.276412e+02 -1.035893e+01 3.827318e+01
      vertex   1.271412e+02 -1.035893e+01 3.827318e+01
      vertex   1.276412e+02 -9.687322e+00 3.747279e+01
    endloop
  endfacet
  facet normal -0.000000e+00 -7.660444e-01 -6.427876e-01
    outer loop
      vertex   1.276412e+02 -9.687322e+00 3.747279e+01
      vertex   1.271412e+02 -1.035893e+01 3.827318e+01
      vertex   1.271412e+02 -9.687322e+00 3.747279e+01
    endloop
  endfacet
  facet normal -0.000000e+00 -8.936326e-01 -4.487992e-01
    outer loop
      vertex   1.276412e+02 -9.687322e+00 3.747279e+01
      vertex   1.271412e+02 -9.687322e+00 3.747279e+01
      vertex   1.276412e+02 -9.218401e+00 3.653909e+01
    endloop
  endfacet
  facet normal -0.000000e+00 -8.936326e-01 -4.487992e-01
    outer loop
      vertex   1.276412e+02 -9.218401e+00 3.653909e+01
      vertex   1.271412e+02 -9.687322e+00 3.747279e+01
      vertex   1.271412e+02 -9.218401e+00 3.653909e+01
    endloop
  endfacet
  facet normal -0.000000e+00 -9.730449e-01 -2.306159e-01
    outer loop
      vertex   1.276412e+02 -9.218401e+00 3.653909e+01
      vertex   1.271412e+02 -9.218401e+00 3.653909e+01
      vertex   1.276412e+02 -8.977445e+00 3.552242e+01
    endloop
  endfacet
  facet normal -0.000000e+00 -9.730449e-01 -2.306159e-01
    outer loop
      vertex   1.276412e+02 -8.977445e+00 3.552242e+01
      vertex   1.271412e+02 -9.218401e+00 3.653909e+01
      vertex   1.271412e+02 -8.977445e+00 3.552242e+01
    endloop
  endfacet
  facet normal -0.000000e+00 -1.000000e+00 -0.000000e+00
    outer loop
      vertex   1.276412e+02 -8.977445e+00 3.552242e+01
      vertex   1.271412e+02 -8.977445e+00 3.552242e+01
      vertex   1.276412e+02 -8.977445e+00 3.447758e+01
    endloop
  endfacet
  facet normal 0.000000e+00 -1.000000e+00 0.000000e+00
    outer loop
      vertex   1.276412e+02 -8.977445e+00 3.447758e+01
      vertex   1.271412e+02 -8.977445e+00 3.552242e+01
      vertex   1.271412e+02 -8.977445e+00 3.447758e+01
    endloop
  endfacet
  facet normal 0.000000e+00 -9.730449e-01 2.306159e-01
    outer loop
      vertex   1.276412e+02 -8.977445e+00 3.447758e+01
      vertex   1.271412e+02 -8.977445e+00 3.447758e+01
      vertex   1.276412e+02 -9.218401e+00 3.346091e+01
    endloop
  endfacet
  facet normal 0.000000e+00 -9.730449e-01 2.306159e-01
    outer loop
      vertex   1.276412e+02 -9.218401e+00 3.346091e+01
      vertex   1.271412e+02 -8.977445e+00 3.447758e+01
      vertex   1.271412e+02 -9.218401e+00 3.346091e+01
    endloop
  endfacet
  facet normal 0.000000e+00 -8.936326e-01 4.487992e-01
    outer loop
      vertex   1.276412e+02 -9.218401e+00 3.346091e+01
      vertex   1.271412e+02 -9.218401e+00 3.346091e+01
      vertex   1.276412e+02 -9.687322e+00 3.252721e+01
    endloop
  endfacet
  facet normal 0.000000e+00 -8.936326e-01 4.487992e-01
    outer loop
      vertex   1.276412e+02 -9.687322e+00 3.252721e+01
      vertex   1.271412e+02 -9.218401e+00 3.346091e+01
      vertex   1.271412e+02 -9.687322e+00 3.252721e+01
    endloop
  endfacet
  facet normal 0.000000e+00 -7.660444e-01 6.427876e-01
    outer loop
      vertex   1.276412e+02 -9.687322e+00 3.252721e+01
      vertex   1.271412e+02 -9.687322e+00 3.252721e+01
      vertex   1.276412e+02 -1.035893e+01 3.172682e+01
    endloop
  endfacet
  facet normal 0.000000e+00 -7.660444e-01 6.427876e-01
    outer loop
      vertex   1.276412e+02 -1.035893e+01 3.172682e+01
      vertex   1.271412e+02 -9.687322e+00 3.252721e+01
      vertex   1.271412e+02 -1.035893e+01 3.172682e+01
    endloop
  endfacet
  facet normal 0.000000e+00 -5.971586e-01 8.021232e-01
    outer loop
      vertex   1.276412e+02 -1.035893e+01 3.172682e+01
      vertex   1.271412e+02 -1.035893e+01 3.172682e+01
      vertex   1.276412e+02 -1.119702e+01 3.110289e+01
    endloop
  endfacet
  facet normal 0.000000e+00 -5.971586e-01 8.021232e-01
    outer loop
      vertex   1.276412e+02 -1.119702e+01 3.110289e+01
      vertex   1.271412e+02 -1.035893e+01 3.172682e+01
      vertex   1.271412e+02 -1.119702e+01 3.110289e+01
    endloop
  endfacet
  facet normal 0.000000e+00 -3.960798e-01 9.182161e-01
    outer loop
      vertex   1.276412e+02 -1.119702e+01 3.110289e+01
      vertex   1.271412e+02 -1.119702e+01 3.110289e+01
      vertex   1.276412e+02 -1.215640e+01 3.068905e+01
    endloop
  endfacet
  facet normal 0.000000e+00 -3.960798e-01 9.182161e-01
    outer loop
      vertex   1.276412e+02 -1.215640e+01 3.068905e+01
      vertex   1.271412e+02 -1.119702e+01 3.110289e+01
      vertex   1.271412e+02 -1.215640e+01 3.068905e+01
    endloop
  endfacet
  facet normal 0.000000e+00 -1.736482e-01 9.848078e-01
    outer loop
      vertex   1.276412e+02 -1.215640e+01 3.068905e+01
      vertex   1.271412e+02 -1.215640e+01 3.068905e+01
      vertex   1.276412e+02 -1.318537e+01 3.050761e+01
    endloop
  endfacet
  facet normal 0.000000e+00 -1.736482e-01 9.848078e-01
    outer loop
      vertex   1.276412e+02 -1.318537e+01 3.050761e+01
      vertex   1.271412e+02 -1.215640e+01 3.068905e+01
      vertex   1.271412e+02 -1.318537e+01 3.050761e+01
    endloop
  endfacet
  facet normal 0.000000e+00 5.814483e-02 9.983082e-01
    outer loop
      vertex   1.276412e+02 -1.318537e+01 3.050761e+01
      vertex   1.271412e+02 -1.318537e+01 3.050761e+01
      vertex   1.276412e+02 -1.422843e+01 3.056837e+01
    endloop
  endfacet
  facet normal 0.000000e+00 5.814483e-02 9.983082e-01
    outer loop
      vertex   1.276412e+02 -1.422843e+01 3.056837e+01
      vertex   1.271412e+02 -1.318537e+01 3.050761e+01
      vertex   1.271412e+02 -1.422843e+01 3.056837e+01
    endloop
  endfacet
  facet normal 0.000000e+00 2.868032e-01 9.579895e-01
    outer loop
      vertex   1.276412e+02 -1.422843e+01 3.056837e+01
      vertex   1.271412e+02 -1.422843e+01 3.056837e+01
      vertex   1.276412e+02 -1.522938e+01 3.086803e+01
    endloop
  endfacet
  facet normal 0.000000e+00 2.868032e-01 9.579895e-01
    outer loop
      vertex   1.276412e+02 -1.522938e+01 3.086803e+01
      vertex   1.271412e+02 -1.422843e+01 3.056837e+01
      vertex   1.271412e+02 -1.522938e+01 3.086803e+01
    endloop
  endfacet
  facet normal 0.000000e+00 5.000000e-01 8.660254e-01
    outer loop
      vertex   1.276412e+02 -1.522938e+01 3.086803e+01
      vertex   1.271412e+02 -1.522938e+01 3.086803e+01
      vertex   1.276412e+02 -1.613423e+01 3.139045e+01
    endloop
  endfacet
  facet normal 0.000000e+00 5.000000e-01 8.660254e-01
    outer loop
      vertex   1.276412e+02 -1.613423e+01 3.139045e+01
      vertex   1.271412e+02 -1.522938e+01 3.086803e+01
      vertex   1.271412e+02 -1.613423e+01 3.139045e+01
    endloop
  endfacet
  facet normal 0.000000e+00 6.862416e-01 7.273736e-01
    outer loop
      vertex   1.276412e+02 -1.613423e+01 3.139045e+01
      vertex   1.271412e+02 -1.613423e+01 3.139045e+01
      vertex   1.276412e+02 -1.689422e+01 3.210746e+01
    endloop
  endfacet
  facet normal 0.000000e+00 6.862416e-01 7.273736e-01
    outer loop
      vertex   1.276412e+02 -1.689422e+01 3.210746e+01
      vertex   1.271412e+02 -1.613423e+01 3.139045e+01
      vertex   1.271412e+02 -1.689422e+01 3.210746e+01
    endloop
  endfacet
  facet normal 0.000000e+00 8.354878e-01 5.495090e-01
    outer loop
      vertex   1.276412e+02 -1.689422e+01 3.210746e+01
      vertex   1.271412e+02 -1.689422e+01 3.210746e+01
      vertex   1.276412e+02 -1.746836e+01 3.298040e+01
    endloop
  endfacet
  facet normal 0.000000e+00 8.354878e-01 5.495090e-01
    outer loop
      vertex   1.276412e+02 -1.746836e+01 3.298040e+01
      vertex   1.271412e+02 -1.689422e+01 3.210746e+01
      vertex   1.271412e+02 -1.746836e+01 3.298040e+01
    endloop
  endfacet
  facet normal 0.000000e+00 9.396926e-01 3.420201e-01
    outer loop
      vertex   1.276412e+02 -1.746836e+01 3.298040e+01
      vertex   1.271412e+02 -1.746836e+01 3.298040e+01
      vertex   1.276412e+02 -1.782572e+01 3.396223e+01
    endloop
  endfacet
  facet normal 0.000000e+00 9.396926e-01 3.420201e-01
    outer loop
      vertex   1.276412e+02 -1.782572e+01 3.396223e+01
      vertex   1.271412e+02 -1.746836e+01 3.298040e+01
      vertex   1.271412e+02 -1.782572e+01 3.396223e+01
    endloop
  endfacet
  facet normal -1.000000e+00 -0.000000e+00 0.000000e+00
    outer loop
      vertex   1.276412e+02 -1.586183e+01 3.435295e+01
      vertex   1.276412e+02 -1.782572e+01 3.396223e+01
      vertex   1.276412e+02 -1.594702e+01 3.500000e+01
    endloop
  endfacet
  facet normal -1.000000e+00 -0.000000e+00 0.000000e+00
    outer loop
      vertex   1.276412e+02 -1.594702e+01 3.500000e+01
      vertex   1.276412e+02 -1.782572e+01 3.396223e+01
      vertex   1.276412e+02 -1.794702e+01 3.500000e+01
    endloop
  endfacet
  facet normal -1.000000e+00 0.000000e+00 0.000000e+00
    outer loop
      vertex   1.276412e+02 -1.594702e+01 3.500000e+01
      vertex   1.276412e+02 -1.794702e+01 3.500000e+01
      vertex   1.276412e+02 -1.782572e+01 3.603777e+01
    endloop
  endfacet
  facet normal -1.000000e+00 0.000000e+00 0.000000e+00
    outer loop
      vertex   1.276412e+02 -1.782572e+01 3.396223e+01
      vertex   1.276412e+02 -1.586183e+01 3.435295e+01
      vertex   1.276412e+02 -1.746836e+01 3.298040e+01
    endloop
  endfacet
  facet normal -1.000000e+00 0.000000e+00 0.000000e+00
    outer loop
      vertex   1.276412e+02 -1.746836e+01 3.298040e+01
      vertex   1.276412e+02 -1.586183e+01 3.435295e+01
      vertex   1.276412e+02 -1.561208e+01 3.375000e+01
    endloop
  endfacet
  facet normal -1.000000e+00 0.000000e+00 0.000000e+00
    outer loop
      vertex   1.276412e+02 -1.746836e+01 3.298040e+01
      vertex   1.276412e+02 -1.561208e+01 3.375000e+01
      vertex   1.276412e+02 -1.689422e+01 3.210746e+01
    endloop
  endfacet
  facet normal -1.000000e+00 0.000000e+00 0.000000e+00
    outer loop
      vertex   1.276412e+02 -1.689422e+01 3.210746e+01
      vertex   1.276412e+02 -1.561208e+01 3.375000e+01
      vertex   1.276412e+02 -1.521478e+01 3.323223e+01
    endloop
  endfacet
  facet normal -1.000000e+00 0.000000e+00 0.000000e+00
    outer loop
      vertex   1.276412e+02 -1.689422e+01 3.210746e+01
      vertex   1.276412e+02 -1.521478e+01 3.323223e+01
      vertex   1.276412e+02 -1.613423e+01 3.139045e+01
    endloop
  endfacet
  facet normal -1.000000e+00 0.000000e+00 0.000000e+00
    outer loop
      vertex   1.276412e+02 -1.613423e+01 3.139045e+01
      vertex   1.276412e+02 -1.521478e+01 3.323223e+01
      vertex   1.276412e+02 -1.469702e+01 3.283494e+01
    endloop
  endfacet
  facet normal -1.000000e+00 0.000000e+00 0.000000e+00
    outer loop
      vertex   1.276412e+02 -1.613423e+01 3.139045e+01
      vertex   1.276412e+02 -1.469702e+01 3.283494e+01
      vertex   1.276412e+02 -1.522938e+01 3.086803e+01
    endloop
  endfacet
  facet normal -1.000000e+00 0.000000e+00 0.000000e+00
    outer loop
      vertex   1.276412e+02 -1.522938e+01 3.086803e+01
      vertex   1.276412e+02 -1.469702e+01 3.283494e+01
      vertex   1.276412e+02 -1.409407e+01 3.258519e+01
    endloop
  endfacet
  facet normal -1.000000e+00 0.000000e+00 0.000000e+00
    outer loop
      vertex   1.276412e+02 -1.522938e+01 3.086803e+01
      vertex   1.276412e+02 -1.409407e+01 3.258519e+01
      vertex   1.276412e+02 -1.422843e+01 3.056837e+01
    endloop
  endfacet
  facet normal -1.000000e+00 0.000000e+00 0.000000e+00
    outer loop
      vertex   1.276412e+02 -1.422843e+01 3.056837e+01
      vertex   1.276412e+02 -1.409407e+01 3.258519e+01
      vertex   1.276412e+02 -1.344702e+01 3.250000e+01
    endloop
  endfacet
  facet normal -1.000000e+00 0.000000e+00 0.000000e+00
    outer loop
      vertex   1.276412e+02 -1.422843e+01 3.056837e+01
      vertex   1.276412e+02 -1.344702e+01 3.250000e+01
      vertex   1.276412e+02 -1.318537e+01 3.050761e+01
    endloop
  endfacet
  facet normal -1.000000e+00 0.000000e+00 0.000000e+00
    outer loop
      vertex   1.276412e+02 -1.318537e+01 3.050761e+01
      vertex   1.276412e+02 -1.344702e+01 3.250000e+01
      vertex   1.276412e+02 -1.279997e+01 3.258519e+01
    endloop
  endfacet
  facet normal -1.000000e+00 0.000000e+00 0.000000e+00
    outer loop
      vertex   1.276412e+02 -1.318537e+01 3.050761e+01
      vertex   1.276412e+02 -1.279997e+01 3.258519e+01
      vertex   1.276412e+02 -1.215640e+01 3.068905e+01
    endloop
  endfacet
  facet normal -1.000000e+00 0.000000e+00 0.000000e+00
    outer loop
      vertex   1.276412e+02 -1.215640e+01 3.068905e+01
      vertex   1.276412e+02 -1.279997e+01 3.258519e+01
      vertex   1.276412e+02 -1.219702e+01 3.283494e+01
    endloop
  endfacet
  facet normal -1.000000e+00 0.000000e+00 0.000000e+00
    outer loop
      vertex   1.276412e+02 -1.215640e+01 3.068905e+01
      vertex   1.276412e+02 -1.219702e+01 3.283494e+01
      vertex   1.276412e+02 -1.119702e+01 3.110289e+01
    endloop
  endfacet
  facet normal -1.000000e+00 0.000000e+00 0.000000e+00
    outer loop
      vertex   1.276412e+02 -1.119702e+01 3.110289e+01
      vertex   1.276412e+02 -1.219702e+01 3.283494e+01
      vertex   1.276412e+02 -1.035893e+01 3.172682e+01
    endloop
  endfacet
  facet normal -1.000000e+00 0.000000e+00 0.000000e+00
    outer loop
      vertex   1.276412e+02 -1.035893e+01 3.172682e+01
      vertex   1.276412e+02 -1.219702e+01 3.283494e+01
      vertex   1.276412e+02 -1.167925e+01 3.323223e+01
    endloop
  endfacet
  facet normal -1.000000e+00 0.000000e+00 0.000000e+00
    outer loop
      vertex   1.276412e+02 -1.035893e+01 3.172682e+01
      vertex   1.276412e+02 -1.167925e+01 3.323223e+01
      vertex   1.276412e+02 -9.687322e+00 3.252721e+01
    endloop
  endfacet
  facet normal -1.000000e+00 0.000000e+00 0.000000e+00
    outer loop
      vertex   1.276412e+02 -9.687322e+00 3.252721e+01
      vertex   1.276412e+02 -1.167925e+01 3.323223e+01
      vertex   1.276412e+02 -1.128195e+01 3.375000e+01
    endloop
  endfacet
  facet normal -1.000000e+00 0.000000e+00 0.000000e+00
    outer loop
      vertex   1.276412e+02 -9.687322e+00 3.252721e+01
      vertex   1.276412e+02 -1.128195e+01 3.375000e+01
      vertex   1.276412e+02 -9.218401e+00 3.346091e+01
    endloop
  endfacet
  facet normal -1.000000e+00 0.000000e+00 0.000000e+00
    outer loop
      vertex   1.276412e+02 -9.218401e+00 3.346091e+01
      vertex   1.276412e+02 -1.128195e+01 3.375000e+01
      vertex   1.276412e+02 -1.103220e+01 3.435295e+01
    endloop
  endfacet
  facet normal -1.000000e+00 0.000000e+00 0.000000e+00
    outer loop
      vertex   1.276412e+02 -9.218401e+00 3.346091e+01
      vertex   1.276412e+02 -1.103220e+01 3.435295e+01
      vertex   1.276412e+02 -8.977445e+00 3.447758e+01
    endloop
  endfacet
  facet normal -1.000000e+00 -0.000000e+00 0.000000e+00
    outer loop
      vertex   1.276412e+02 -8.977445e+00 3.447758e+01
      vertex   1.276412e+02 -1.103220e+01 3.435295e+01
      vertex   1.276412e+02 -1.094702e+01 3.500000e+01
    endloop
  endfacet
  facet normal -1.000000e+00 0.000000e+00 0.000000e+00
    outer loop
      vertex   1.276412e+02 -8.977445e+00 3.447758e+01
      vertex   1.276412e+02 -1.094702e+01 3.500000e+01
      vertex   1.276412e+02 -8.977445e+00 3.552242e+01
    endloop
  endfacet
  facet normal -1.000000e+00 -0.000000e+00 0.000000e+00
    outer loop
      vertex   1.276412e+02 -8.977445e+00 3.552242e+01
      vertex   1.276412e+02 -1.094702e+01 3.500000e+01
      vertex   1.276412e+02 -1.103220e+01 3.564705e+01
    endloop
  endfacet
  facet normal -1.000000e+00 0.000000e+00 0.000000e+00
    outer loop
      vertex   1.276412e+02 -8.977445e+00 3.552242e+01
      vertex   1.276412e+02 -1.103220e+01 3.564705e+01
      vertex   1.276412e+02 -9.218401e+00 3.653909e+01
    endloop
  endfacet
  facet normal -1.000000e+00 0.000000e+00 0.000000e+00
    outer loop
      vertex   1.276412e+02 -9.218401e+00 3.653909e+01
      vertex   1.276412e+02 -1.103220e+01 3.564705e+01
      vertex   1.276412e+02 -1.128195e+01 3.625000e+01
    endloop
  endfacet
  facet normal -1.000000e+00 -0.000000e+00 0.000000e+00
    outer loop
      vertex   1.276412e+02 -9.218401e+00 3.653909e+01
      vertex   1.276412e+02 -1.128195e+01 3.625000e+01
      vertex   1.276412e+02 -9.687322e+00 3.747279e+01
    endloop
  endfacet
  facet normal -1.000000e+00 0.000000e+00 0.000000e+00
    outer loop
      vertex   1.276412e+02 -9.687322e+00 3.747279e+01
      vertex   1.276412e+02 -1.128195e+01 3.625000e+01
      vertex   1.276412e+02 -1.167925e+01 3.676777e+01
    endloop
  endfacet
  facet normal -1.000000e+00 -0.000000e+00 0.000000e+00
    outer loop
      vertex   1.276412e+02 -9.687322e+00 3.747279e+01
      vertex   1.276412e+02 -1.167925e+01 3.676777e+01
      vertex   1.276412e+02 -1.035893e+01 3.827318e+01
    endloop
  endfacet
  facet normal -1.000000e+00 0.000000e+00 0.000000e+00
    outer loop
      vertex   1.276412e+02 -1.035893e+01 3.827318e+01
      vertex   1.276412e+02 -1.167925e+01 3.676777e+01
      vertex   1.276412e+02 -1.219702e+01 3.716506e+01
    endloop
  endfacet
  facet normal -1.000000e+00 -0.000000e+00 0.000000e+00
    outer loop
      vertex   1.276412e+02 -1.035893e+01 3.827318e+01
      vertex   1.276412e+02 -1.219702e+01 3.716506e+01
      vertex   1.276412e+02 -1.119702e+01 3.889711e+01
    endloop
  endfacet
  facet normal -1.000000e+00 -0.000000e+00 0.000000e+00
    outer loop
      vertex   1.276412e+02 -1.119702e+01 3.889711e+01
      vertex   1.276412e+02 -1.219702e+01 3.716506e+01
      vertex   1.276412e+02 -1.215640e+01 3.931095e+01
    endloop
  endfacet
  facet normal -1.000000e+00 0.000000e+00 0.000000e+00
    outer loop
      vertex   1.276412e+02 -1.215640e+01 3.931095e+01
      vertex   1.276412e+02 -1.219702e+01 3.716506e+01
      vertex   1.276412e+02 -1.279997e+01 3.741481e+01
    endloop
  endfacet
  facet normal -1.000000e+00 -0.000000e+00 0.000000e+00
    outer loop
      vertex   1.276412e+02 -1.215640e+01 3.931095e+01
      vertex   1.276412e+02 -1.279997e+01 3.741481e+01
      vertex   1.276412e+02 -1.318537e+01 3.949239e+01
    endloop
  endfacet
  facet normal -1.000000e+00 0.000000e+00 -0.000000e+00
    outer loop
      vertex   1.276412e+02 -1.318537e+01 3.949239e+01
      vertex   1.276412e+02 -1.279997e+01 3.741481e+01
      vertex   1.276412e+02 -1.344702e+01 3.750000e+01
    endloop
  endfacet
  facet normal -1.000000e+00 0.000000e+00 0.000000e+00
    outer loop
      vertex   1.276412e+02 -1.318537e+01 3.949239e+01
      vertex   1.276412e+02 -1.344702e+01 3.750000e+01
      vertex   1.276412e+02 -1.422843e+01 3.943163e+01
    endloop
  endfacet
  facet normal -1.000000e+00 0.000000e+00 0.000000e+00
    outer loop
      vertex   1.276412e+02 -1.422843e+01 3.943163e+01
      vertex   1.276412e+02 -1.344702e+01 3.750000e+01
      vertex   1.276412e+02 -1.409407e+01 3.741481e+01
    endloop
  endfacet
  facet normal -1.000000e+00 0.000000e+00 -0.000000e+00
    outer loop
      vertex   1.276412e+02 -1.422843e+01 3.943163e+01
      vertex   1.276412e+02 -1.409407e+01 3.741481e+01
      vertex   1.276412e+02 -1.522938e+01 3.913197e+01
    endloop
  endfacet
  facet normal -1.000000e+00 0.000000e+00 0.000000e+00
    outer loop
      vertex   1.276412e+02 -1.522938e+01 3.913197e+01
      vertex   1.276412e+02 -1.409407e+01 3.741481e+01
      vertex   1.276412e+02 -1.469702e+01 3.716506e+01
    endloop
  endfacet
  facet normal -1.000000e+00 0.000000e+00 -0.000000e+00
    outer loop
      vertex   1.276412e+02 -1.522938e+01 3.913197e+01
      vertex   1.276412e+02 -1.469702e+01 3.716506e+01
      vertex   1.276412e+02 -1.613423e+01 3.860955e+01
    endloop
  endfacet
  facet normal -1.000000e+00 0.000000e+00 0.000000e+00
    outer loop
      vertex   1.276412e+02 -1.613423e+01 3.860955e+01
      vertex   1.276412e+02 -1.469702e+01 3.716506e+01
      vertex   1.276412e+02 -1.521478e+01 3.676777e+01
    endloop
  endfacet
  facet normal -1.000000e+00 0.000000e+00 -0.000000e+00
    outer loop
      vertex   1.276412e+02 -1.613423e+01 3.860955e+01
      vertex   1.276412e+02 -1.521478e+01 3.676777e+01
      vertex   1.276412e+02 -1.689422e+01 3.789254e+01
    endloop
  endfacet
  facet normal -1.000000e+00 0.000000e+00 0.000000e+00
    outer loop
      vertex   1.276412e+02 -1.689422e+01 3.789254e+01
      vertex   1.276412e+02 -1.521478e+01 3.676777e+01
      vertex   1.276412e+02 -1.561208e+01 3.625000e+01
    endloop
  endfacet
  facet normal -1.000000e+00 0.000000e+00 -0.000000e+00
    outer loop
      vertex   1.276412e+02 -1.689422e+01 3.789254e+01
      vertex   1.276412e+02 -1.561208e+01 3.625000e+01
      vertex   1.276412e+02 -1.746836e+01 3.701960e+01
    endloop
  endfacet
  facet normal -1.000000e+00 0.000000e+00 0.000000e+00
    outer loop
      vertex   1.276412e+02 -1.746836e+01 3.701960e+01
      vertex   1.276412e+02 -1.561208e+01 3.625000e+01
      vertex   1.276412e+02 -1.586183e+01 3.564705e+01
    endloop
  endfacet
  facet normal -1.000000e+00 0.000000e+00 -0.000000e+00
    outer loop
      vertex   1.276412e+02 -1.746836e+01 3.701960e+01
      vertex   1.276412e+02 -1.586183e+01 3.564705e+01
      vertex   1.276412e+02 -1.782572e+01 3.603777e+01
    endloop
  endfacet
  facet normal -1.000000e+00 0.000000e+00 0.000000e+00
    outer loop
      vertex   1.276412e+02 -1.782572e+01 3.603777e+01
      vertex   1.276412e+02 -1.586183e+01 3.564705e+01
      vertex   1.276412e+02 -1.594702e+01 3.500000e+01
    endloop
  endfacet
  facet normal 0.000000e+00 9.932384e-01 1.160929e-01
    outer loop
      vertex   1.276412e+02 -1.782572e+01 8.396223e+01
      vertex   1.271412e+02 -1.782572e+01 8.396223e+01
      vertex   1.276412e+02 -1.794702e+01 8.500000e+01
    endloop
  endfacet
  facet normal 0.000000e+00 9.932384e-01 1.160929e-01
    outer loop
      vertex   1.276412e+02 -1.794702e+01 8.500000e+01
      vertex   1.271412e+02 -1.782572e+01 8.396223e+01
      vertex   1.271412e+02 -1.794702e+01 8.500000e+01
    endloop
  endfacet
  facet normal 0.000000e+00 9.932384e-01 -1.160929e-01
    outer loop
      vertex   1.276412e+02 -1.794702e+01 8.500000e+01
      vertex   1.271412e+02 -1.794702e+01 8.500000e+01
      vertex   1.276412e+02 -1.782572e+01 8.603777e+01
    endloop
  endfacet
  facet normal 0.000000e+00 9.932384e-01 -1.160929e-01
    outer loop
      vertex   1.276412e+02 -1.782572e+01 8.603777e+01
      vertex   1.271412e+02 -1.794702e+01 8.500000e+01
      vertex   1.271412e+02 -1.782572e+01 8.603777e+01
    endloop
  endfacet
  facet normal 0.000000e+00 9.396926e-01 -3.420201e-01
    outer loop
      vertex   1.276412e+02 -1.782572e+01 8.603777e+01
      vertex   1.271412e+02 -1.782572e+01 8.603777e+01
      vertex   1.276412e+02 -1.746836e+01 8.701960e+01
    endloop
  endfacet
  facet normal 0.000000e+00 9.396926e-01 -3.420201e-01
    outer loop
      vertex   1.276412e+02 -1.746836e+01 8.701960e+01
      vertex   1.271412e+02 -1.782572e+01 8.603777e+01
      vertex   1.271412e+02 -1.746836e+01 8.701960e+01
    endloop
  endfacet
  facet normal 0.000000e+00 8.354878e-01 -5.495090e-01
    outer loop
      vertex   1.276412e+02 -1.746836e+01 8.701960e+01
      vertex   1.271412e+02 -1.746836e+01 8.701960e+01
      vertex   1.276412e+02 -1.689422e+01 8.789254e+01
    endloop
  endfacet
  facet normal 0.000000e+00 8.354878e-01 -5.495090e-01
    outer loop
      vertex   1.276412e+02 -1.689422e+01 8.789254e+01
      vertex   1.271412e+02 -1.746836e+01 8.701960e+01
      vertex   1.271412e+02 -1.689422e+01 8.789254e+01
    endloop
  endfacet
  facet normal 0.000000e+00 6.862416e-01 -7.273736e-01
    outer loop
      vertex   1.276412e+02 -1.689422e+01 8.789254e+01
      vertex   1.271412e+02 -1.689422e+01 8.789254e+01
      vertex   1.276412e+02 -1.613423e+01 8.860955e+01
    endloop
  endfacet
  facet normal 0.000000e+00 6.862416e-01 -7.273736e-01
    outer loop
      vertex   1.276412e+02 -1.613423e+01 8.860955e+01
      vertex   1.271412e+02 -1.689422e+01 8.789254e+01
      vertex   1.271412e+02 -1.613423e+01 8.860955e+01
    endloop
  endfacet
  facet normal 0.000000e+00 5.000000e-01 -8.660254e-01
    outer loop
      vertex   1.276412e+02 -1.613423e+01 8.860955e+01
      vertex   1.271412e+02 -1.613423e+01 8.860955e+01
      vertex   1.276412e+02 -1.522938e+01 8.913197e+01
    endloop
  endfacet
  facet normal 0.000000e+00 5.000000e-01 -8.660254e-01
    outer loop
      vertex   1.276412e+02 -1.522938e+01 8.913197e+01
      vertex   1.271412e+02 -1.613423e+01 8.860955e+01
      vertex   1.271412e+02 -1.522938e+01 8.913197e+01
    endloop
  endfacet
  facet normal 0.000000e+00 2.868032e-01 -9.579895e-01
    outer loop
      vertex   1.276412e+02 -1.522938e+01 8.913197e+01
      vertex   1.271412e+02 -1.522938e+01 8.913197e+01
      vertex   1.276412e+02 -1.422843e+01 8.943163e+01
    endloop
  endfacet
  facet normal 0.000000e+00 2.868032e-01 -9.579895e-01
    outer loop
      vertex   1.276412e+02 -1.422843e+01 8.943163e+01
      vertex   1.271412e+02 -1.522938e+01 8.913197e+01
      vertex   1.271412e+02 -1.422843e+01 8.943163e+01
    endloop
  endfacet
  facet normal 0.000000e+00 5.814483e-02 -9.983082e-01
    outer loop
      vertex   1.276412e+02 -1.422843e+01 8.943163e+01
      vertex   1.271412e+02 -1.422843e+01 8.943163e+01
      vertex   1.276412e+02 -1.318537e+01 8.949239e+01
    endloop
  endfacet
  facet normal 0.000000e+00 5.814483e-02 -9.983082e-01
    outer loop
      vertex   1.276412e+02 -1.318537e+01 8.949239e+01
      vertex   1.271412e+02 -1.422843e+01 8.943163e+01
      vertex   1.271412e+02 -1.318537e+01 8.949239e+01
    endloop
  endfacet
  facet normal -0.000000e+00 -1.736482e-01 -9.848078e-01
    outer loop
      vertex   1.276412e+02 -1.318537e+01 8.949239e+01
      vertex   1.271412e+02 -1.318537e+01 8.949239e+01
      vertex   1.276412e+02 -1.215640e+01 8.931095e+01
    endloop
  endfacet
  facet normal -0.000000e+00 -1.736482e-01 -9.848078e-01
    outer loop
      vertex   1.276412e+02 -1.215640e+01 8.931095e+01
      vertex   1.271412e+02 -1.318537e+01 8.949239e+01
      vertex   1.271412e+02 -1.215640e+01 8.931095e+01
    endloop
  endfacet
  facet normal -0.000000e+00 -3.960798e-01 -9.182161e-01
    outer loop
      vertex   1.276412e+02 -1.215640e+01 8.931095e+01
      vertex   1.271412e+02 -1.215640e+01 8.931095e+01
      vertex   1.276412e+02 -1.119702e+01 8.889711e+01
    endloop
  endfacet
  facet normal -0.000000e+00 -3.960798e-01 -9.182161e-01
    outer loop
      vertex   1.276412e+02 -1.119702e+01 8.889711e+01
      vertex   1.271412e+02 -1.215640e+01 8.931095e+01
      vertex   1.271412e+02 -1.119702e+01 8.889711e+01
    endloop
  endfacet
  facet normal -0.000000e+00 -5.971586e-01 -8.021232e-01
    outer loop
      vertex   1.276412e+02 -1.119702e+01 8.889711e+01
      vertex   1.271412e+02 -1.119702e+01 8.889711e+01
      vertex   1.276412e+02 -1.035893e+01 8.827318e+01
    endloop
  endfacet
  facet normal -0.000000e+00 -5.971586e-01 -8.021232e-01
    outer loop
      vertex   1.276412e+02 -1.035893e+01 8.827318e+01
      vertex   1.271412e+02 -1.119702e+01 8.889711e+01
      vertex   1.271412e+02 -1.035893e+01 8.827318e+01
    endloop
  endfacet
  facet normal -0.000000e+00 -7.660444e-01 -6.427876e-01
    outer loop
      vertex   1.276412e+02 -1.035893e+01 8.827318e+01
      vertex   1.271412e+02 -1.035893e+01 8.827318e+01
      vertex   1.276412e+02 -9.687322e+00 8.747279e+01
    endloop
  endfacet
  facet normal -0.000000e+00 -7.660444e-01 -6.427876e-01
    outer loop
      vertex   1.276412e+02 -9.687322e+00 8.747279e+01
      vertex   1.271412e+02 -1.035893e+01 8.827318e+01
      vertex   1.271412e+02 -9.687322e+00 8.747279e+01
    endloop
  endfacet
  facet normal -0.000000e+00 -8.936326e-01 -4.487992e-01
    outer loop
      vertex   1.276412e+02 -9.687322e+00 8.747279e+01
      vertex   1.271412e+02 -9.687322e+00 8.747279e+01
      vertex   1.276412e+02 -9.218401e+00 8.653909e+01
    endloop
  endfacet
  facet normal -0.000000e+00 -8.936326e-01 -4.487992e-01
    outer loop
      vertex   1.276412e+02 -9.218401e+00 8.653909e+01
      vertex   1.271412e+02 -9.687322e+00 8.747279e+01
      vertex   1.271412e+02 -9.218401e+00 8.653909e+01
    endloop
  endfacet
  facet normal -0.000000e+00 -9.730449e-01 -2.306159e-01
    outer loop
      vertex   1.276412e+02 -9.218401e+00 8.653909e+01
      vertex   1.271412e+02 -9.218401e+00 8.653909e+01
      vertex   1.276412e+02 -8.977445e+00 8.552242e+01
    endloop
  endfacet
  facet normal -0.000000e+00 -9.730449e-01 -2.306159e-01
    outer loop
      vertex   1.276412e+02 -8.977445e+00 8.552242e+01
      vertex   1.271412e+02 -9.218401e+00 8.653909e+01
      vertex   1.271412e+02 -8.977445e+00 8.552242e+01
    endloop
  endfacet
  facet normal -0.000000e+00 -1.000000e+00 -0.000000e+00
    outer loop
      vertex   1.276412e+02 -8.977445e+00 8.552242e+01
      vertex   1.271412e+02 -8.977445e+00 8.552242e+01
      vertex   1.276412e+02 -8.977445e+00 8.447758e+01
    endloop
  endfacet
  facet normal 0.000000e+00 -1.000000e+00 0.000000e+00
    outer loop
      vertex   1.276412e+02 -8.977445e+00 8.447758e+01
      vertex   1.271412e+02 -8.977445e+00 8.552242e+01
      vertex   1.271412e+02 -8.977445e+00 8.447758e+01
    endloop
  endfacet
  facet normal 0.000000e+00 -9.730449e-01 2.306159e-01
    outer loop
      vertex   1.276412e+02 -8.977445e+00 8.447758e+01
      vertex   1.271412e+02 -8.977445e+00 8.447758e+01
      vertex   1.276412e+02 -9.218401e+00 8.346091e+01
    endloop
  endfacet
  facet normal 0.000000e+00 -9.730449e-01 2.306159e-01
    outer loop
      vertex   1.276412e+02 -9.218401e+00 8.346091e+01
      vertex   1.271412e+02 -8.977445e+00 8.447758e+01
      vertex   1.271412e+02 -9.218401e+00 8.346091e+01
    endloop
  endfacet
  facet normal 0.000000e+00 -8.936326e-01 4.487992e-01
    outer loop
      vertex   1.276412e+02 -9.218401e+00 8.346091e+01
      vertex   1.271412e+02 -9.218401e+00 8.346091e+01
      vertex   1.276412e+02 -9.687322e+00 8.252721e+01
    endloop
  endfacet
  facet normal 0.000000e+00 -8.936326e-01 4.487992e-01
    outer loop
      vertex   1.276412e+02 -9.687322e+00 8.252721e+01
      vertex   1.271412e+02 -9.218401e+00 8.346091e+01
      vertex   1.271412e+02 -9.687322e+00 8.252721e+01
    endloop
  endfacet
  facet normal 0.000000e+00 -7.660444e-01 6.427876e-01
    outer loop
      vertex   1.276412e+02 -9.687322e+00 8.252721e+01
      vertex   1.271412e+02 -9.687322e+00 8.252721e+01
      vertex   1.276412e+02 -1.035893e+01 8.172682e+01
    endloop
  endfacet
  facet normal 0.000000e+00 -7.660444e-01 6.427876e-01
    outer loop
      vertex   1.276412e+02 -1.035893e+01 8.172682e+01
      vertex   1.271412e+02 -9.687322e+00 8.252721e+01
      vertex   1.271412e+02 -1.035893e+01 8.172682e+01
    endloop
  endfacet
  facet normal 0.000000e+00 -5.971586e-01 8.021232e-01
    outer loop
      vertex   1.276412e+02 -1.035893e+01 8.172682e+01
      vertex   1.271412e+02 -1.035893e+01 8.172682e+01
      vertex   1.276412e+02 -1.119702e+01 8.110289e+01
    endloop
  endfacet
  facet normal 0.000000e+00 -5.971586e-01 8.021232e-01
    outer loop
      vertex   1.276412e+02 -1.119702e+01 8.110289e+01
      vertex   1.271412e+02 -1.035893e+01 8.172682e+01
      vertex   1.271412e+02 -1.119702e+01 8.110289e+01
    endloop
  endfacet
  facet normal 0.000000e+00 -3.960798e-01 9.182161e-01
    outer loop
      vertex   1.276412e+02 -1.119702e+01 8.110289e+01
      vertex   1.271412e+02 -1.119702e+01 8.110289e+01
      vertex   1.276412e+02 -1.215640e+01 8.068905e+01
    endloop
  endfacet
  facet normal 0.000000e+00 -3.960798e-01 9.182161e-01
    outer loop
      vertex   1.276412e+02 -1.215640e+01 8.068905e+01
      vertex   1.271412e+02 -1.119702e+01 8.110289e+01
      vertex   1.271412e+02 -1.215640e+01 8.068905e+01
    endloop
  endfacet
  facet normal 0.000000e+00 -1.736482e-01 9.848078e-01
    outer loop
      vertex   1.276412e+02 -1.215640e+01 8.068905e+01
      vertex   1.271412e+02 -1.215640e+01 8.068905e+01
      vertex   1.276412e+02 -1.318537e+01 8.050761e+01
    endloop
  endfacet
  facet normal 0.000000e+00 -1.736482e-01 9.848078e-01
    outer loop
      vertex   1.276412e+02 -1.318537e+01 8.050761e+01
      vertex   1.271412e+02 -1.215640e+01 8.068905e+01
      vertex   1.271412e+02 -1.318537e+01 8.050761e+01
    endloop
  endfacet
  facet normal 0.000000e+00 5.814483e-02 9.983082e-01
    outer loop
      vertex   1.276412e+02 -1.318537e+01 8.050761e+01
      vertex   1.271412e+02 -1.318537e+01 8.050761e+01
      vertex   1.276412e+02 -1.422843e+01 8.056837e+01
    endloop
  endfacet
  facet normal 0.000000e+00 5.814483e-02 9.983082e-01
    outer loop
      vertex   1.276412e+02 -1.422843e+01 8.056837e+01
      vertex   1.271412e+02 -1.318537e+01 8.050761e+01
      vertex   1.271412e+02 -1.422843e+01 8.056837e+01
    endloop
  endfacet
  facet normal 0.000000e+00 2.868032e-01 9.579895e-01
    outer loop
      vertex   1.276412e+02 -1.422843e+01 8.056837e+01
      vertex   1.271412e+02 -1.422843e+01 8.056837e+01
      vertex   1.276412e+02 -1.522938e+01 8.086803e+01
    endloop
  endfacet
  facet normal 0.000000e+00 2.868032e-01 9.579895e-01
    outer loop
      vertex   1.276412e+02 -1.522938e+01 8.086803e+01
      vertex   1.271412e+02 -1.422843e+01 8.056837e+01
      vertex   1.271412e+02 -1.522938e+01 8.086803e+01
    endloop
  endfacet
  facet normal 0.000000e+00 5.000000e-01 8.660254e-01
    outer loop
      vertex   1.276412e+02 -1.522938e+01 8.086803e+01
      vertex   1.271412e+02 -1.522938e+01 8.086803e+01
      vertex   1.276412e+02 -1.613423e+01 8.139045e+01
    endloop
  endfacet
  facet normal 0.000000e+00 5.000000e-01 8.660254e-01
    outer loop
      vertex   1.276412e+02 -1.613423e+01 8.139045e+01
      vertex   1.271412e+02 -1.522938e+01 8.086803e+01
      vertex   1.271412e+02 -1.613423e+01 8.139045e+01
    endloop
  endfacet
  facet normal 0.000000e+00 6.862416e-01 7.273736e-01
    outer loop
      vertex   1.276412e+02 -1.613423e+01 8.139045e+01
      vertex   1.271412e+02 -1.613423e+01 8.139045e+01
      vertex   1.276412e+02 -1.689422e+01 8.210746e+01
    endloop
  endfacet
  facet normal 0.000000e+00 6.862416e-01 7.273736e-01
    outer loop
      vertex   1.276412e+02 -1.689422e+01 8.210746e+01
      vertex   1.271412e+02 -1.613423e+01 8.139045e+01
      vertex   1.271412e+02 -1.689422e+01 8.210746e+01
    endloop
  endfacet
  facet normal 0.000000e+00 8.354878e-01 5.495090e-01
    outer loop
      vertex   1.276412e+02 -1.689422e+01 8.210746e+01
      vertex   1.271412e+02 -1.689422e+01 8.210746e+01
      vertex   1.276412e+02 -1.746836e+01 8.298040e+01
    endloop
  endfacet
  facet normal 0.000000e+00 8.354878e-01 5.495090e-01
    outer loop
      vertex   1.276412e+02 -1.746836e+01 8.298040e+01
      vertex   1.271412e+02 -1.689422e+01 8.210746e+01
      vertex   1.271412e+02 -1.746836e+01 8.298040e+01
    endloop
  endfacet
  facet normal 0.000000e+00 9.396926e-01 3.420201e-01
    outer loop
      vertex   1.276412e+02 -1.746836e+01 8.298040e+01
      vertex   1.271412e+02 -1.746836e+01 8.298040e+01
      vertex   1.276412e+02 -1.782572e+01 8.396223e+01
    endloop
  endfacet
  facet normal 0.000000e+00 9.396926e-01 3.420201e-01
    outer loop
      vertex   1.276412e+02 -1.782572e+01 8.396223e+01
      vertex   1.271412e+02 -1.746836e+01 8.298040e+01
      vertex   1.271412e+02 -1.782572e+01 8.396223e+01
    endloop
  endfacet
  facet normal -1.000000e+00 -0.000000e+00 0.000000e+00
    outer loop
      vertex   1.276412e+02 -1.586183e+01 8.435295e+01
      vertex   1.276412e+02 -1.782572e+01 8.396223e+01
      vertex   1.276412e+02 -1.594702e+01 8.500000e+01
    endloop
  endfacet
  facet normal -1.000000e+00 -0.000000e+00 0.000000e+00
    outer loop
      vertex   1.276412e+02 -1.594702e+01 8.500000e+01
      vertex   1.276412e+02 -1.782572e+01 8.396223e+01
      vertex   1.276412e+02 -1.794702e+01 8.500000e+01
    endloop
  endfacet
  facet normal -1.000000e+00 0.000000e+00 0.000000e+00
    outer loop
      vertex   1.276412e+02 -1.594702e+01 8.500000e+01
      vertex   1.276412e+02 -1.794702e+01 8.500000e+01
      vertex   1.276412e+02 -1.782572e+01 8.603777e+01
    endloop
  endfacet
  facet normal -1.000000e+00 0.000000e+00 0.000000e+00
    outer loop
      vertex   1.276412e+02 -1.782572e+01 8.396223e+01
      vertex   1.276412e+02 -1.586183e+01 8.435295e+01
      vertex   1.276412e+02 -1.746836e+01 8.298040e+01
    endloop
  endfacet
  facet normal -1.000000e+00 0.000000e+00 0.000000e+00
    outer loop
      vertex   1.276412e+02 -1.746836e+01 8.298040e+01
      vertex   1.276412e+02 -1.586183e+01 8.435295e+01
      vertex   1.276412e+02 -1.561208e+01 8.375000e+01
    endloop
  endfacet
  facet normal -1.000000e+00 0.000000e+00 0.000000e+00
    outer loop
      vertex   1.276412e+02 -1.746836e+01 8.298040e+01
      vertex   1.276412e+02 -1.561208e+01 8.375000e+01
      vertex   1.276412e+02 -1.689422e+01 8.210746e+01
    endloop
  endfacet
  facet normal -1.000000e+00 0.000000e+00 0.000000e+00
    outer loop
      vertex   1.276412e+02 -1.689422e+01 8.210746e+01
      vertex   1.276412e+02 -1.561208e+01 8.375000e+01
      vertex   1.276412e+02 -1.521478e+01 8.323223e+01
    endloop
  endfacet
  facet normal -1.000000e+00 0.000000e+00 0.000000e+00
    outer loop
      vertex   1.276412e+02 -1.689422e+01 8.210746e+01
      vertex   1.276412e+02 -1.521478e+01 8.323223e+01
      vertex   1.276412e+02 -1.613423e+01 8.139045e+01
    endloop
  endfacet
  facet normal -1.000000e+00 0.000000e+00 0.000000e+00
    outer loop
      vertex   1.276412e+02 -1.613423e+01 8.139045e+01
      vertex   1.276412e+02 -1.521478e+01 8.323223e+01
      vertex   1.276412e+02 -1.469702e+01 8.283494e+01
    endloop
  endfacet
  facet normal -1.000000e+00 0.000000e+00 0.000000e+00
    outer loop
      vertex   1.276412e+02 -1.613423e+01 8.139045e+01
      vertex   1.276412e+02 -1.469702e+01 8.283494e+01
      vertex   1.276412e+02 -1.522938e+01 8.086803e+01
    endloop
  endfacet
  facet normal -1.000000e+00 0.000000e+00 0.000000e+00
    outer loop
      vertex   1.276412e+02 -1.522938e+01 8.086803e+01
      vertex   1.276412e+02 -1.469702e+01 8.283494e+01
      vertex   1.276412e+02 -1.409407e+01 8.258519e+01
    endloop
  endfacet
  facet normal -1.000000e+00 0.000000e+00 0.000000e+00
    outer loop
      vertex   1.276412e+02 -1.522938e+01 8.086803e+01
      vertex   1.276412e+02 -1.409407e+01 8.258519e+01
      vertex   1.276412e+02 -1.422843e+01 8.056837e+01
    endloop
  endfacet
  facet normal -1.000000e+00 0.000000e+00 0.000000e+00
    outer loop
      vertex   1.276412e+02 -1.422843e+01 8.056837e+01
      vertex   1.276412e+02 -1.409407e+01 8.258519e+01
      vertex   1.276412e+02 -1.344702e+01 8.250000e+01
    endloop
  endfacet
  facet normal -1.000000e+00 0.000000e+00 0.000000e+00
    outer loop
      vertex   1.276412e+02 -1.422843e+01 8.056837e+01
      vertex   1.276412e+02 -1.344702e+01 8.250000e+01
      vertex   1.276412e+02 -1.318537e+01 8.050761e+01
    endloop
  endfacet
  facet normal -1.000000e+00 0.000000e+00 0.000000e+00
    outer loop
      vertex   1.276412e+02 -1.318537e+01 8.050761e+01
      vertex   1.276412e+02 -1.344702e+01 8.250000e+01
      vertex   1.276412e+02 -1.279997e+01 8.258519e+01
    endloop
  endfacet
  facet normal -1.000000e+00 0.000000e+00 0.000000e+00
    outer loop
      vertex   1.276412e+02 -1.318537e+01 8.050761e+01
      vertex   1.276412e+02 -1.279997e+01 8.258519e+01
      vertex   1.276412e+02 -1.215640e+01 8.068905e+01
    endloop
  endfacet
  facet normal -1.000000e+00 0.000000e+00 0.000000e+00
    outer loop
      vertex   1.276412e+02 -1.215640e+01 8.068905e+01
      vertex   1.276412e+02 -1.279997e+01 8.258519e+01
      vertex   1.276412e+02 -1.219702e+01 8.283494e+01
    endloop
  endfacet
  facet normal -1.000000e+00 0.000000e+00 0.000000e+00
    outer loop
      vertex   1.276412e+02 -1.215640e+01 8.068905e+01
      vertex   1.276412e+02 -1.219702e+01 8.283494e+01
      vertex   1.276412e+02 -1.119702e+01 8.110289e+01
    endloop
  endfacet
  facet normal -1.000000e+00 0.000000e+00 0.000000e+00
    outer loop
      vertex   1.276412e+02 -1.119702e+01 8.110289e+01
      vertex   1.276412e+02 -1.219702e+01 8.283494e+01
      vertex   1.276412e+02 -1.035893e+01 8.172682e+01
    endloop
  endfacet
  facet normal -1.000000e+00 0.000000e+00 0.000000e+00
    outer loop
      vertex   1.276412e+02 -1.035893e+01 8.172682e+01
      vertex   1.276412e+02 -1.219702e+01 8.283494e+01
      vertex   1.276412e+02 -1.167925e+01 8.323223e+01
    endloop
  endfacet
  facet normal -1.000000e+00 0.000000e+00 0.000000e+00
    outer loop
      vertex   1.276412e+02 -1.035893e+01 8.172682e+01
      vertex   1.276412e+02 -1.167925e+01 8.323223e+01
      vertex   1.276412e+02 -9.687322e+00 8.252721e+01
    endloop
  endfacet
  facet normal -1.000000e+00 0.000000e+00 0.000000e+00
    outer loop
      vertex   1.276412e+02 -9.687322e+00 8.252721e+01
      vertex   1.276412e+02 -1.167925e+01 8.323223e+01
      vertex   1.276412e+02 -1.128195e+01 8.375000e+01
    endloop
  endfacet
  facet normal -1.000000e+00 0.000000e+00 0.000000e+00
    outer loop
      vertex   1.276412e+02 -9.687322e+00 8.252721e+01
      vertex   1.276412e+02 -1.128195e+01 8.375000e+01
      vertex   1.276412e+02 -9.218401e+00 8.346091e+01
    endloop
  endfacet
  facet normal -1.000000e+00 0.000000e+00 0.000000e+00
    outer loop
      vertex   1.276412e+02 -9.218401e+00 8.346091e+01
      vertex   1.276412e+02 -1.128195e+01 8.375000e+01
      vertex   1.276412e+02 -1.103220e+01 8.435295e+01
    endloop
  endfacet
  facet normal -1.000000e+00 0.000000e+00 0.000000e+00
    outer loop
      vertex   1.276412e+02 -9.218401e+00 8.346091e+01
      vertex   1.276412e+02 -1.103220e+01 8.435295e+01
      vertex   1.276412e+02 -8.977445e+00 8.447758e+01
    endloop
  endfacet
  facet normal -1.000000e+00 -0.000000e+00 0.000000e+00
    outer loop
      vertex   1.276412e+02 -8.977445e+00 8.447758e+01
      vertex   1.276412e+02 -1.103220e+01 8.435295e+01
      vertex   1.276412e+02 -1.094702e+01 8.500000e+01
    endloop
  endfacet
  facet normal -1.000000e+00 0.000000e+00 0.000000e+00
    outer loop
      vertex   1.276412e+02 -8.977445e+00 8.447758e+01
      vertex   1.276412e+02 -1.094702e+01 8.500000e+01
      vertex   1.276412e+02 -8.977445e+00 8.552242e+01
    endloop
  endfacet
  facet normal -1.000000e+00 -0.000000e+00 0.000000e+00
    outer loop
      vertex   1.276412e+02 -8.977445e+00 8.552242e+01
      vertex   1.276412e+02 -1.094702e+01 8.500000e+01
      vertex   1.276412e+02 -1.103220e+01 8.564705e+01
    endloop
  endfacet
  facet normal -1.000000e+00 0.000000e+00 0.000000e+00
    outer loop
      vertex   1.276412e+02 -8.977445e+00 8.552242e+01
      vertex   1.276412e+02 -1.103220e+01 8.564705e+01
      vertex   1.276412e+02 -9.218401e+00 8.653909e+01
    endloop
  endfacet
  facet normal -1.000000e+00 0.000000e+00 0.000000e+00
    outer loop
      vertex   1.276412e+02 -9.218401e+00 8.653909e+01
      vertex   1.276412e+02 -1.103220e+01 8.564705e+01
      vertex   1.276412e+02 -1.128195e+01 8.625000e+01
    endloop
  endfacet
  facet normal -1.000000e+00 -0.000000e+00 0.000000e+00
    outer loop
      vertex   1.276412e+02 -9.218401e+00 8.653909e+01
      vertex   1.276412e+02 -1.128195e+01 8.625000e+01
      vertex   1.276412e+02 -9.687322e+00 8.747279e+01
    endloop
  endfacet
  facet normal -1.000000e+00 0.000000e+00 0.000000e+00
    outer loop
      vertex   1.276412e+02 -9.687322e+00 8.747279e+01
      vertex   1.276412e+02 -1.128195e+01 8.625000e+01
      vertex   1.276412e+02 -1.167925e+01 8.676777e+01
    endloop
  endfacet
  facet normal -1.000000e+00 -0.000000e+00 0.000000e+00
    outer loop
      vertex   1.276412e+02 -9.687322e+00 8.747279e+01
      vertex   1.276412e+02 -1.167925e+01 8.676777e+01
      vertex   1.276412e+02 -1.035893e+01 8.827318e+01
    endloop
  endfacet
  facet normal -1.000000e+00 0.000000e+00 0.000000e+00
    outer loop
      vertex   1.276412e+02 -1.035893e+01 8.827318e+01
      vertex   1.276412e+02 -1.167925e+01 8.676777e+01
      vertex   1.276412e+02 -1.219702e+01 8.716506e+01
    endloop
  endfacet
  facet normal -1.000000e+00 -0.000000e+00 0.000000e+00
    outer loop
      vertex   1.276412e+02 -1.035893e+01 8.827318e+01
      vertex   1.276412e+02 -1.219702e+01 8.716506e+01
      vertex   1.276412e+02 -1.119702e+01 8.889711e+01
    endloop
  endfacet
  facet normal -1.000000e+00 -0.000000e+00 0.000000e+00
    outer loop
      vertex   1.276412e+02 -1.119702e+01 8.889711e+01
      vertex   1.276412e+02 -1.219702e+01 8.716506e+01
      vertex   1.276412e+02 -1.215640e+01 8.931095e+01
    endloop
  endfacet
  facet normal -1.000000e+00 0.000000e+00 0.000000e+00
    outer loop
      vertex   1.276412e+02 -1.215640e+01 8.931095e+01
      vertex   1.276412e+02 -1.219702e+01 8.716506e+01
      vertex   1.276412e+02 -1.279997e+01 8.741481e+01
    endloop
  endfacet
  facet normal -1.000000e+00 -0.000000e+00 0.000000e+00
    outer loop
      vertex   1.276412e+02 -1.215640e+01 8.931095e+01
      vertex   1.276412e+02 -1.279997e+01 8.741481e+01
      vertex   1.276412e+02 -1.318537e+01 8.949239e+01
    endloop
  endfacet
  facet normal -1.000000e+00 0.000000e+00 -0.000000e+00
    outer loop
      vertex   1.276412e+02 -1.318537e+01 8.949239e+01
      vertex   1.276412e+02 -1.279997e+01 8.741481e+01
      vertex   1.276412e+02 -1.344702e+01 8.750000e+01
    endloop
  endfacet
  facet normal -1.000000e+00 0.000000e+00 0.000000e+00
    outer loop
      vertex   1.276412e+02 -1.318537e+01 8.949239e+01
      vertex   1.276412e+02 -1.344702e+01 8.750000e+01
      vertex   1.276412e+02 -1.422843e+01 8.943163e+01
    endloop
  endfacet
  facet normal -1.000000e+00 0.000000e+00 0.000000e+00
    outer loop
      vertex   1.276412e+02 -1.422843e+01 8.943163e+01
      vertex   1.276412e+02 -1.344702e+01 8.750000e+01
      vertex   1.276412e+02 -1.409407e+01 8.741481e+01
    endloop
  endfacet
  facet normal -1.000000e+00 0.000000e+00 -0.000000e+00
    outer loop
      vertex   1.276412e+02 -1.422843e+01 8.943163e+01
      vertex   1.276412e+02 -1.409407e+01 8.741481e+01
      vertex   1.276412e+02 -1.522938e+01 8.913197e+01
    endloop
  endfacet
  facet normal -1.000000e+00 0.000000e+00 0.000000e+00
    outer loop
      vertex   1.276412e+02 -1.522938e+01 8.913197e+01
      vertex   1.276412e+02 -1.409407e+01 8.741481e+01
      vertex   1.276412e+02 -1.469702e+01 8.716506e+01
    endloop
  endfacet
  facet normal -1.000000e+00 0.000000e+00 -0.000000e+00
    outer loop
      vertex   1.276412e+02 -1.522938e+01 8.913197e+01
      vertex   1.276412e+02 -1.469702e+01 8.716506e+01
      vertex   1.276412e+02 -1.613423e+01 8.860955e+01
    endloop
  endfacet
  facet normal -1.000000e+00 0.000000e+00 0.000000e+00
    outer loop
      vertex   1.276412e+02 -1.613423e+01 8.860955e+01
      vertex   1.276412e+02 -1.469702e+01 8.716506e+01
      vertex   1.276412e+02 -1.521478e+01 8.676777e+01
    endloop
  endfacet
  facet normal -1.000000e+00 0.000000e+00 -0.000000e+00
    outer loop
      vertex   1.276412e+02 -1.613423e+01 8.860955e+01
      vertex   1.276412e+02 -1.521478e+01 8.676777e+01
      vertex   1.276412e+02 -1.689422e+01 8.789254e+01
    endloop
  endfacet
  facet normal -1.000000e+00 0.000000e+00 0.000000e+00
    outer loop
      vertex   1.276412e+02 -1.689422e+01 8.789254e+01
      vertex   1.276412e+02 -1.521478e+01 8.676777e+01
      vertex   1.276412e+02 -1.561208e+01 8.625000e+01
    endloop
  endfacet
  facet normal -1.000000e+00 0.000000e+00 -0.000000e+00
    outer loop
      vertex   1.276412e+02 -1.689422e+01 8.789254e+01
      vertex   1.276412e+02 -1.561208e+01 8.625000e+01
      vertex   1.276412e+02 -1.746836e+01 8.701960e+01
    endloop
  endfacet
  facet normal -1.000000e+00 0.000000e+00 0.000000e+00
    outer loop
      vertex   1.276412e+02 -1.746836e+01 8.701960e+01
      vertex   1.276412e+02 -1.561208e+01 8.625000e+01
      vertex   1.276412e+02 -1.586183e+01 8.564705e+01
    endloop
  endfacet
  facet normal -1.000000e+00 0.000000e+00 -0.000000e+00
    outer loop
      vertex   1.276412e+02 -1.746836e+01 8.701960e+01
      vertex   1.276412e+02 -1.586183e+01 8.564705e+01
      vertex   1.276412e+02 -1.782572e+01 8.603777e+01
    endloop
  endfacet
  facet normal -1.000000e+00 0.000000e+00 0.000000e+00
    outer loop
      vertex   1.276412e+02 -1.782572e+01 8.603777e+01
      vertex   1.276412e+02 -1.586183e+01 8.564705e+01
      vertex   1.276412e+02 -1.594702e+01 8.500000e+01
    endloop
  endfacet
  facet normal 0.000000e+00 9.914449e-01 1.305262e-01
    outer loop
      vertex   1.291412e+02 -1.586183e+01 3.435295e+01
      vertex   1.276412e+02 -1.586183e+01 3.435295e+01
      vertex   1.291412e+02 -1.594702e+01 3.500000e+01
    endloop
  endfacet
  facet normal 0.000000e+00 9.914449e-01 1.305262e-01
    outer loop
      vertex   1.291412e+02 -1.594702e+01 3.500000e+01
      vertex   1.276412e+02 -1.586183e+01 3.435295e+01
      vertex   1.276412e+02 -1.594702e+01 3.500000e+01
    endloop
  endfacet
  facet normal 0.000000e+00 9.914449e-01 -1.305262e-01
    outer loop
      vertex   1.291412e+02 -1.594702e+01 3.500000e+01
      vertex   1.276412e+02 -1.594702e+01 3.500000e+01
      vertex   1.291412e+02 -1.586183e+01 3.564705e+01
    endloop
  endfacet
  facet normal 0.000000e+00 9.914449e-01 -1.305262e-01
    outer loop
      vertex   1.291412e+02 -1.586183e+01 3.564705e+01
      vertex   1.276412e+02 -1.594702e+01 3.500000e+01
      vertex   1.276412e+02 -1.586183e+01 3.564705e+01
    endloop
  endfacet
  facet normal 0.000000e+00 9.238795e-01 -3.826834e-01
    outer loop
      vertex   1.291412e+02 -1.586183e+01 3.564705e+01
      vertex   1.276412e+02 -1.586183e+01 3.564705e+01
      vertex   1.291412e+02 -1.561208e+01 3.625000e+01
    endloop
  endfacet
  facet normal 0.000000e+00 9.238795e-01 -3.826834e-01
    outer loop
      vertex   1.291412e+02 -1.561208e+01 3.625000e+01
      vertex   1.276412e+02 -1.586183e+01 3.564705e+01
      vertex   1.276412e+02 -1.561208e+01 3.625000e+01
    endloop
  endfacet
  facet normal 0.000000e+00 7.933533e-01 -6.087614e-01
    outer loop
      vertex   1.291412e+02 -1.561208e+01 3.625000e+01
      vertex   1.276412e+02 -1.561208e+01 3.625000e+01
      vertex   1.291412e+02 -1.521478e+01 3.676777e+01
    endloop
  endfacet
  facet normal 0.000000e+00 7.933533e-01 -6.087614e-01
    outer loop
      vertex   1.291412e+02 -1.521478e+01 3.676777e+01
      vertex   1.276412e+02 -1.561208e+01 3.625000e+01
      vertex   1.276412e+02 -1.521478e+01 3.676777e+01
    endloop
  endfacet
  facet normal 0.000000e+00 6.087614e-01 -7.933533e-01
    outer loop
      vertex   1.291412e+02 -1.521478e+01 3.676777e+01
      vertex   1.276412e+02 -1.521478e+01 3.676777e+01
      vertex   1.291412e+02 -1.469702e+01 3.716506e+01
    endloop
  endfacet
  facet normal -7.209184e-16 6.087614e-01 -7.933533e-01
    outer loop
      vertex   1.291412e+02 -1.469702e+01 3.716506e+01
      vertex   1.276412e+02 -1.521478e+01 3.676777e+01
      vertex   1.276412e+02 -1.469702e+01 3.716506e+01
    endloop
  endfacet
  facet normal -4.531882e-16 3.826834e-01 -9.238795e-01
    outer loop
      vertex   1.291412e+02 -1.469702e+01 3.716506e+01
      vertex   1.276412e+02 -1.469702e+01 3.716506e+01
      vertex   1.291412e+02 -1.409407e+01 3.741481e+01
    endloop
  endfacet
  facet normal 0.000000e+00 3.826834e-01 -9.238795e-01
    outer loop
      vertex   1.291412e+02 -1.409407e+01 3.741481e+01
      vertex   1.276412e+02 -1.469702e+01 3.716506e+01
      vertex   1.276412e+02 -1.409407e+01 3.741481e+01
    endloop
  endfacet
  facet normal 0.000000e+00 1.305262e-01 -9.914449e-01
    outer loop
      vertex   1.291412e+02 -1.409407e+01 3.741481e+01
      vertex   1.276412e+02 -1.409407e+01 3.741481e+01
      vertex   1.291412e+02 -1.344702e+01 3.750000e+01
    endloop
  endfacet
  facet normal 0.000000e+00 1.305262e-01 -9.914449e-01
    outer loop
      vertex   1.291412e+02 -1.344702e+01 3.750000e+01
      vertex   1.276412e+02 -1.409407e+01 3.741481e+01
      vertex   1.276412e+02 -1.344702e+01 3.750000e+01
    endloop
  endfacet
  facet normal -0.000000e+00 -1.305262e-01 -9.914449e-01
    outer loop
      vertex   1.291412e+02 -1.344702e+01 3.750000e+01
      vertex   1.276412e+02 -1.344702e+01 3.750000e+01
      vertex   1.291412e+02 -1.279997e+01 3.741481e+01
    endloop
  endfacet
  facet normal 1.545741e-16 -1.305262e-01 -9.914449e-01
    outer loop
      vertex   1.291412e+02 -1.279997e+01 3.741481e+01
      vertex   1.276412e+02 -1.344702e+01 3.750000e+01
      vertex   1.276412e+02 -1.279997e+01 3.741481e+01
    endloop
  endfacet
  facet normal 4.531882e-16 -3.826834e-01 -9.238795e-01
    outer loop
      vertex   1.291412e+02 -1.279997e+01 3.741481e+01
      vertex   1.276412e+02 -1.279997e+01 3.741481e+01
      vertex   1.291412e+02 -1.219702e+01 3.716506e+01
    endloop
  endfacet
  facet normal -0.000000e+00 -3.826834e-01 -9.238795e-01
    outer loop
      vertex   1.291412e+02 -1.219702e+01 3.716506e+01
      vertex   1.276412e+02 -1.279997e+01 3.741481e+01
      vertex   1.276412e+02 -1.219702e+01 3.716506e+01
    endloop
  endfacet
  facet normal -0.000000e+00 -6.087614e-01 -7.933533e-01
    outer loop
      vertex   1.291412e+02 -1.219702e+01 3.716506e+01
      vertex   1.276412e+02 -1.219702e+01 3.716506e+01
      vertex   1.291412e+02 -1.167925e+01 3.676777e+01
    endloop
  endfacet
  facet normal -0.000000e+00 -6.087614e-01 -7.933533e-01
    outer loop
      vertex   1.291412e+02 -1.167925e+01 3.676777e+01
      vertex   1.276412e+02 -1.219702e+01 3.716506e+01
      vertex   1.276412e+02 -1.167925e+01 3.676777e+01
    endloop
  endfacet
  facet normal -0.000000e+00 -7.933533e-01 -6.087614e-01
    outer loop
      vertex   1.291412e+02 -1.167925e+01 3.676777e+01
      vertex   1.276412e+02 -1.167925e+01 3.676777e+01
      vertex   1.291412e+02 -1.128195e+01 3.625000e+01
    endloop
  endfacet
  facet normal -0.000000e+00 -7.933533e-01 -6.087614e-01
    outer loop
      vertex   1.291412e+02 -1.128195e+01 3.625000e+01
      vertex   1.276412e+02 -1.167925e+01 3.676777e+01
      vertex   1.276412e+02 -1.128195e+01 3.625000e+01
    endloop
  endfacet
  facet normal -0.000000e+00 -9.238795e-01 -3.826834e-01
    outer loop
      vertex   1.291412e+02 -1.128195e+01 3.625000e+01
      vertex   1.276412e+02 -1.128195e+01 3.625000e+01
      vertex   1.291412e+02 -1.103220e+01 3.564705e+01
    endloop
  endfacet
  facet normal 3.754334e-16 -9.238795e-01 -3.826834e-01
    outer loop
      vertex   1.291412e+02 -1.103220e+01 3.564705e+01
      vertex   1.276412e+02 -1.128195e+01 3.625000e+01
      vertex   1.276412e+02 -1.103220e+01 3.564705e+01
    endloop
  endfacet
  facet normal 1.729917e-15 -9.914449e-01 -1.305262e-01
    outer loop
      vertex   1.291412e+02 -1.103220e+01 3.564705e+01
      vertex   1.276412e+02 -1.103220e+01 3.564705e+01
      vertex   1.291412e+02 -1.094702e+01 3.500000e+01
    endloop
  endfacet
  facet normal -0.000000e+00 -9.914449e-01 -1.305262e-01
    outer loop
      vertex   1.291412e+02 -1.094702e+01 3.500000e+01
      vertex   1.276412e+02 -1.103220e+01 3.564705e+01
      vertex   1.276412e+02 -1.094702e+01 3.500000e+01
    endloop
  endfacet
  facet normal 0.000000e+00 -9.914449e-01 1.305262e-01
    outer loop
      vertex   1.291412e+02 -1.094702e+01 3.500000e+01
      vertex   1.276412e+02 -1.094702e+01 3.500000e+01
      vertex   1.291412e+02 -1.103220e+01 3.435295e+01
    endloop
  endfacet
  facet normal -1.729917e-15 -9.914449e-01 1.305262e-01
    outer loop
      vertex   1.291412e+02 -1.103220e+01 3.435295e+01
      vertex   1.276412e+02 -1.094702e+01 3.500000e+01
      vertex   1.276412e+02 -1.103220e+01 3.435295e+01
    endloop
  endfacet
  facet normal -3.754334e-16 -9.238795e-01 3.826834e-01
    outer loop
      vertex   1.291412e+02 -1.103220e+01 3.435295e+01
      vertex   1.276412e+02 -1.103220e+01 3.435295e+01
      vertex   1.291412e+02 -1.128195e+01 3.375000e+01
    endloop
  endfacet
  facet normal 0.000000e+00 -9.238795e-01 3.826834e-01
    outer loop
      vertex   1.291412e+02 -1.128195e+01 3.375000e+01
      vertex   1.276412e+02 -1.103220e+01 3.435295e+01
      vertex   1.276412e+02 -1.128195e+01 3.375000e+01
    endloop
  endfacet
  facet normal 0.000000e+00 -7.933533e-01 6.087614e-01
    outer loop
      vertex   1.291412e+02 -1.128195e+01 3.375000e+01
      vertex   1.276412e+02 -1.128195e+01 3.375000e+01
      vertex   1.291412e+02 -1.167925e+01 3.323223e+01
    endloop
  endfacet
  facet normal 0.000000e+00 -7.933533e-01 6.087614e-01
    outer loop
      vertex   1.291412e+02 -1.167925e+01 3.323223e+01
      vertex   1.276412e+02 -1.128195e+01 3.375000e+01
      vertex   1.276412e+02 -1.167925e+01 3.323223e+01
    endloop
  endfacet
  facet normal 0.000000e+00 -6.087614e-01 7.933533e-01
    outer loop
      vertex   1.291412e+02 -1.167925e+01 3.323223e+01
      vertex   1.276412e+02 -1.167925e+01 3.323223e+01
      vertex   1.291412e+02 -1.219702e+01 3.283494e+01
    endloop
  endfacet
  facet normal 0.000000e+00 -6.087614e-01 7.933533e-01
    outer loop
      vertex   1.291412e+02 -1.219702e+01 3.283494e+01
      vertex   1.276412e+02 -1.167925e+01 3.323223e+01
      vertex   1.276412e+02 -1.219702e+01 3.283494e+01
    endloop
  endfacet
  facet normal 0.000000e+00 -3.826834e-01 9.238795e-01
    outer loop
      vertex   1.291412e+02 -1.219702e+01 3.283494e+01
      vertex   1.276412e+02 -1.219702e+01 3.283494e+01
      vertex   1.291412e+02 -1.279997e+01 3.258519e+01
    endloop
  endfacet
  facet normal -4.531882e-16 -3.826834e-01 9.238795e-01
    outer loop
      vertex   1.291412e+02 -1.279997e+01 3.258519e+01
      vertex   1.276412e+02 -1.219702e+01 3.283494e+01
      vertex   1.276412e+02 -1.279997e+01 3.258519e+01
    endloop
  endfacet
  facet normal -1.545741e-16 -1.305262e-01 9.914449e-01
    outer loop
      vertex   1.291412e+02 -1.279997e+01 3.258519e+01
      vertex   1.276412e+02 -1.279997e+01 3.258519e+01
      vertex   1.291412e+02 -1.344702e+01 3.250000e+01
    endloop
  endfacet
  facet normal 0.000000e+00 -1.305262e-01 9.914449e-01
    outer loop
      vertex   1.291412e+02 -1.344702e+01 3.250000e+01
      vertex   1.276412e+02 -1.279997e+01 3.258519e+01
      vertex   1.276412e+02 -1.344702e+01 3.250000e+01
    endloop
  endfacet
  facet normal 0.000000e+00 1.305262e-01 9.914449e-01
    outer loop
      vertex   1.291412e+02 -1.344702e+01 3.250000e+01
      vertex   1.276412e+02 -1.344702e+01 3.250000e+01
      vertex   1.291412e+02 -1.409407e+01 3.258519e+01
    endloop
  endfacet
  facet normal 0.000000e+00 1.305262e-01 9.914449e-01
    outer loop
      vertex   1.291412e+02 -1.409407e+01 3.258519e+01
      vertex   1.276412e+02 -1.344702e+01 3.250000e+01
      vertex   1.276412e+02 -1.409407e+01 3.258519e+01
    endloop
  endfacet
  facet normal 0.000000e+00 3.826834e-01 9.238795e-01
    outer loop
      vertex   1.291412e+02 -1.409407e+01 3.258519e+01
      vertex   1.276412e+02 -1.409407e+01 3.258519e+01
      vertex   1.291412e+02 -1.469702e+01 3.283494e+01
    endloop
  endfacet
  facet normal 4.531882e-16 3.826834e-01 9.238795e-01
    outer loop
      vertex   1.291412e+02 -1.469702e+01 3.283494e+01
      vertex   1.276412e+02 -1.409407e+01 3.258519e+01
      vertex   1.276412e+02 -1.469702e+01 3.283494e+01
    endloop
  endfacet
  facet normal 7.209184e-16 6.087614e-01 7.933533e-01
    outer loop
      vertex   1.291412e+02 -1.469702e+01 3.283494e+01
      vertex   1.276412e+02 -1.469702e+01 3.283494e+01
      vertex   1.291412e+02 -1.521478e+01 3.323223e+01
    endloop
  endfacet
  facet normal 0.000000e+00 6.087614e-01 7.933533e-01
    outer loop
      vertex   1.291412e+02 -1.521478e+01 3.323223e+01
      vertex   1.276412e+02 -1.469702e+01 3.283494e+01
      vertex   1.276412e+02 -1.521478e+01 3.323223e+01
    endloop
  endfacet
  facet normal 0.000000e+00 7.933533e-01 6.087614e-01
    outer loop
      vertex   1.291412e+02 -1.521478e+01 3.323223e+01
      vertex   1.276412e+02 -1.521478e+01 3.323223e+01
      vertex   1.291412e+02 -1.561208e+01 3.375000e+01
    endloop
  endfacet
  facet normal 0.000000e+00 7.933533e-01 6.087614e-01
    outer loop
      vertex   1.291412e+02 -1.561208e+01 3.375000e+01
      vertex   1.276412e+02 -1.521478e+01 3.323223e+01
      vertex   1.276412e+02 -1.561208e+01 3.375000e+01
    endloop
  endfacet
  facet normal 0.000000e+00 9.238795e-01 3.826834e-01
    outer loop
      vertex   1.291412e+02 -1.561208e+01 3.375000e+01
      vertex   1.276412e+02 -1.561208e+01 3.375000e+01
      vertex   1.291412e+02 -1.586183e+01 3.435295e+01
    endloop
  endfacet
  facet normal 0.000000e+00 9.238795e-01 3.826834e-01
    outer loop
      vertex   1.291412e+02 -1.586183e+01 3.435295e+01
      vertex   1.276412e+02 -1.561208e+01 3.375000e+01
      vertex   1.276412e+02 -1.586183e+01 3.435295e+01
    endloop
  endfacet
  facet normal 0.000000e+00 9.914449e-01 1.305262e-01
    outer loop
      vertex   1.291412e+02 -1.586183e+01 8.435295e+01
      vertex   1.276412e+02 -1.586183e+01 8.435295e+01
      vertex   1.291412e+02 -1.594702e+01 8.500000e+01
    endloop
  endfacet
  facet normal 0.000000e+00 9.914449e-01 1.305262e-01
    outer loop
      vertex   1.291412e+02 -1.594702e+01 8.500000e+01
      vertex   1.276412e+02 -1.586183e+01 8.435295e+01
      vertex   1.276412e+02 -1.594702e+01 8.500000e+01
    endloop
  endfacet
  facet normal 0.000000e+00 9.914449e-01 -1.305262e-01
    outer loop
      vertex   1.291412e+02 -1.594702e+01 8.500000e+01
      vertex   1.276412e+02 -1.594702e+01 8.500000e+01
      vertex   1.291412e+02 -1.586183e+01 8.564705e+01
    endloop
  endfacet
  facet normal 0.000000e+00 9.914449e-01 -1.305262e-01
    outer loop
      vertex   1.291412e+02 -1.586183e+01 8.564705e+01
      vertex   1.276412e+02 -1.594702e+01 8.500000e+01
      vertex   1.276412e+02 -1.586183e+01 8.564705e+01
    endloop
  endfacet
  facet normal 0.000000e+00 9.238795e-01 -3.826834e-01
    outer loop
      vertex   1.291412e+02 -1.586183e+01 8.564705e+01
      vertex   1.276412e+02 -1.586183e+01 8.564705e+01
      vertex   1.291412e+02 -1.561208e+01 8.625000e+01
    endloop
  endfacet
  facet normal 0.000000e+00 9.238795e-01 -3.826834e-01
    outer loop
      vertex   1.291412e+02 -1.561208e+01 8.625000e+01
      vertex   1.276412e+02 -1.586183e+01 8.564705e+01
      vertex   1.276412e+02 -1.561208e+01 8.625000e+01
    endloop
  endfacet
  facet normal 0.000000e+00 7.933533e-01 -6.087614e-01
    outer loop
      vertex   1.291412e+02 -1.561208e+01 8.625000e+01
      vertex   1.276412e+02 -1.561208e+01 8.625000e+01
      vertex   1.291412e+02 -1.521478e+01 8.676777e+01
    endloop
  endfacet
  facet normal 0.000000e+00 7.933533e-01 -6.087614e-01
    outer loop
      vertex   1.291412e+02 -1.521478e+01 8.676777e+01
      vertex   1.276412e+02 -1.561208e+01 8.625000e+01
      vertex   1.276412e+02 -1.521478e+01 8.676777e+01
    endloop
  endfacet
  facet normal 0.000000e+00 6.087614e-01 -7.933533e-01
    outer loop
      vertex   1.291412e+02 -1.521478e+01 8.676777e+01
      vertex   1.276412e+02 -1.521478e+01 8.676777e+01
      vertex   1.291412e+02 -1.469702e+01 8.716506e+01
    endloop
  endfacet
  facet normal -7.209184e-16 6.087614e-01 -7.933533e-01
    outer loop
      vertex   1.291412e+02 -1.469702e+01 8.716506e+01
      vertex   1.276412e+02 -1.521478e+01 8.676777e+01
      vertex   1.276412e+02 -1.469702e+01 8.716506e+01
    endloop
  endfacet
  facet normal -4.531882e-16 3.826834e-01 -9.238795e-01
    outer loop
      vertex   1.291412e+02 -1.469702e+01 8.716506e+01
      vertex   1.276412e+02 -1.469702e+01 8.716506e+01
      vertex   1.291412e+02 -1.409407e+01 8.741481e+01
    endloop
  endfacet
  facet normal 0.000000e+00 3.826834e-01 -9.238795e-01
    outer loop
      vertex   1.291412e+02 -1.409407e+01 8.741481e+01
      vertex   1.276412e+02 -1.469702e+01 8.716506e+01
      vertex   1.276412e+02 -1.409407e+01 8.741481e+01
    endloop
  endfacet
  facet normal 0.000000e+00 1.305262e-01 -9.914449e-01
    outer loop
      vertex   1.291412e+02 -1.409407e+01 8.741481e+01
      vertex   1.276412e+02 -1.409407e+01 8.741481e+01
      vertex   1.291412e+02 -1.344702e+01 8.750000e+01
    endloop
  endfacet
  facet normal 0.000000e+00 1.305262e-01 -9.914449e-01
    outer loop
      vertex   1.291412e+02 -1.344702e+01 8.750000e+01
      vertex   1.276412e+02 -1.409407e+01 8.741481e+01
      vertex   1.276412e+02 -1.344702e+01 8.750000e+01
    endloop
  endfacet
  facet normal -0.000000e+00 -1.305262e-01 -9.914449e-01
    outer loop
      vertex   1.291412e+02 -1.344702e+01 8.750000e+01
      vertex   1.276412e+02 -1.344702e+01 8.750000e+01
      vertex   1.291412e+02 -1.279997e+01 8.741481e+01
    endloop
  endfacet
  facet normal 1.545741e-16 -1.305262e-01 -9.914449e-01
    outer loop
      vertex   1.291412e+02 -1.279997e+01 8.741481e+01
      vertex   1.276412e+02 -1.344702e+01 8.750000e+01
      vertex   1.276412e+02 -1.279997e+01 8.741481e+01
    endloop
  endfacet
  facet normal 4.531882e-16 -3.826834e-01 -9.238795e-01
    outer loop
      vertex   1.291412e+02 -1.279997e+01 8.741481e+01
      vertex   1.276412e+02 -1.279997e+01 8.741481e+01
      vertex   1.291412e+02 -1.219702e+01 8.716506e+01
    endloop
  endfacet
  facet normal -0.000000e+00 -3.826834e-01 -9.238795e-01
    outer loop
      vertex   1.291412e+02 -1.219702e+01 8.716506e+01
      vertex   1.276412e+02 -1.279997e+01 8.741481e+01
      vertex   1.276412e+02 -1.219702e+01 8.716506e+01
    endloop
  endfacet
  facet normal -0.000000e+00 -6.087614e-01 -7.933533e-01
    outer loop
      vertex   1.291412e+02 -1.219702e+01 8.716506e+01
      vertex   1.276412e+02 -1.219702e+01 8.716506e+01
      vertex   1.291412e+02 -1.167925e+01 8.676777e+01
    endloop
  endfacet
  facet normal -0.000000e+00 -6.087614e-01 -7.933533e-01
    outer loop
      vertex   1.291412e+02 -1.167925e+01 8.676777e+01
      vertex   1.276412e+02 -1.219702e+01 8.716506e+01
      vertex   1.276412e+02 -1.167925e+01 8.676777e+01
    endloop
  endfacet
  facet normal -0.000000e+00 -7.933533e-01 -6.087614e-01
    outer loop
      vertex   1.291412e+02 -1.167925e+01 8.676777e+01
      vertex   1.276412e+02 -1.167925e+01 8.676777e+01
      vertex   1.291412e+02 -1.128195e+01 8.625000e+01
    endloop
  endfacet
  facet normal -0.000000e+00 -7.933533e-01 -6.087614e-01
    outer loop
      vertex   1.291412e+02 -1.128195e+01 8.625000e+01
      vertex   1.276412e+02 -1.167925e+01 8.676777e+01
      vertex   1.276412e+02 -1.128195e+01 8.625000e+01
    endloop
  endfacet
  facet normal -0.000000e+00 -9.238795e-01 -3.826834e-01
    outer loop
      vertex   1.291412e+02 -1.128195e+01 8.625000e+01
      vertex   1.276412e+02 -1.128195e+01 8.625000e+01
      vertex   1.291412e+02 -1.103220e+01 8.564705e+01
    endloop
  endfacet
  facet normal 2.188186e-15 -9.238795e-01 -3.826834e-01
    outer loop
      vertex   1.291412e+02 -1.103220e+01 8.564705e+01
      vertex   1.276412e+02 -1.128195e+01 8.625000e+01
      vertex   1.276412e+02 -1.103220e+01 8.564705e+01
    endloop
  endfacet
  facet normal 2.348213e-15 -9.914449e-01 -1.305262e-01
    outer loop
      vertex   1.291412e+02 -1.103220e+01 8.564705e+01
      vertex   1.276412e+02 -1.103220e+01 8.564705e+01
      vertex   1.291412e+02 -1.094702e+01 8.500000e+01
    endloop
  endfacet
  facet normal -0.000000e+00 -9.914449e-01 -1.305262e-01
    outer loop
      vertex   1.291412e+02 -1.094702e+01 8.500000e+01
      vertex   1.276412e+02 -1.103220e+01 8.564705e+01
      vertex   1.276412e+02 -1.094702e+01 8.500000e+01
    endloop
  endfacet
  facet normal 0.000000e+00 -9.914449e-01 1.305262e-01
    outer loop
      vertex   1.291412e+02 -1.094702e+01 8.500000e+01
      vertex   1.276412e+02 -1.094702e+01 8.500000e+01
      vertex   1.291412e+02 -1.103220e+01 8.435295e+01
    endloop
  endfacet
  facet normal -2.348213e-15 -9.914449e-01 1.305262e-01
    outer loop
      vertex   1.291412e+02 -1.103220e+01 8.435295e+01
      vertex   1.276412e+02 -1.094702e+01 8.500000e+01
      vertex   1.276412e+02 -1.103220e+01 8.435295e+01
    endloop
  endfacet
  facet normal -2.188186e-15 -9.238795e-01 3.826834e-01
    outer loop
      vertex   1.291412e+02 -1.103220e+01 8.435295e+01
      vertex   1.276412e+02 -1.103220e+01 8.435295e+01
      vertex   1.291412e+02 -1.128195e+01 8.375000e+01
    endloop
  endfacet
  facet normal 0.000000e+00 -9.238795e-01 3.826834e-01
    outer loop
      vertex   1.291412e+02 -1.128195e+01 8.375000e+01
      vertex   1.276412e+02 -1.103220e+01 8.435295e+01
      vertex   1.276412e+02 -1.128195e+01 8.375000e+01
    endloop
  endfacet
  facet normal 0.000000e+00 -7.933533e-01 6.087614e-01
    outer loop
      vertex   1.291412e+02 -1.128195e+01 8.375000e+01
      vertex   1.276412e+02 -1.128195e+01 8.375000e+01
      vertex   1.291412e+02 -1.167925e+01 8.323223e+01
    endloop
  endfacet
  facet normal 0.000000e+00 -7.933533e-01 6.087614e-01
    outer loop
      vertex   1.291412e+02 -1.167925e+01 8.323223e+01
      vertex   1.276412e+02 -1.128195e+01 8.375000e+01
      vertex   1.276412e+02 -1.167925e+01 8.323223e+01
    endloop
  endfacet
  facet normal 0.000000e+00 -6.087614e-01 7.933533e-01
    outer loop
      vertex   1.291412e+02 -1.167925e+01 8.323223e+01
      vertex   1.276412e+02 -1.167925e+01 8.323223e+01
      vertex   1.291412e+02 -1.219702e+01 8.283494e+01
    endloop
  endfacet
  facet normal 0.000000e+00 -6.087614e-01 7.933533e-01
    outer loop
      vertex   1.291412e+02 -1.219702e+01 8.283494e+01
      vertex   1.276412e+02 -1.167925e+01 8.323223e+01
      vertex   1.276412e+02 -1.219702e+01 8.283494e+01
    endloop
  endfacet
  facet normal 0.000000e+00 -3.826834e-01 9.238795e-01
    outer loop
      vertex   1.291412e+02 -1.219702e+01 8.283494e+01
      vertex   1.276412e+02 -1.219702e+01 8.283494e+01
      vertex   1.291412e+02 -1.279997e+01 8.258519e+01
    endloop
  endfacet
  facet normal -4.531882e-16 -3.826834e-01 9.238795e-01
    outer loop
      vertex   1.291412e+02 -1.279997e+01 8.258519e+01
      vertex   1.276412e+02 -1.219702e+01 8.283494e+01
      vertex   1.276412e+02 -1.279997e+01 8.258519e+01
    endloop
  endfacet
  facet normal -1.545741e-16 -1.305262e-01 9.914449e-01
    outer loop
      vertex   1.291412e+02 -1.279997e+01 8.258519e+01
      vertex   1.276412e+02 -1.279997e+01 8.258519e+01
      vertex   1.291412e+02 -1.344702e+01 8.250000e+01
    endloop
  endfacet
  facet normal 0.000000e+00 -1.305262e-01 9.914449e-01
    outer loop
      vertex   1.291412e+02 -1.344702e+01 8.250000e+01
      vertex   1.276412e+02 -1.279997e+01 8.258519e+01
      vertex   1.276412e+02 -1.344702e+01 8.250000e+01
    endloop
  endfacet
  facet normal 0.000000e+00 1.305262e-01 9.914449e-01
    outer loop
      vertex   1.291412e+02 -1.344702e+01 8.250000e+01
      vertex   1.276412e+02 -1.344702e+01 8.250000e+01
      vertex   1.291412e+02 -1.409407e+01 8.258519e+01
    endloop
  endfacet
  facet normal 0.000000e+00 1.305262e-01 9.914449e-01
    outer loop
      vertex   1.291412e+02 -1.409407e+01 8.258519e+01
      vertex   1.276412e+02 -1.344702e+01 8.250000e+01
      vertex   1.276412e+02 -1.409407e+01 8.258519e+01
    endloop
  endfacet
  facet normal 0.000000e+00 3.826834e-01 9.238795e-01
    outer loop
      vertex   1.291412e+02 -1.409407e+01 8.258519e+01
      vertex   1.276412e+02 -1.409407e+01 8.258519e+01
      vertex   1.291412e+02 -1.469702e+01 8.283494e+01
    endloop
  endfacet
  facet normal 4.531882e-16 3.826834e-01 9.238795e-01
    outer loop
      vertex   1.291412e+02 -1.469702e+01 8.283494e+01
      vertex   1.276412e+02 -1.409407e+01 8.258519e+01
      vertex   1.276412e+02 -1.469702e+01 8.283494e+01
    endloop
  endfacet
  facet normal 7.209184e-16 6.087614e-01 7.933533e-01
    outer loop
      vertex   1.291412e+02 -1.469702e+01 8.283494e+01
      vertex   1.276412e+02 -1.469702e+01 8.283494e+01
      vertex   1.291412e+02 -1.521478e+01 8.323223e+01
    endloop
  endfacet
  facet normal 0.000000e+00 6.087614e-01 7.933533e-01
    outer loop
      vertex   1.291412e+02 -1.521478e+01 8.323223e+01
      vertex   1.276412e+02 -1.469702e+01 8.283494e+01
      vertex   1.276412e+02 -1.521478e+01 8.323223e+01
    endloop
  endfacet
  facet normal 0.000000e+00 7.933533e-01 6.087614e-01
    outer loop
      vertex   1.291412e+02 -1.521478e+01 8.323223e+01
      vertex   1.276412e+02 -1.521478e+01 8.323223e+01
      vertex   1.291412e+02 -1.561208e+01 8.375000e+01
    endloop
  endfacet
  facet normal 0.000000e+00 7.933533e-01 6.087614e-01
    outer loop
      vertex   1.291412e+02 -1.561208e+01 8.375000e+01
      vertex   1.276412e+02 -1.521478e+01 8.323223e+01
      vertex   1.276412e+02 -1.561208e+01 8.375000e+01
    endloop
  endfacet
  facet normal 0.000000e+00 9.238795e-01 3.826834e-01
    outer loop
      vertex   1.291412e+02 -1.561208e+01 8.375000e+01
      vertex   1.276412e+02 -1.561208e+01 8.375000e+01
      vertex   1.291412e+02 -1.586183e+01 8.435295e+01
    endloop
  endfacet
  facet normal 0.000000e+00 9.238795e-01 3.826834e-01
    outer loop
      vertex   1.291412e+02 -1.586183e+01 8.435295e+01
      vertex   1.276412e+02 -1.561208e+01 8.375000e+01
      vertex   1.276412e+02 -1.586183e+01 8.435295e+01
    endloop
  endfacet
  facet normal 1.000000e+00 0.000000e+00 0.000000e+00
    outer loop
      vertex   1.171412e+02 -1.134470e+02 3.000000e+00
      vertex   1.171412e+02 -1.114470e+02 3.000000e+00
      vertex   1.171412e+02 -1.134470e+02 1.100000e+02
    endloop
  endfacet
  facet normal 1.000000e+00 -0.000000e+00 0.000000e+00
    outer loop
      vertex   1.171412e+02 -1.134470e+02 1.100000e+02
      vertex   1.171412e+02 -1.114470e+02 3.000000e+00
      vertex   1.171412e+02 -1.114470e+02 1.100000e+02
    endloop
  endfacet
  facet normal 0.000000e+00 0.000000e+00 1.000000e+00
    outer loop
      vertex   5.526439e+01 -5.152886e+01 3.000000e+00
      vertex   5.514124e+01 -5.344702e+01 3.000000e+00
      vertex   8.437707e+01 -5.817364e+01 3.000000e+00
    endloop
  endfacet
  facet normal 0.000000e+00 0.000000e+00 1.000000e+00
    outer loop
      vertex   8.437707e+01 -5.817364e+01 3.000000e+00
      vertex   5.514124e+01 -5.344702e+01 3.000000e+00
      vertex   5.526439e+01 -5.536517e+01 3.000000e+00
    endloop
  endfacet
  facet normal 0.000000e+00 0.000000e+00 1.000000e+00
    outer loop
      vertex   8.437707e+01 -5.817364e+01 3.000000e+00
      vertex   5.526439e+01 -5.536517e+01 3.000000e+00
      vertex   5.563181e+01 -5.725184e+01 3.000000e+00
    endloop
  endfacet
  facet normal 0.000000e+00 0.000000e+00 1.000000e+00
    outer loop
      vertex   5.563181e+01 -5.725184e+01 3.000000e+00
      vertex   5.623749e+01 -5.907602e+01 3.000000e+00
      vertex   8.437707e+01 -5.817364e+01 3.000000e+00
    endloop
  endfacet
  facet normal 0.000000e+00 0.000000e+00 1.000000e+00
    outer loop
      vertex   8.437707e+01 -5.817364e+01 3.000000e+00
      vertex   5.623749e+01 -5.907602e+01 3.000000e+00
      vertex   8.365577e+01 -5.995527e+01 3.000000e+00
    endloop
  endfacet
  facet normal 0.000000e+00 0.000000e+00 1.000000e+00
    outer loop
      vertex   8.365577e+01 -5.995527e+01 3.000000e+00
      vertex   5.623749e+01 -5.907602e+01 3.000000e+00
      vertex   5.707146e+01 -6.080778e+01 3.000000e+00
    endloop
  endfacet
  facet normal 0.000000e+00 0.000000e+00 1.000000e+00
    outer loop
      vertex   8.365577e+01 -5.995527e+01 3.000000e+00
      vertex   5.707146e+01 -6.080778e+01 3.000000e+00
      vertex   8.271256e+01 -6.163004e+01 3.000000e+00
    endloop
  endfacet
  facet normal 0.000000e+00 0.000000e+00 1.000000e+00
    outer loop
      vertex   8.271256e+01 -6.163004e+01 3.000000e+00
      vertex   5.707146e+01 -6.080778e+01 3.000000e+00
      vertex   5.812003e+01 -6.241868e+01 3.000000e+00
    endloop
  endfacet
  facet normal 0.000000e+00 0.000000e+00 1.000000e+00
    outer loop
      vertex   8.271256e+01 -6.163004e+01 3.000000e+00
      vertex   5.812003e+01 -6.241868e+01 3.000000e+00
      vertex   8.156293e+01 -6.317044e+01 3.000000e+00
    endloop
  endfacet
  facet normal 0.000000e+00 0.000000e+00 1.000000e+00
    outer loop
      vertex   8.156293e+01 -6.317044e+01 3.000000e+00
      vertex   5.812003e+01 -6.241868e+01 3.000000e+00
      vertex   5.936600e+01 -6.388226e+01 3.000000e+00
    endloop
  endfacet
  facet normal 0.000000e+00 0.000000e+00 1.000000e+00
    outer loop
      vertex   8.156293e+01 -6.317044e+01 3.000000e+00
      vertex   5.936600e+01 -6.388226e+01 3.000000e+00
      vertex   8.022575e+01 -6.455119e+01 3.000000e+00
    endloop
  endfacet
  facet normal 0.000000e+00 0.000000e+00 1.000000e+00
    outer loop
      vertex   8.022575e+01 -6.455119e+01 3.000000e+00
      vertex   5.936600e+01 -6.388226e+01 3.000000e+00
      vertex   6.078889e+01 -6.517449e+01 3.000000e+00
    endloop
  endfacet
  facet normal 0.000000e+00 0.000000e+00 1.000000e+00
    outer loop
      vertex   8.022575e+01 -6.455119e+01 3.000000e+00
      vertex   6.078889e+01 -6.517449e+01 3.000000e+00
      vertex   7.872299e+01 -6.574960e+01 3.000000e+00
    endloop
  endfacet
  facet normal 0.000000e+00 0.000000e+00 1.000000e+00
    outer loop
      vertex   7.872299e+01 -6.574960e+01 3.000000e+00
      vertex   6.078889e+01 -6.517449e+01 3.000000e+00
      vertex   6.236535e+01 -6.627416e+01 3.000000e+00
    endloop
  endfacet
  facet normal 0.000000e+00 0.000000e+00 1.000000e+00
    outer loop
      vertex   7.872299e+01 -6.574960e+01 3.000000e+00
      vertex   6.236535e+01 -6.627416e+01 3.000000e+00
      vertex   7.707931e+01 -6.674601e+01 3.000000e+00
    endloop
  endfacet
  facet normal 0.000000e+00 0.000000e+00 1.000000e+00
    outer loop
      vertex   7.707931e+01 -6.674601e+01 3.000000e+00
      vertex   6.236535e+01 -6.627416e+01 3.000000e+00
      vertex   6.406949e+01 -6.716321e+01 3.000000e+00
    endloop
  endfacet
  facet normal 0.000000e+00 0.000000e+00 1.000000e+00
    outer loop
      vertex   7.707931e+01 -6.674601e+01 3.000000e+00
      vertex   6.406949e+01 -6.716321e+01 3.000000e+00
      vertex   7.532171e+01 -6.752404e+01 3.000000e+00
    endloop
  endfacet
  facet normal 0.000000e+00 0.000000e+00 1.000000e+00
    outer loop
      vertex   7.532171e+01 -6.752404e+01 3.000000e+00
      vertex   6.406949e+01 -6.716321e+01 3.000000e+00
      vertex   6.587332e+01 -6.782704e+01 3.000000e+00
    endloop
  endfacet
  facet normal 0.000000e+00 0.000000e+00 1.000000e+00
    outer loop
      vertex   7.532171e+01 -6.752404e+01 3.000000e+00
      vertex   6.587332e+01 -6.782704e+01 3.000000e+00
      vertex   7.347905e+01 -6.807094e+01 3.000000e+00
    endloop
  endfacet
  facet normal 0.000000e+00 0.000000e+00 1.000000e+00
    outer loop
      vertex   7.347905e+01 -6.807094e+01 3.000000e+00
      vertex   6.587332e+01 -6.782704e+01 3.000000e+00
      vertex   6.774724e+01 -6.825474e+01 3.000000e+00
    endloop
  endfacet
  facet normal 0.000000e+00 0.000000e+00 1.000000e+00
    outer loop
      vertex   7.347905e+01 -6.807094e+01 3.000000e+00
      vertex   6.774724e+01 -6.825474e+01 3.000000e+00
      vertex   7.158158e+01 -6.837770e+01 3.000000e+00
    endloop
  endfacet
  facet normal 0.000000e+00 0.000000e+00 1.000000e+00
    outer loop
      vertex   7.158158e+01 -6.837770e+01 3.000000e+00
      vertex   6.774724e+01 -6.825474e+01 3.000000e+00
      vertex   6.966046e+01 -6.843931e+01 3.000000e+00
    endloop
  endfacet
  facet normal 0.000000e+00 0.000000e+00 1.000000e+00
    outer loop
      vertex   8.486462e+01 -5.631440e+01 3.000000e+00
      vertex   8.437707e+01 -4.872039e+01 3.000000e+00
      vertex   8.437707e+01 -5.817364e+01 3.000000e+00
    endloop
  endfacet
  facet normal 0.000000e+00 -0.000000e+00 1.000000e+00
    outer loop
      vertex   8.437707e+01 -5.817364e+01 3.000000e+00
      vertex   8.437707e+01 -4.872039e+01 3.000000e+00
      vertex   8.365577e+01 -4.693876e+01 3.000000e+00
    endloop
  endfacet
  facet normal 0.000000e+00 0.000000e+00 1.000000e+00
    outer loop
      vertex   8.437707e+01 -5.817364e+01 3.000000e+00
      vertex   8.365577e+01 -4.693876e+01 3.000000e+00
      vertex   8.271256e+01 -4.526399e+01 3.000000e+00
    endloop
  endfacet
  facet normal 0.000000e+00 0.000000e+00 1.000000e+00
    outer loop
      vertex   8.437707e+01 -4.872039e+01 3.000000e+00
      vertex   8.486462e+01 -5.631440e+01 3.000000e+00
      vertex   8.486462e+01 -5.057964e+01 3.000000e+00
    endloop
  endfacet
  facet normal 0.000000e+00 0.000000e+00 1.000000e+00
    outer loop
      vertex   8.486462e+01 -5.057964e+01 3.000000e+00
      vertex   8.486462e+01 -5.631440e+01 3.000000e+00
      vertex   8.511042e+01 -5.440807e+01 3.000000e+00
    endloop
  endfacet
  facet normal 0.000000e+00 0.000000e+00 1.000000e+00
    outer loop
      vertex   8.486462e+01 -5.057964e+01 3.000000e+00
      vertex   8.511042e+01 -5.440807e+01 3.000000e+00
      vertex   8.511042e+01 -5.248596e+01 3.000000e+00
    endloop
  endfacet
  facet normal 0.000000e+00 0.000000e+00 1.000000e+00
    outer loop
      vertex   8.271256e+01 -4.526399e+01 3.000000e+00
      vertex   8.156293e+01 -4.372359e+01 3.000000e+00
      vertex   8.437707e+01 -5.817364e+01 3.000000e+00
    endloop
  endfacet
  facet normal 0.000000e+00 0.000000e+00 1.000000e+00
    outer loop
      vertex   8.437707e+01 -5.817364e+01 3.000000e+00
      vertex   8.156293e+01 -4.372359e+01 3.000000e+00
      vertex   8.022575e+01 -4.234285e+01 3.000000e+00
    endloop
  endfacet
  facet normal 0.000000e+00 0.000000e+00 1.000000e+00
    outer loop
      vertex   8.437707e+01 -5.817364e+01 3.000000e+00
      vertex   8.022575e+01 -4.234285e+01 3.000000e+00
      vertex   7.872299e+01 -4.114443e+01 3.000000e+00
    endloop
  endfacet
  facet normal 0.000000e+00 0.000000e+00 1.000000e+00
    outer loop
      vertex   7.872299e+01 -4.114443e+01 3.000000e+00
      vertex   7.707931e+01 -4.014803e+01 3.000000e+00
      vertex   8.437707e+01 -5.817364e+01 3.000000e+00
    endloop
  endfacet
  facet normal 0.000000e+00 0.000000e+00 1.000000e+00
    outer loop
      vertex   8.437707e+01 -5.817364e+01 3.000000e+00
      vertex   7.707931e+01 -4.014803e+01 3.000000e+00
      vertex   7.532171e+01 -3.936999e+01 3.000000e+00
    endloop
  endfacet
  facet normal 0.000000e+00 0.000000e+00 1.000000e+00
    outer loop
      vertex   8.437707e+01 -5.817364e+01 3.000000e+00
      vertex   7.532171e+01 -3.936999e+01 3.000000e+00
      vertex   7.347905e+01 -3.882310e+01 3.000000e+00
    endloop
  endfacet
  facet normal 0.000000e+00 0.000000e+00 1.000000e+00
    outer loop
      vertex   7.347905e+01 -3.882310e+01 3.000000e+00
      vertex   7.158158e+01 -3.851633e+01 3.000000e+00
      vertex   8.437707e+01 -5.817364e+01 3.000000e+00
    endloop
  endfacet
  facet normal 0.000000e+00 0.000000e+00 1.000000e+00
    outer loop
      vertex   8.437707e+01 -5.817364e+01 3.000000e+00
      vertex   7.158158e+01 -3.851633e+01 3.000000e+00
      vertex   6.966046e+01 -3.845472e+01 3.000000e+00
    endloop
  endfacet
  facet normal 0.000000e+00 0.000000e+00 1.000000e+00
    outer loop
      vertex   8.437707e+01 -5.817364e+01 3.000000e+00
      vertex   6.966046e+01 -3.845472e+01 3.000000e+00
      vertex   6.774724e+01 -3.863929e+01 3.000000e+00
    endloop
  endfacet
  facet normal 0.000000e+00 0.000000e+00 1.000000e+00
    outer loop
      vertex   6.774724e+01 -3.863929e+01 3.000000e+00
      vertex   6.587332e+01 -3.906700e+01 3.000000e+00
      vertex   8.437707e+01 -5.817364e+01 3.000000e+00
    endloop
  endfacet
  facet normal 0.000000e+00 0.000000e+00 1.000000e+00
    outer loop
      vertex   8.437707e+01 -5.817364e+01 3.000000e+00
      vertex   6.587332e+01 -3.906700e+01 3.000000e+00
      vertex   6.406949e+01 -3.973083e+01 3.000000e+00
    endloop
  endfacet
  facet normal 0.000000e+00 0.000000e+00 1.000000e+00
    outer loop
      vertex   8.437707e+01 -5.817364e+01 3.000000e+00
      vertex   6.406949e+01 -3.973083e+01 3.000000e+00
      vertex   6.236535e+01 -4.061988e+01 3.000000e+00
    endloop
  endfacet
  facet normal 0.000000e+00 0.000000e+00 1.000000e+00
    outer loop
      vertex   6.236535e+01 -4.061988e+01 3.000000e+00
      vertex   6.078889e+01 -4.171955e+01 3.000000e+00
      vertex   8.437707e+01 -5.817364e+01 3.000000e+00
    endloop
  endfacet
  facet normal 0.000000e+00 0.000000e+00 1.000000e+00
    outer loop
      vertex   8.437707e+01 -5.817364e+01 3.000000e+00
      vertex   6.078889e+01 -4.171955e+01 3.000000e+00
      vertex   5.936600e+01 -4.301178e+01 3.000000e+00
    endloop
  endfacet
  facet normal 0.000000e+00 0.000000e+00 1.000000e+00
    outer loop
      vertex   8.437707e+01 -5.817364e+01 3.000000e+00
      vertex   5.936600e+01 -4.301178e+01 3.000000e+00
      vertex   5.812003e+01 -4.447536e+01 3.000000e+00
    endloop
  endfacet
  facet normal 0.000000e+00 0.000000e+00 1.000000e+00
    outer loop
      vertex   5.812003e+01 -4.447536e+01 3.000000e+00
      vertex   5.707146e+01 -4.608625e+01 3.000000e+00
      vertex   8.437707e+01 -5.817364e+01 3.000000e+00
    endloop
  endfacet
  facet normal 0.000000e+00 0.000000e+00 1.000000e+00
    outer loop
      vertex   8.437707e+01 -5.817364e+01 3.000000e+00
      vertex   5.707146e+01 -4.608625e+01 3.000000e+00
      vertex   5.623749e+01 -4.781801e+01 3.000000e+00
    endloop
  endfacet
  facet normal 0.000000e+00 0.000000e+00 1.000000e+00
    outer loop
      vertex   8.437707e+01 -5.817364e+01 3.000000e+00
      vertex   5.623749e+01 -4.781801e+01 3.000000e+00
      vertex   5.563181e+01 -4.964220e+01 3.000000e+00
    endloop
  endfacet
  facet normal 0.000000e+00 0.000000e+00 1.000000e+00
    outer loop
      vertex   5.563181e+01 -4.964220e+01 3.000000e+00
      vertex   5.526439e+01 -5.152886e+01 3.000000e+00
      vertex   8.437707e+01 -5.817364e+01 3.000000e+00
    endloop
  endfacet
  facet normal 0.000000e+00 0.000000e+00 1.000000e+00
    outer loop
      vertex   5.326519e+01 -5.549614e+01 3.000000e+00
      vertex   5.314124e+01 -5.344702e+01 3.000000e+00
      vertex   1.314124e+01 -4.644702e+01 3.000000e+00
    endloop
  endfacet
  facet normal 0.000000e+00 0.000000e+00 1.000000e+00
    outer loop
      vertex   1.314124e+01 -4.644702e+01 3.000000e+00
      vertex   5.314124e+01 -5.344702e+01 3.000000e+00
      vertex   5.326519e+01 -5.139789e+01 3.000000e+00
    endloop
  endfacet
  facet normal 0.000000e+00 0.000000e+00 1.000000e+00
    outer loop
      vertex   1.314124e+01 -4.644702e+01 3.000000e+00
      vertex   5.326519e+01 -5.139789e+01 3.000000e+00
      vertex   5.363523e+01 -4.937865e+01 3.000000e+00
    endloop
  endfacet
  facet normal 0.000000e+00 0.000000e+00 1.000000e+00
    outer loop
      vertex   5.424596e+01 -4.741873e+01 3.000000e+00
      vertex   1.360694e+01 -3.963868e+01 3.000000e+00
      vertex   5.363523e+01 -4.937865e+01 3.000000e+00
    endloop
  endfacet
  facet normal 0.000000e+00 0.000000e+00 1.000000e+00
    outer loop
      vertex   5.363523e+01 -4.937865e+01 3.000000e+00
      vertex   1.360694e+01 -3.963868e+01 3.000000e+00
      vertex   1.325780e+01 -4.303490e+01 3.000000e+00
    endloop
  endfacet
  facet normal 0.000000e+00 0.000000e+00 1.000000e+00
    outer loop
      vertex   5.363523e+01 -4.937865e+01 3.000000e+00
      vertex   1.325780e+01 -4.303490e+01 3.000000e+00
      vertex   1.314124e+01 -4.644702e+01 3.000000e+00
    endloop
  endfacet
  facet normal 0.000000e+00 0.000000e+00 1.000000e+00
    outer loop
      vertex   5.508848e+01 -4.554672e+01 3.000000e+00
      vertex   1.602819e+01 -2.970304e+01 3.000000e+00
      vertex   5.424596e+01 -4.741873e+01 3.000000e+00
    endloop
  endfacet
  facet normal 0.000000e+00 0.000000e+00 1.000000e+00
    outer loop
      vertex   5.424596e+01 -4.741873e+01 3.000000e+00
      vertex   1.602819e+01 -2.970304e+01 3.000000e+00
      vertex   1.499537e+01 -3.295718e+01 3.000000e+00
    endloop
  endfacet
  facet normal 0.000000e+00 0.000000e+00 1.000000e+00
    outer loop
      vertex   5.424596e+01 -4.741873e+01 3.000000e+00
      vertex   1.499537e+01 -3.295718e+01 3.000000e+00
      vertex   1.418703e+01 -3.627422e+01 3.000000e+00
    endloop
  endfacet
  facet normal 0.000000e+00 0.000000e+00 1.000000e+00
    outer loop
      vertex   5.615051e+01 -4.378992e+01 3.000000e+00
      vertex   1.874698e+01 -2.344377e+01 3.000000e+00
      vertex   5.508848e+01 -4.554672e+01 3.000000e+00
    endloop
  endfacet
  facet normal 0.000000e+00 0.000000e+00 1.000000e+00
    outer loop
      vertex   5.508848e+01 -4.554672e+01 3.000000e+00
      vertex   1.874698e+01 -2.344377e+01 3.000000e+00
      vertex   1.728067e+01 -2.652696e+01 3.000000e+00
    endloop
  endfacet
  facet normal 0.000000e+00 0.000000e+00 1.000000e+00
    outer loop
      vertex   5.508848e+01 -4.554672e+01 3.000000e+00
      vertex   1.728067e+01 -2.652696e+01 3.000000e+00
      vertex   1.602819e+01 -2.970304e+01 3.000000e+00
    endloop
  endfacet
  facet normal 0.000000e+00 0.000000e+00 1.000000e+00
    outer loop
      vertex   5.741655e+01 -4.217393e+01 3.000000e+00
      vertex   2.435567e+01 -1.489262e+01 3.000000e+00
      vertex   5.615051e+01 -4.378992e+01 3.000000e+00
    endloop
  endfacet
  facet normal 0.000000e+00 0.000000e+00 1.000000e+00
    outer loop
      vertex   5.615051e+01 -4.378992e+01 3.000000e+00
      vertex   2.435567e+01 -1.489262e+01 3.000000e+00
      vertex   2.229274e+01 -1.761300e+01 3.000000e+00
    endloop
  endfacet
  facet normal 0.000000e+00 0.000000e+00 1.000000e+00
    outer loop
      vertex   5.615051e+01 -4.378992e+01 3.000000e+00
      vertex   2.229274e+01 -1.761300e+01 3.000000e+00
      vertex   2.042027e+01 -2.046782e+01 3.000000e+00
    endloop
  endfacet
  facet normal 0.000000e+00 0.000000e+00 1.000000e+00
    outer loop
      vertex   5.886815e+01 -4.072233e+01 3.000000e+00
      vertex   2.901358e+01 -9.905219e+00 3.000000e+00
      vertex   5.741655e+01 -4.217393e+01 3.000000e+00
    endloop
  endfacet
  facet normal 0.000000e+00 0.000000e+00 1.000000e+00
    outer loop
      vertex   5.741655e+01 -4.217393e+01 3.000000e+00
      vertex   2.901358e+01 -9.905219e+00 3.000000e+00
      vertex   2.659944e+01 -1.231936e+01 3.000000e+00
    endloop
  endfacet
  facet normal 0.000000e+00 0.000000e+00 1.000000e+00
    outer loop
      vertex   5.741655e+01 -4.217393e+01 3.000000e+00
      vertex   2.659944e+01 -1.231936e+01 3.000000e+00
      vertex   2.435567e+01 -1.489262e+01 3.000000e+00
    endloop
  endfacet
  facet normal 0.000000e+00 0.000000e+00 1.000000e+00
    outer loop
      vertex   6.048414e+01 -3.945629e+01 3.000000e+00
      vertex   3.430722e+01 -5.598523e+00 3.000000e+00
      vertex   5.886815e+01 -4.072233e+01 3.000000e+00
    endloop
  endfacet
  facet normal 0.000000e+00 0.000000e+00 1.000000e+00
    outer loop
      vertex   5.886815e+01 -4.072233e+01 3.000000e+00
      vertex   3.430722e+01 -5.598523e+00 3.000000e+00
      vertex   3.158684e+01 -7.661453e+00 3.000000e+00
    endloop
  endfacet
  facet normal 0.000000e+00 0.000000e+00 1.000000e+00
    outer loop
      vertex   5.886815e+01 -4.072233e+01 3.000000e+00
      vertex   3.158684e+01 -7.661453e+00 3.000000e+00
      vertex   2.901358e+01 -9.905219e+00 3.000000e+00
    endloop
  endfacet
  facet normal 0.000000e+00 0.000000e+00 1.000000e+00
    outer loop
      vertex   6.224094e+01 -3.839426e+01 3.000000e+00
      vertex   4.322118e+01 -5.864523e-01 3.000000e+00
      vertex   6.048414e+01 -3.945629e+01 3.000000e+00
    endloop
  endfacet
  facet normal 0.000000e+00 0.000000e+00 1.000000e+00
    outer loop
      vertex   6.048414e+01 -3.945629e+01 3.000000e+00
      vertex   4.322118e+01 -5.864523e-01 3.000000e+00
      vertex   4.013799e+01 -2.052756e+00 3.000000e+00
    endloop
  endfacet
  facet normal 0.000000e+00 0.000000e+00 1.000000e+00
    outer loop
      vertex   6.048414e+01 -3.945629e+01 3.000000e+00
      vertex   4.013799e+01 -2.052756e+00 3.000000e+00
      vertex   3.716204e+01 -3.726047e+00 3.000000e+00
    endloop
  endfacet
  facet normal 0.000000e+00 0.000000e+00 1.000000e+00
    outer loop
      vertex   6.411295e+01 -3.755174e+01 3.000000e+00
      vertex   4.965140e+01 1.698847e+00 3.000000e+00
      vertex   6.224094e+01 -3.839426e+01 3.000000e+00
    endloop
  endfacet
  facet normal 0.000000e+00 0.000000e+00 1.000000e+00
    outer loop
      vertex   6.224094e+01 -3.839426e+01 3.000000e+00
      vertex   4.965140e+01 1.698847e+00 3.000000e+00
      vertex   4.639726e+01 6.660287e-01 3.000000e+00
    endloop
  endfacet
  facet normal 0.000000e+00 0.000000e+00 1.000000e+00
    outer loop
      vertex   6.224094e+01 -3.839426e+01 3.000000e+00
      vertex   4.639726e+01 6.660287e-01 3.000000e+00
      vertex   4.322118e+01 -5.864523e-01 3.000000e+00
    endloop
  endfacet
  facet normal 0.000000e+00 0.000000e+00 1.000000e+00
    outer loop
      vertex   6.607287e+01 -3.694101e+01 3.000000e+00
      vertex   5.633290e+01 3.087280e+00 3.000000e+00
      vertex   6.411295e+01 -3.755174e+01 3.000000e+00
    endloop
  endfacet
  facet normal 0.000000e+00 0.000000e+00 1.000000e+00
    outer loop
      vertex   6.411295e+01 -3.755174e+01 3.000000e+00
      vertex   5.633290e+01 3.087280e+00 3.000000e+00
      vertex   5.296844e+01 2.507187e+00 3.000000e+00
    endloop
  endfacet
  facet normal 0.000000e+00 0.000000e+00 1.000000e+00
    outer loop
      vertex   6.411295e+01 -3.755174e+01 3.000000e+00
      vertex   5.296844e+01 2.507187e+00 3.000000e+00
      vertex   4.965140e+01 1.698847e+00 3.000000e+00
    endloop
  endfacet
  facet normal 0.000000e+00 0.000000e+00 1.000000e+00
    outer loop
      vertex   6.809211e+01 -3.657097e+01 3.000000e+00
      vertex   6.314124e+01 3.552983e+00 3.000000e+00
      vertex   6.607287e+01 -3.694101e+01 3.000000e+00
    endloop
  endfacet
  facet normal 0.000000e+00 0.000000e+00 1.000000e+00
    outer loop
      vertex   6.607287e+01 -3.694101e+01 3.000000e+00
      vertex   6.314124e+01 3.552983e+00 3.000000e+00
      vertex   5.972912e+01 3.436421e+00 3.000000e+00
    endloop
  endfacet
  facet normal 0.000000e+00 0.000000e+00 1.000000e+00
    outer loop
      vertex   6.607287e+01 -3.694101e+01 3.000000e+00
      vertex   5.972912e+01 3.436421e+00 3.000000e+00
      vertex   5.633290e+01 3.087280e+00 3.000000e+00
    endloop
  endfacet
  facet normal 0.000000e+00 -0.000000e+00 1.000000e+00
    outer loop
      vertex   6.809211e+01 -3.657097e+01 3.000000e+00
      vertex   7.014124e+01 -3.644702e+01 3.000000e+00
      vertex   6.314124e+01 3.552983e+00 3.000000e+00
    endloop
  endfacet
  facet normal 0.000000e+00 0.000000e+00 1.000000e+00
    outer loop
      vertex   6.314124e+01 3.552983e+00 3.000000e+00
      vertex   7.014124e+01 -3.644702e+01 3.000000e+00
      vertex   7.219036e+01 -3.657097e+01 3.000000e+00
    endloop
  endfacet
  facet normal 0.000000e+00 0.000000e+00 1.000000e+00
    outer loop
      vertex   6.314124e+01 3.552983e+00 3.000000e+00
      vertex   7.219036e+01 -3.657097e+01 3.000000e+00
      vertex   7.420960e+01 -3.694101e+01 3.000000e+00
    endloop
  endfacet
  facet normal -0.000000e+00 -0.000000e+00 1.000000e+00
    outer loop
      vertex   7.420960e+01 -3.694101e+01 3.000000e+00
      vertex   7.616952e+01 -3.755174e+01 3.000000e+00
      vertex   6.314124e+01 3.552983e+00 3.000000e+00
    endloop
  endfacet
  facet normal 0.000000e+00 0.000000e+00 1.000000e+00
    outer loop
      vertex   6.314124e+01 3.552983e+00 3.000000e+00
      vertex   7.616952e+01 -3.755174e+01 3.000000e+00
      vertex   7.804153e+01 -3.839426e+01 3.000000e+00
    endloop
  endfacet
  facet normal -0.000000e+00 0.000000e+00 1.000000e+00
    outer loop
      vertex   6.314124e+01 3.552983e+00 3.000000e+00
      vertex   7.804153e+01 -3.839426e+01 3.000000e+00
      vertex   1.271412e+02 3.552983e+00 3.000000e+00
    endloop
  endfacet
  facet normal 0.000000e+00 0.000000e+00 1.000000e+00
    outer loop
      vertex   1.271412e+02 3.552983e+00 3.000000e+00
      vertex   7.804153e+01 -3.839426e+01 3.000000e+00
      vertex   7.979834e+01 -3.945629e+01 3.000000e+00
    endloop
  endfacet
  facet normal 0.000000e+00 0.000000e+00 1.000000e+00
    outer loop
      vertex   1.271412e+02 3.552983e+00 3.000000e+00
      vertex   7.979834e+01 -3.945629e+01 3.000000e+00
      vertex   8.141432e+01 -4.072233e+01 3.000000e+00
    endloop
  endfacet
  facet normal -0.000000e+00 0.000000e+00 1.000000e+00
    outer loop
      vertex   8.141432e+01 -4.072233e+01 3.000000e+00
      vertex   8.286592e+01 -4.217393e+01 3.000000e+00
      vertex   1.271412e+02 3.552983e+00 3.000000e+00
    endloop
  endfacet
  facet normal 0.000000e+00 0.000000e+00 1.000000e+00
    outer loop
      vertex   1.271412e+02 3.552983e+00 3.000000e+00
      vertex   8.286592e+01 -4.217393e+01 3.000000e+00
      vertex   8.413196e+01 -4.378992e+01 3.000000e+00
    endloop
  endfacet
  facet normal 0.000000e+00 0.000000e+00 1.000000e+00
    outer loop
      vertex   1.271412e+02 3.552983e+00 3.000000e+00
      vertex   8.413196e+01 -4.378992e+01 3.000000e+00
      vertex   8.519399e+01 -4.554672e+01 3.000000e+00
    endloop
  endfacet
  facet normal -0.000000e+00 0.000000e+00 1.000000e+00
    outer loop
      vertex   8.519399e+01 -4.554672e+01 3.000000e+00
      vertex   8.603651e+01 -4.741873e+01 3.000000e+00
      vertex   1.271412e+02 3.552983e+00 3.000000e+00
    endloop
  endfacet
  facet normal 0.000000e+00 0.000000e+00 1.000000e+00
    outer loop
      vertex   1.271412e+02 3.552983e+00 3.000000e+00
      vertex   8.603651e+01 -4.741873e+01 3.000000e+00
      vertex   8.664725e+01 -4.937865e+01 3.000000e+00
    endloop
  endfacet
  facet normal 0.000000e+00 0.000000e+00 1.000000e+00
    outer loop
      vertex   1.271412e+02 3.552983e+00 3.000000e+00
      vertex   8.664725e+01 -4.937865e+01 3.000000e+00
      vertex   8.701729e+01 -5.139789e+01 3.000000e+00
    endloop
  endfacet
  facet normal -0.000000e+00 0.000000e+00 1.000000e+00
    outer loop
      vertex   8.701729e+01 -5.139789e+01 3.000000e+00
      vertex   8.714124e+01 -5.344702e+01 3.000000e+00
      vertex   1.271412e+02 3.552983e+00 3.000000e+00
    endloop
  endfacet
  facet normal 0.000000e+00 0.000000e+00 1.000000e+00
    outer loop
      vertex   1.271412e+02 3.552983e+00 3.000000e+00
      vertex   8.714124e+01 -5.344702e+01 3.000000e+00
      vertex   1.271412e+02 -1.134470e+02 3.000000e+00
    endloop
  endfacet
  facet normal 0.000000e+00 0.000000e+00 1.000000e+00
    outer loop
      vertex   1.271412e+02 -1.134470e+02 3.000000e+00
      vertex   8.714124e+01 -5.344702e+01 3.000000e+00
      vertex   8.701729e+01 -5.549614e+01 3.000000e+00
    endloop
  endfacet
  facet normal 0.000000e+00 0.000000e+00 1.000000e+00
    outer loop
      vertex   1.271412e+02 -1.134470e+02 3.000000e+00
      vertex   8.701729e+01 -5.549614e+01 3.000000e+00
      vertex   8.664725e+01 -5.751538e+01 3.000000e+00
    endloop
  endfacet
  facet normal 0.000000e+00 0.000000e+00 1.000000e+00
    outer loop
      vertex   1.271412e+02 -1.134470e+02 3.000000e+00
      vertex   8.664725e+01 -5.751538e+01 3.000000e+00
      vertex   1.171412e+02 -1.114470e+02 3.000000e+00
    endloop
  endfacet
  facet normal 0.000000e+00 0.000000e+00 1.000000e+00
    outer loop
      vertex   1.171412e+02 -1.114470e+02 3.000000e+00
      vertex   8.664725e+01 -5.751538e+01 3.000000e+00
      vertex   8.603651e+01 -5.947530e+01 3.000000e+00
    endloop
  endfacet
  facet normal 0.000000e+00 0.000000e+00 1.000000e+00
    outer loop
      vertex   1.171412e+02 -1.114470e+02 3.000000e+00
      vertex   8.603651e+01 -5.947530e+01 3.000000e+00
      vertex   8.519399e+01 -6.134731e+01 3.000000e+00
    endloop
  endfacet
  facet normal 0.000000e+00 0.000000e+00 1.000000e+00
    outer loop
      vertex   8.519399e+01 -6.134731e+01 3.000000e+00
      vertex   8.413196e+01 -6.310412e+01 3.000000e+00
      vertex   1.171412e+02 -1.114470e+02 3.000000e+00
    endloop
  endfacet
  facet normal 0.000000e+00 0.000000e+00 1.000000e+00
    outer loop
      vertex   1.171412e+02 -1.114470e+02 3.000000e+00
      vertex   8.413196e+01 -6.310412e+01 3.000000e+00
      vertex   8.286592e+01 -6.472010e+01 3.000000e+00
    endloop
  endfacet
  facet normal 0.000000e+00 0.000000e+00 1.000000e+00
    outer loop
      vertex   1.171412e+02 -1.114470e+02 3.000000e+00
      vertex   8.286592e+01 -6.472010e+01 3.000000e+00
      vertex   8.141432e+01 -6.617170e+01 3.000000e+00
    endloop
  endfacet
  facet normal 0.000000e+00 0.000000e+00 1.000000e+00
    outer loop
      vertex   8.141432e+01 -6.617170e+01 3.000000e+00
      vertex   7.979834e+01 -6.743774e+01 3.000000e+00
      vertex   1.171412e+02 -1.114470e+02 3.000000e+00
    endloop
  endfacet
  facet normal 0.000000e+00 0.000000e+00 1.000000e+00
    outer loop
      vertex   1.171412e+02 -1.114470e+02 3.000000e+00
      vertex   7.979834e+01 -6.743774e+01 3.000000e+00
      vertex   7.804153e+01 -6.849977e+01 3.000000e+00
    endloop
  endfacet
  facet normal 0.000000e+00 0.000000e+00 1.000000e+00
    outer loop
      vertex   1.171412e+02 -1.114470e+02 3.000000e+00
      vertex   7.804153e+01 -6.849977e+01 3.000000e+00
      vertex   7.616952e+01 -6.934229e+01 3.000000e+00
    endloop
  endfacet
  facet normal 0.000000e+00 0.000000e+00 1.000000e+00
    outer loop
      vertex   7.616952e+01 -6.934229e+01 3.000000e+00
      vertex   7.420960e+01 -6.995303e+01 3.000000e+00
      vertex   1.171412e+02 -1.114470e+02 3.000000e+00
    endloop
  endfacet
  facet normal 0.000000e+00 0.000000e+00 1.000000e+00
    outer loop
      vertex   1.171412e+02 -1.114470e+02 3.000000e+00
      vertex   7.420960e+01 -6.995303e+01 3.000000e+00
      vertex   7.219036e+01 -7.032307e+01 3.000000e+00
    endloop
  endfacet
  facet normal 0.000000e+00 0.000000e+00 1.000000e+00
    outer loop
      vertex   1.171412e+02 -1.114470e+02 3.000000e+00
      vertex   7.219036e+01 -7.032307e+01 3.000000e+00
      vertex   7.014124e+01 -7.044702e+01 3.000000e+00
    endloop
  endfacet
  facet normal 0.000000e+00 0.000000e+00 1.000000e+00
    outer loop
      vertex   7.014124e+01 -7.044702e+01 3.000000e+00
      vertex   6.809211e+01 -7.032307e+01 3.000000e+00
      vertex   1.171412e+02 -1.114470e+02 3.000000e+00
    endloop
  endfacet
  facet normal 0.000000e+00 0.000000e+00 1.000000e+00
    outer loop
      vertex   1.171412e+02 -1.114470e+02 3.000000e+00
      vertex   6.809211e+01 -7.032307e+01 3.000000e+00
      vertex   1.314124e+01 -1.114470e+02 3.000000e+00
    endloop
  endfacet
  facet normal 0.000000e+00 0.000000e+00 1.000000e+00
    outer loop
      vertex   1.314124e+01 -1.114470e+02 3.000000e+00
      vertex   6.809211e+01 -7.032307e+01 3.000000e+00
      vertex   6.607287e+01 -6.995303e+01 3.000000e+00
    endloop
  endfacet
  facet normal 0.000000e+00 0.000000e+00 1.000000e+00
    outer loop
      vertex   1.314124e+01 -1.114470e+02 3.000000e+00
      vertex   6.607287e+01 -6.995303e+01 3.000000e+00
      vertex   6.411295e+01 -6.934229e+01 3.000000e+00
    endloop
  endfacet
  facet normal 0.000000e+00 0.000000e+00 1.000000e+00
    outer loop
      vertex   6.411295e+01 -6.934229e+01 3.000000e+00
      vertex   6.224094e+01 -6.849977e+01 3.000000e+00
      vertex   1.314124e+01 -1.114470e+02 3.000000e+00
    endloop
  endfacet
  facet normal 0.000000e+00 0.000000e+00 1.000000e+00
    outer loop
      vertex   1.314124e+01 -1.114470e+02 3.000000e+00
      vertex   6.224094e+01 -6.849977e+01 3.000000e+00
      vertex   6.048414e+01 -6.743774e+01 3.000000e+00
    endloop
  endfacet
  facet normal 0.000000e+00 0.000000e+00 1.000000e+00
    outer loop
      vertex   1.314124e+01 -1.114470e+02 3.000000e+00
      vertex   6.048414e+01 -6.743774e+01 3.000000e+00
      vertex   5.886815e+01 -6.617170e+01 3.000000e+00
    endloop
  endfacet
  facet normal 0.000000e+00 0.000000e+00 1.000000e+00
    outer loop
      vertex   5.886815e+01 -6.617170e+01 3.000000e+00
      vertex   5.741655e+01 -6.472010e+01 3.000000e+00
      vertex   1.314124e+01 -1.114470e+02 3.000000e+00
    endloop
  endfacet
  facet normal 0.000000e+00 0.000000e+00 1.000000e+00
    outer loop
      vertex   1.314124e+01 -1.114470e+02 3.000000e+00
      vertex   5.741655e+01 -6.472010e+01 3.000000e+00
      vertex   5.615051e+01 -6.310412e+01 3.000000e+00
    endloop
  endfacet
  facet normal 0.000000e+00 0.000000e+00 1.000000e+00
    outer loop
      vertex   1.314124e+01 -1.114470e+02 3.000000e+00
      vertex   5.615051e+01 -6.310412e+01 3.000000e+00
      vertex   5.508848e+01 -6.134731e+01 3.000000e+00
    endloop
  endfacet
  facet normal 0.000000e+00 -0.000000e+00 1.000000e+00
    outer loop
      vertex   1.314124e+01 -1.114470e+02 3.000000e+00
      vertex   5.508848e+01 -6.134731e+01 3.000000e+00
      vertex   1.314124e+01 -4.644702e+01 3.000000e+00
    endloop
  endfacet
  facet normal 0.000000e+00 0.000000e+00 1.000000e+00
    outer loop
      vertex   1.314124e+01 -4.644702e+01 3.000000e+00
      vertex   5.508848e+01 -6.134731e+01 3.000000e+00
      vertex   5.424596e+01 -5.947530e+01 3.000000e+00
    endloop
  endfacet
  facet normal 0.000000e+00 0.000000e+00 1.000000e+00
    outer loop
      vertex   1.314124e+01 -4.644702e+01 3.000000e+00
      vertex   5.424596e+01 -5.947530e+01 3.000000e+00
      vertex   5.363523e+01 -5.751538e+01 3.000000e+00
    endloop
  endfacet
  facet normal 0.000000e+00 0.000000e+00 1.000000e+00
    outer loop
      vertex   5.363523e+01 -5.751538e+01 3.000000e+00
      vertex   5.326519e+01 -5.549614e+01 3.000000e+00
      vertex   1.314124e+01 -4.644702e+01 3.000000e+00
    endloop
  endfacet
  facet normal 0.000000e+00 0.000000e+00 1.000000e+00
    outer loop
      vertex   3.716204e+01 -3.726047e+00 3.000000e+00
      vertex   3.430722e+01 -5.598523e+00 3.000000e+00
      vertex   6.048414e+01 -3.945629e+01 3.000000e+00
    endloop
  endfacet
  facet normal 0.000000e+00 0.000000e+00 1.000000e+00
    outer loop
      vertex   2.042027e+01 -2.046782e+01 3.000000e+00
      vertex   1.874698e+01 -2.344377e+01 3.000000e+00
      vertex   5.615051e+01 -4.378992e+01 3.000000e+00
    endloop
  endfacet
  facet normal 0.000000e+00 0.000000e+00 1.000000e+00
    outer loop
      vertex   1.418703e+01 -3.627422e+01 3.000000e+00
      vertex   1.360694e+01 -3.963868e+01 3.000000e+00
      vertex   5.424596e+01 -4.741873e+01 3.000000e+00
    endloop
  endfacet
  facet normal 0.000000e+00 0.000000e+00 1.000000e+00
    outer loop
      vertex   1.171412e+02 -1.114470e+02 3.000000e+00
      vertex   1.171412e+02 -1.134470e+02 3.000000e+00
      vertex   1.271412e+02 -1.134470e+02 3.000000e+00
    endloop
  endfacet
  facet normal 9.979454e-01 -6.407022e-02 0.000000e+00
    outer loop
      vertex   5.526439e+01 -5.152886e+01 3.000000e+00
      vertex   5.526439e+01 -5.152886e+01 3.866667e+01
      vertex   5.514124e+01 -5.344702e+01 3.000000e+00
    endloop
  endfacet
  facet normal 9.979454e-01 -6.407022e-02 0.000000e+00
    outer loop
      vertex   5.514124e+01 -5.344702e+01 3.000000e+00
      vertex   5.526439e+01 -5.152886e+01 3.866667e+01
      vertex   5.514124e+01 -5.344702e+01 3.866667e+01
    endloop
  endfacet
  facet normal 9.979454e-01 6.407022e-02 -0.000000e+00
    outer loop
      vertex   5.514124e+01 -5.344702e+01 3.000000e+00
      vertex   5.514124e+01 -5.344702e+01 3.866667e+01
      vertex   5.526439e+01 -5.536517e+01 3.000000e+00
    endloop
  endfacet
  facet normal 9.979454e-01 6.407022e-02 -0.000000e+00
    outer loop
      vertex   5.526439e+01 -5.536517e+01 3.000000e+00
      vertex   5.514124e+01 -5.344702e+01 3.866667e+01
      vertex   5.526439e+01 -5.536517e+01 3.866667e+01
    endloop
  endfacet
  facet normal 9.815592e-01 1.911586e-01 -0.000000e+00
    outer loop
      vertex   5.526439e+01 -5.536517e+01 3.000000e+00
      vertex   5.526439e+01 -5.536517e+01 3.866667e+01
      vertex   5.563181e+01 -5.725184e+01 3.000000e+00
    endloop
  endfacet
  facet normal 9.815592e-01 1.911586e-01 -0.000000e+00
    outer loop
      vertex   5.563181e+01 -5.725184e+01 3.000000e+00
      vertex   5.526439e+01 -5.536517e+01 3.866667e+01
      vertex   5.563181e+01 -5.725184e+01 3.866667e+01
    endloop
  endfacet
  facet normal 9.490557e-01 3.151082e-01 -0.000000e+00
    outer loop
      vertex   5.563181e+01 -5.725184e+01 3.000000e+00
      vertex   5.563181e+01 -5.725184e+01 3.866667e+01
      vertex   5.623749e+01 -5.907602e+01 3.000000e+00
    endloop
  endfacet
  facet normal 9.490557e-01 3.151082e-01 -0.000000e+00
    outer loop
      vertex   5.623749e+01 -5.907602e+01 3.000000e+00
      vertex   5.563181e+01 -5.725184e+01 3.866667e+01
      vertex   5.623749e+01 -5.907602e+01 3.866667e+01
    endloop
  endfacet
  facet normal 9.009689e-01 4.338837e-01 -0.000000e+00
    outer loop
      vertex   5.623749e+01 -5.907602e+01 3.000000e+00
      vertex   5.623749e+01 -5.907602e+01 3.866667e+01
      vertex   5.707146e+01 -6.080778e+01 3.000000e+00
    endloop
  endfacet
  facet normal 9.009689e-01 4.338837e-01 -0.000000e+00
    outer loop
      vertex   5.707146e+01 -6.080778e+01 3.000000e+00
      vertex   5.623749e+01 -5.907602e+01 3.866667e+01
      vertex   5.707146e+01 -6.080778e+01 3.866667e+01
    endloop
  endfacet
  facet normal 8.380881e-01 5.455349e-01 -0.000000e+00
    outer loop
      vertex   5.707146e+01 -6.080778e+01 3.000000e+00
      vertex   5.707146e+01 -6.080778e+01 3.866667e+01
      vertex   5.812003e+01 -6.241868e+01 3.000000e+00
    endloop
  endfacet
  facet normal 8.380881e-01 5.455349e-01 -0.000000e+00
    outer loop
      vertex   5.812003e+01 -6.241868e+01 3.000000e+00
      vertex   5.707146e+01 -6.080778e+01 3.866667e+01
      vertex   5.812003e+01 -6.241868e+01 3.866667e+01
    endloop
  endfacet
  facet normal 7.614460e-01 6.482284e-01 -0.000000e+00
    outer loop
      vertex   5.812003e+01 -6.241868e+01 3.000000e+00
      vertex   5.812003e+01 -6.241868e+01 3.866667e+01
      vertex   5.936600e+01 -6.388226e+01 3.000000e+00
    endloop
  endfacet
  facet normal 7.614460e-01 6.482284e-01 3.033869e-16
    outer loop
      vertex   5.936600e+01 -6.388226e+01 3.000000e+00
      vertex   5.812003e+01 -6.241868e+01 3.866667e+01
      vertex   5.936600e+01 -6.388226e+01 3.866667e+01
    endloop
  endfacet
  facet normal 6.723009e-01 7.402780e-01 2.678683e-16
    outer loop
      vertex   5.936600e+01 -6.388226e+01 3.000000e+00
      vertex   5.936600e+01 -6.388226e+01 3.866667e+01
      vertex   6.078889e+01 -6.517449e+01 3.000000e+00
    endloop
  endfacet
  facet normal 6.723009e-01 7.402780e-01 -0.000000e+00
    outer loop
      vertex   6.078889e+01 -6.517449e+01 3.000000e+00
      vertex   5.936600e+01 -6.388226e+01 3.866667e+01
      vertex   6.078889e+01 -6.517449e+01 3.866667e+01
    endloop
  endfacet
  facet normal 5.721167e-01 8.201723e-01 -0.000000e+00
    outer loop
      vertex   6.078889e+01 -6.517449e+01 3.000000e+00
      vertex   6.078889e+01 -6.517449e+01 3.866667e+01
      vertex   6.236535e+01 -6.627416e+01 3.000000e+00
    endloop
  endfacet
  facet normal 5.721167e-01 8.201723e-01 -0.000000e+00
    outer loop
      vertex   6.236535e+01 -6.627416e+01 3.000000e+00
      vertex   6.078889e+01 -6.517449e+01 3.866667e+01
      vertex   6.236535e+01 -6.627416e+01 3.866667e+01
    endloop
  endfacet
  facet normal 4.625383e-01 8.865993e-01 -0.000000e+00
    outer loop
      vertex   6.236535e+01 -6.627416e+01 3.000000e+00
      vertex   6.236535e+01 -6.627416e+01 3.866667e+01
      vertex   6.406949e+01 -6.716321e+01 3.000000e+00
    endloop
  endfacet
  facet normal 4.625383e-01 8.865993e-01 -0.000000e+00
    outer loop
      vertex   6.406949e+01 -6.716321e+01 3.000000e+00
      vertex   6.236535e+01 -6.627416e+01 3.866667e+01
      vertex   6.406949e+01 -6.716321e+01 3.866667e+01
    endloop
  endfacet
  facet normal 3.453651e-01 9.384684e-01 -0.000000e+00
    outer loop
      vertex   6.406949e+01 -6.716321e+01 3.000000e+00
      vertex   6.406949e+01 -6.716321e+01 3.866667e+01
      vertex   6.587332e+01 -6.782704e+01 3.000000e+00
    endloop
  endfacet
  facet normal 3.453651e-01 9.384684e-01 -0.000000e+00
    outer loop
      vertex   6.587332e+01 -6.782704e+01 3.000000e+00
      vertex   6.406949e+01 -6.716321e+01 3.866667e+01
      vertex   6.587332e+01 -6.782704e+01 3.866667e+01
    endloop
  endfacet
  facet normal 2.225209e-01 9.749279e-01 -0.000000e+00
    outer loop
      vertex   6.587332e+01 -6.782704e+01 3.000000e+00
      vertex   6.587332e+01 -6.782704e+01 3.866667e+01
      vertex   6.774724e+01 -6.825474e+01 3.000000e+00
    endloop
  endfacet
  facet normal 2.225209e-01 9.749279e-01 -0.000000e+00
    outer loop
      vertex   6.774724e+01 -6.825474e+01 3.000000e+00
      vertex   6.587332e+01 -6.782704e+01 3.866667e+01
      vertex   6.774724e+01 -6.825474e+01 3.866667e+01
    endloop
  endfacet
  facet normal 9.602303e-02 9.953791e-01 -0.000000e+00
    outer loop
      vertex   6.774724e+01 -6.825474e+01 3.000000e+00
      vertex   6.774724e+01 -6.825474e+01 3.866667e+01
      vertex   6.966046e+01 -6.843931e+01 3.000000e+00
    endloop
  endfacet
  facet normal 9.602303e-02 9.953791e-01 -0.000000e+00
    outer loop
      vertex   6.966046e+01 -6.843931e+01 3.000000e+00
      vertex   6.774724e+01 -6.825474e+01 3.866667e+01
      vertex   6.966046e+01 -6.843931e+01 3.866667e+01
    endloop
  endfacet
  facet normal -3.205158e-02 9.994862e-01 0.000000e+00
    outer loop
      vertex   6.966046e+01 -6.843931e+01 3.000000e+00
      vertex   6.966046e+01 -6.843931e+01 3.866667e+01
      vertex   7.158158e+01 -6.837770e+01 3.000000e+00
    endloop
  endfacet
  facet normal -3.205158e-02 9.994862e-01 0.000000e+00
    outer loop
      vertex   7.158158e+01 -6.837770e+01 3.000000e+00
      vertex   6.966046e+01 -6.843931e+01 3.866667e+01
      vertex   7.158158e+01 -6.837770e+01 3.866667e+01
    endloop
  endfacet
  facet normal -1.595999e-01 9.871818e-01 0.000000e+00
    outer loop
      vertex   7.158158e+01 -6.837770e+01 3.000000e+00
      vertex   7.158158e+01 -6.837770e+01 3.866667e+01
      vertex   7.347905e+01 -6.807094e+01 3.000000e+00
    endloop
  endfacet
  facet normal -1.595999e-01 9.871818e-01 0.000000e+00
    outer loop
      vertex   7.347905e+01 -6.807094e+01 3.000000e+00
      vertex   7.158158e+01 -6.837770e+01 3.866667e+01
      vertex   7.347905e+01 -6.807094e+01 3.866667e+01
    endloop
  endfacet
  facet normal -2.845276e-01 9.586679e-01 0.000000e+00
    outer loop
      vertex   7.347905e+01 -6.807094e+01 3.000000e+00
      vertex   7.347905e+01 -6.807094e+01 3.866667e+01
      vertex   7.532171e+01 -6.752404e+01 3.000000e+00
    endloop
  endfacet
  facet normal -2.845276e-01 9.586679e-01 0.000000e+00
    outer loop
      vertex   7.532171e+01 -6.752404e+01 3.000000e+00
      vertex   7.347905e+01 -6.807094e+01 3.866667e+01
      vertex   7.532171e+01 -6.752404e+01 3.866667e+01
    endloop
  endfacet
  facet normal -4.047833e-01 9.144126e-01 0.000000e+00
    outer loop
      vertex   7.532171e+01 -6.752404e+01 3.000000e+00
      vertex   7.532171e+01 -6.752404e+01 3.866667e+01
      vertex   7.707931e+01 -6.674601e+01 3.000000e+00
    endloop
  endfacet
  facet normal -4.047833e-01 9.144126e-01 0.000000e+00
    outer loop
      vertex   7.707931e+01 -6.674601e+01 3.000000e+00
      vertex   7.532171e+01 -6.752404e+01 3.866667e+01
      vertex   7.707931e+01 -6.674601e+01 3.866667e+01
    endloop
  endfacet
  facet normal -5.183926e-01 8.551428e-01 0.000000e+00
    outer loop
      vertex   7.707931e+01 -6.674601e+01 3.000000e+00
      vertex   7.707931e+01 -6.674601e+01 3.866667e+01
      vertex   7.872299e+01 -6.574960e+01 3.000000e+00
    endloop
  endfacet
  facet normal -5.183926e-01 8.551428e-01 0.000000e+00
    outer loop
      vertex   7.872299e+01 -6.574960e+01 3.000000e+00
      vertex   7.707931e+01 -6.674601e+01 3.866667e+01
      vertex   7.872299e+01 -6.574960e+01 3.866667e+01
    endloop
  endfacet
  facet normal -6.234898e-01 7.818315e-01 0.000000e+00
    outer loop
      vertex   7.872299e+01 -6.574960e+01 3.000000e+00
      vertex   7.872299e+01 -6.574960e+01 3.866667e+01
      vertex   8.022575e+01 -6.455119e+01 3.000000e+00
    endloop
  endfacet
  facet normal -6.234898e-01 7.818315e-01 0.000000e+00
    outer loop
      vertex   8.022575e+01 -6.455119e+01 3.000000e+00
      vertex   7.872299e+01 -6.574960e+01 3.866667e+01
      vertex   8.022575e+01 -6.455119e+01 3.866667e+01
    endloop
  endfacet
  facet normal -7.183494e-01 6.956826e-01 0.000000e+00
    outer loop
      vertex   8.022575e+01 -6.455119e+01 3.000000e+00
      vertex   8.022575e+01 -6.455119e+01 3.866667e+01
      vertex   8.156293e+01 -6.317044e+01 3.000000e+00
    endloop
  endfacet
  facet normal -7.183494e-01 6.956826e-01 2.771844e-16
    outer loop
      vertex   8.156293e+01 -6.317044e+01 3.000000e+00
      vertex   8.022575e+01 -6.455119e+01 3.866667e+01
      vertex   8.156293e+01 -6.317044e+01 3.866667e+01
    endloop
  endfacet
  facet normal -8.014136e-01 5.981105e-01 2.383083e-16
    outer loop
      vertex   8.156293e+01 -6.317044e+01 3.000000e+00
      vertex   8.156293e+01 -6.317044e+01 3.866667e+01
      vertex   8.271256e+01 -6.163004e+01 3.000000e+00
    endloop
  endfacet
  facet normal -8.014136e-01 5.981105e-01 0.000000e+00
    outer loop
      vertex   8.271256e+01 -6.163004e+01 3.000000e+00
      vertex   8.156293e+01 -6.317044e+01 3.866667e+01
      vertex   8.271256e+01 -6.163004e+01 3.866667e+01
    endloop
  endfacet
  facet normal -8.713187e-01 4.907176e-01 0.000000e+00
    outer loop
      vertex   8.271256e+01 -6.163004e+01 3.000000e+00
      vertex   8.271256e+01 -6.163004e+01 3.866667e+01
      vertex   8.365577e+01 -5.995527e+01 3.000000e+00
    endloop
  endfacet
  facet normal -8.713187e-01 4.907176e-01 0.000000e+00
    outer loop
      vertex   8.365577e+01 -5.995527e+01 3.000000e+00
      vertex   8.271256e+01 -6.163004e+01 3.866667e+01
      vertex   8.365577e+01 -5.995527e+01 3.866667e+01
    endloop
  endfacet
  facet normal -9.269168e-01 3.752670e-01 0.000000e+00
    outer loop
      vertex   8.365577e+01 -5.995527e+01 3.000000e+00
      vertex   8.365577e+01 -5.995527e+01 3.866667e+01
      vertex   8.437707e+01 -5.817364e+01 3.000000e+00
    endloop
  endfacet
  facet normal -9.269168e-01 3.752670e-01 0.000000e+00
    outer loop
      vertex   8.437707e+01 -5.817364e+01 3.000000e+00
      vertex   8.365577e+01 -5.995527e+01 3.866667e+01
      vertex   8.437707e+01 -5.817364e+01 3.866667e+01
    endloop
  endfacet
  facet normal -9.672949e-01 2.536546e-01 0.000000e+00
    outer loop
      vertex   8.437707e+01 -5.817364e+01 3.000000e+00
      vertex   8.437707e+01 -5.817364e+01 3.866667e+01
      vertex   8.486462e+01 -5.631440e+01 3.000000e+00
    endloop
  endfacet
  facet normal -9.672949e-01 2.536546e-01 0.000000e+00
    outer loop
      vertex   8.486462e+01 -5.631440e+01 3.000000e+00
      vertex   8.437707e+01 -5.817364e+01 3.866667e+01
      vertex   8.486462e+01 -5.631440e+01 3.866667e+01
    endloop
  endfacet
  facet normal -9.917900e-01 1.278772e-01 0.000000e+00
    outer loop
      vertex   8.486462e+01 -5.631440e+01 3.000000e+00
      vertex   8.486462e+01 -5.631440e+01 3.866667e+01
      vertex   8.511042e+01 -5.440807e+01 3.000000e+00
    endloop
  endfacet
  facet normal -9.917900e-01 1.278772e-01 0.000000e+00
    outer loop
      vertex   8.511042e+01 -5.440807e+01 3.000000e+00
      vertex   8.486462e+01 -5.631440e+01 3.866667e+01
      vertex   8.511042e+01 -5.440807e+01 3.866667e+01
    endloop
  endfacet
  facet normal -1.000000e+00 0.000000e+00 0.000000e+00
    outer loop
      vertex   8.511042e+01 -5.440807e+01 3.000000e+00
      vertex   8.511042e+01 -5.440807e+01 3.866667e+01
      vertex   8.511042e+01 -5.248596e+01 3.000000e+00
    endloop
  endfacet
  facet normal -1.000000e+00 0.000000e+00 0.000000e+00
    outer loop
      vertex   8.511042e+01 -5.248596e+01 3.000000e+00
      vertex   8.511042e+01 -5.440807e+01 3.866667e+01
      vertex   8.511042e+01 -5.248596e+01 3.866667e+01
    endloop
  endfacet
  facet normal -9.917900e-01 -1.278772e-01 0.000000e+00
    outer loop
      vertex   8.511042e+01 -5.248596e+01 3.000000e+00
      vertex   8.511042e+01 -5.248596e+01 3.866667e+01
      vertex   8.486462e+01 -5.057964e+01 3.000000e+00
    endloop
  endfacet
  facet normal -9.917900e-01 -1.278772e-01 0.000000e+00
    outer loop
      vertex   8.486462e+01 -5.057964e+01 3.000000e+00
      vertex   8.511042e+01 -5.248596e+01 3.866667e+01
      vertex   8.486462e+01 -5.057964e+01 3.866667e+01
    endloop
  endfacet
  facet normal -9.672949e-01 -2.536546e-01 0.000000e+00
    outer loop
      vertex   8.486462e+01 -5.057964e+01 3.000000e+00
      vertex   8.486462e+01 -5.057964e+01 3.866667e+01
      vertex   8.437707e+01 -4.872039e+01 3.000000e+00
    endloop
  endfacet
  facet normal -9.672949e-01 -2.536546e-01 0.000000e+00
    outer loop
      vertex   8.437707e+01 -4.872039e+01 3.000000e+00
      vertex   8.486462e+01 -5.057964e+01 3.866667e+01
      vertex   8.437707e+01 -4.872039e+01 3.866667e+01
    endloop
  endfacet
  facet normal -9.269168e-01 -3.752670e-01 0.000000e+00
    outer loop
      vertex   8.437707e+01 -4.872039e+01 3.000000e+00
      vertex   8.437707e+01 -4.872039e+01 3.866667e+01
      vertex   8.365577e+01 -4.693876e+01 3.000000e+00
    endloop
  endfacet
  facet normal -9.269168e-01 -3.752670e-01 0.000000e+00
    outer loop
      vertex   8.365577e+01 -4.693876e+01 3.000000e+00
      vertex   8.437707e+01 -4.872039e+01 3.866667e+01
      vertex   8.365577e+01 -4.693876e+01 3.866667e+01
    endloop
  endfacet
  facet normal -8.713187e-01 -4.907176e-01 0.000000e+00
    outer loop
      vertex   8.365577e+01 -4.693876e+01 3.000000e+00
      vertex   8.365577e+01 -4.693876e+01 3.866667e+01
      vertex   8.271256e+01 -4.526399e+01 3.000000e+00
    endloop
  endfacet
  facet normal -8.713187e-01 -4.907176e-01 9.775957e-17
    outer loop
      vertex   8.271256e+01 -4.526399e+01 3.000000e+00
      vertex   8.365577e+01 -4.693876e+01 3.866667e+01
      vertex   8.271256e+01 -4.526399e+01 3.866667e+01
    endloop
  endfacet
  facet normal -8.014136e-01 -5.981105e-01 1.191541e-16
    outer loop
      vertex   8.271256e+01 -4.526399e+01 3.000000e+00
      vertex   8.271256e+01 -4.526399e+01 3.866667e+01
      vertex   8.156293e+01 -4.372359e+01 3.000000e+00
    endloop
  endfacet
  facet normal -8.014136e-01 -5.981105e-01 0.000000e+00
    outer loop
      vertex   8.156293e+01 -4.372359e+01 3.000000e+00
      vertex   8.271256e+01 -4.526399e+01 3.866667e+01
      vertex   8.156293e+01 -4.372359e+01 3.866667e+01
    endloop
  endfacet
  facet normal -7.183494e-01 -6.956826e-01 0.000000e+00
    outer loop
      vertex   8.156293e+01 -4.372359e+01 3.000000e+00
      vertex   8.156293e+01 -4.372359e+01 3.866667e+01
      vertex   8.022575e+01 -4.234285e+01 3.000000e+00
    endloop
  endfacet
  facet normal -7.183494e-01 -6.956826e-01 0.000000e+00
    outer loop
      vertex   8.022575e+01 -4.234285e+01 3.000000e+00
      vertex   8.156293e+01 -4.372359e+01 3.866667e+01
      vertex   8.022575e+01 -4.234285e+01 3.866667e+01
    endloop
  endfacet
  facet normal -6.234898e-01 -7.818315e-01 0.000000e+00
    outer loop
      vertex   8.022575e+01 -4.234285e+01 3.000000e+00
      vertex   8.022575e+01 -4.234285e+01 3.866667e+01
      vertex   7.872299e+01 -4.114443e+01 3.000000e+00
    endloop
  endfacet
  facet normal -6.234898e-01 -7.818315e-01 0.000000e+00
    outer loop
      vertex   7.872299e+01 -4.114443e+01 3.000000e+00
      vertex   8.022575e+01 -4.234285e+01 3.866667e+01
      vertex   7.872299e+01 -4.114443e+01 3.866667e+01
    endloop
  endfacet
  facet normal -5.183926e-01 -8.551428e-01 0.000000e+00
    outer loop
      vertex   7.872299e+01 -4.114443e+01 3.000000e+00
      vertex   7.872299e+01 -4.114443e+01 3.866667e+01
      vertex   7.707931e+01 -4.014803e+01 3.000000e+00
    endloop
  endfacet
  facet normal -5.183926e-01 -8.551428e-01 0.000000e+00
    outer loop
      vertex   7.707931e+01 -4.014803e+01 3.000000e+00
      vertex   7.872299e+01 -4.114443e+01 3.866667e+01
      vertex   7.707931e+01 -4.014803e+01 3.866667e+01
    endloop
  endfacet
  facet normal -4.047833e-01 -9.144126e-01 0.000000e+00
    outer loop
      vertex   7.707931e+01 -4.014803e+01 3.000000e+00
      vertex   7.707931e+01 -4.014803e+01 3.866667e+01
      vertex   7.532171e+01 -3.936999e+01 3.000000e+00
    endloop
  endfacet
  facet normal -4.047833e-01 -9.144126e-01 -1.821671e-16
    outer loop
      vertex   7.532171e+01 -3.936999e+01 3.000000e+00
      vertex   7.707931e+01 -4.014803e+01 3.866667e+01
      vertex   7.532171e+01 -3.936999e+01 3.866667e+01
    endloop
  endfacet
  facet normal -2.845276e-01 -9.586679e-01 -1.909835e-16
    outer loop
      vertex   7.532171e+01 -3.936999e+01 3.000000e+00
      vertex   7.532171e+01 -3.936999e+01 3.866667e+01
      vertex   7.347905e+01 -3.882310e+01 3.000000e+00
    endloop
  endfacet
  facet normal -2.845276e-01 -9.586679e-01 0.000000e+00
    outer loop
      vertex   7.347905e+01 -3.882310e+01 3.000000e+00
      vertex   7.532171e+01 -3.936999e+01 3.866667e+01
      vertex   7.347905e+01 -3.882310e+01 3.866667e+01
    endloop
  endfacet
  facet normal -1.595999e-01 -9.871818e-01 0.000000e+00
    outer loop
      vertex   7.347905e+01 -3.882310e+01 3.000000e+00
      vertex   7.347905e+01 -3.882310e+01 3.866667e+01
      vertex   7.158158e+01 -3.851633e+01 3.000000e+00
    endloop
  endfacet
  facet normal -1.595999e-01 -9.871818e-01 0.000000e+00
    outer loop
      vertex   7.158158e+01 -3.851633e+01 3.000000e+00
      vertex   7.347905e+01 -3.882310e+01 3.866667e+01
      vertex   7.158158e+01 -3.851633e+01 3.866667e+01
    endloop
  endfacet
  facet normal -3.205158e-02 -9.994862e-01 0.000000e+00
    outer loop
      vertex   7.158158e+01 -3.851633e+01 3.000000e+00
      vertex   7.158158e+01 -3.851633e+01 3.866667e+01
      vertex   6.966046e+01 -3.845472e+01 3.000000e+00
    endloop
  endfacet
  facet normal -3.205158e-02 -9.994862e-01 0.000000e+00
    outer loop
      vertex   6.966046e+01 -3.845472e+01 3.000000e+00
      vertex   7.158158e+01 -3.851633e+01 3.866667e+01
      vertex   6.966046e+01 -3.845472e+01 3.866667e+01
    endloop
  endfacet
  facet normal 9.602303e-02 -9.953791e-01 0.000000e+00
    outer loop
      vertex   6.966046e+01 -3.845472e+01 3.000000e+00
      vertex   6.966046e+01 -3.845472e+01 3.866667e+01
      vertex   6.774724e+01 -3.863929e+01 3.000000e+00
    endloop
  endfacet
  facet normal 9.602303e-02 -9.953791e-01 0.000000e+00
    outer loop
      vertex   6.774724e+01 -3.863929e+01 3.000000e+00
      vertex   6.966046e+01 -3.845472e+01 3.866667e+01
      vertex   6.774724e+01 -3.863929e+01 3.866667e+01
    endloop
  endfacet
  facet normal 2.225209e-01 -9.749279e-01 0.000000e+00
    outer loop
      vertex   6.774724e+01 -3.863929e+01 3.000000e+00
      vertex   6.774724e+01 -3.863929e+01 3.866667e+01
      vertex   6.587332e+01 -3.906700e+01 3.000000e+00
    endloop
  endfacet
  facet normal 2.225209e-01 -9.749279e-01 0.000000e+00
    outer loop
      vertex   6.587332e+01 -3.906700e+01 3.000000e+00
      vertex   6.774724e+01 -3.863929e+01 3.866667e+01
      vertex   6.587332e+01 -3.906700e+01 3.866667e+01
    endloop
  endfacet
  facet normal 3.453651e-01 -9.384684e-01 0.000000e+00
    outer loop
      vertex   6.587332e+01 -3.906700e+01 3.000000e+00
      vertex   6.587332e+01 -3.906700e+01 3.866667e+01
      vertex   6.406949e+01 -3.973083e+01 3.000000e+00
    endloop
  endfacet
  facet normal 3.453651e-01 -9.384684e-01 0.000000e+00
    outer loop
      vertex   6.406949e+01 -3.973083e+01 3.000000e+00
      vertex   6.587332e+01 -3.906700e+01 3.866667e+01
      vertex   6.406949e+01 -3.973083e+01 3.866667e+01
    endloop
  endfacet
  facet normal 4.625383e-01 -8.865993e-01 0.000000e+00
    outer loop
      vertex   6.406949e+01 -3.973083e+01 3.000000e+00
      vertex   6.406949e+01 -3.973083e+01 3.866667e+01
      vertex   6.236535e+01 -4.061988e+01 3.000000e+00
    endloop
  endfacet
  facet normal 4.625383e-01 -8.865993e-01 0.000000e+00
    outer loop
      vertex   6.236535e+01 -4.061988e+01 3.000000e+00
      vertex   6.406949e+01 -3.973083e+01 3.866667e+01
      vertex   6.236535e+01 -4.061988e+01 3.866667e+01
    endloop
  endfacet
  facet normal 5.721167e-01 -8.201723e-01 0.000000e+00
    outer loop
      vertex   6.236535e+01 -4.061988e+01 3.000000e+00
      vertex   6.236535e+01 -4.061988e+01 3.866667e+01
      vertex   6.078889e+01 -4.171955e+01 3.000000e+00
    endloop
  endfacet
  facet normal 5.721167e-01 -8.201723e-01 0.000000e+00
    outer loop
      vertex   6.078889e+01 -4.171955e+01 3.000000e+00
      vertex   6.236535e+01 -4.061988e+01 3.866667e+01
      vertex   6.078889e+01 -4.171955e+01 3.866667e+01
    endloop
  endfacet
  facet normal 6.723009e-01 -7.402780e-01 0.000000e+00
    outer loop
      vertex   6.078889e+01 -4.171955e+01 3.000000e+00
      vertex   6.078889e+01 -4.171955e+01 3.866667e+01
      vertex   5.936600e+01 -4.301178e+01 3.000000e+00
    endloop
  endfacet
  facet normal 6.723009e-01 -7.402780e-01 0.000000e+00
    outer loop
      vertex   5.936600e+01 -4.301178e+01 3.000000e+00
      vertex   6.078889e+01 -4.171955e+01 3.866667e+01
      vertex   5.936600e+01 -4.301178e+01 3.866667e+01
    endloop
  endfacet
  facet normal 7.614460e-01 -6.482284e-01 0.000000e+00
    outer loop
      vertex   5.936600e+01 -4.301178e+01 3.000000e+00
      vertex   5.936600e+01 -4.301178e+01 3.866667e+01
      vertex   5.812003e+01 -4.447536e+01 3.000000e+00
    endloop
  endfacet
  facet normal 7.614460e-01 -6.482284e-01 0.000000e+00
    outer loop
      vertex   5.812003e+01 -4.447536e+01 3.000000e+00
      vertex   5.936600e+01 -4.301178e+01 3.866667e+01
      vertex   5.812003e+01 -4.447536e+01 3.866667e+01
    endloop
  endfacet
  facet normal 8.380881e-01 -5.455349e-01 0.000000e+00
    outer loop
      vertex   5.812003e+01 -4.447536e+01 3.000000e+00
      vertex   5.812003e+01 -4.447536e+01 3.866667e+01
      vertex   5.707146e+01 -4.608625e+01 3.000000e+00
    endloop
  endfacet
  facet normal 8.380881e-01 -5.455349e-01 3.339238e-16
    outer loop
      vertex   5.707146e+01 -4.608625e+01 3.000000e+00
      vertex   5.812003e+01 -4.447536e+01 3.866667e+01
      vertex   5.707146e+01 -4.608625e+01 3.866667e+01
    endloop
  endfacet
  facet normal 9.009689e-01 -4.338837e-01 3.589777e-16
    outer loop
      vertex   5.707146e+01 -4.608625e+01 3.000000e+00
      vertex   5.707146e+01 -4.608625e+01 3.866667e+01
      vertex   5.623749e+01 -4.781801e+01 3.000000e+00
    endloop
  endfacet
  facet normal 9.009689e-01 -4.338837e-01 0.000000e+00
    outer loop
      vertex   5.623749e+01 -4.781801e+01 3.000000e+00
      vertex   5.707146e+01 -4.608625e+01 3.866667e+01
      vertex   5.623749e+01 -4.781801e+01 3.866667e+01
    endloop
  endfacet
  facet normal 9.490557e-01 -3.151082e-01 0.000000e+00
    outer loop
      vertex   5.623749e+01 -4.781801e+01 3.000000e+00
      vertex   5.623749e+01 -4.781801e+01 3.866667e+01
      vertex   5.563181e+01 -4.964220e+01 3.000000e+00
    endloop
  endfacet
  facet normal 9.490557e-01 -3.151082e-01 0.000000e+00
    outer loop
      vertex   5.563181e+01 -4.964220e+01 3.000000e+00
      vertex   5.623749e+01 -4.781801e+01 3.866667e+01
      vertex   5.563181e+01 -4.964220e+01 3.866667e+01
    endloop
  endfacet
  facet normal 9.815592e-01 -1.911586e-01 0.000000e+00
    outer loop
      vertex   5.563181e+01 -4.964220e+01 3.000000e+00
      vertex   5.563181e+01 -4.964220e+01 3.866667e+01
      vertex   5.526439e+01 -5.152886e+01 3.000000e+00
    endloop
  endfacet
  facet normal 9.815592e-01 -1.911586e-01 0.000000e+00
    outer loop
      vertex   5.526439e+01 -5.152886e+01 3.000000e+00
      vertex   5.563181e+01 -4.964220e+01 3.866667e+01
      vertex   5.526439e+01 -5.152886e+01 3.866667e+01
    endloop
  endfacet
  facet normal 9.979454e-01 6.407022e-02 0.000000e+00
    outer loop
      vertex   5.526439e+01 -5.536517e+01 1.100000e+02
      vertex   5.526439e+01 -5.536517e+01 7.433333e+01
      vertex   5.514124e+01 -5.344702e+01 1.100000e+02
    endloop
  endfacet
  facet normal 9.979454e-01 6.407022e-02 0.000000e+00
    outer loop
      vertex   5.514124e+01 -5.344702e+01 1.100000e+02
      vertex   5.526439e+01 -5.536517e+01 7.433333e+01
      vertex   5.514124e+01 -5.344702e+01 7.433333e+01
    endloop
  endfacet
  facet normal 9.979454e-01 -6.407022e-02 0.000000e+00
    outer loop
      vertex   5.514124e+01 -5.344702e+01 1.100000e+02
      vertex   5.514124e+01 -5.344702e+01 7.433333e+01
      vertex   5.526439e+01 -5.152886e+01 1.100000e+02
    endloop
  endfacet
  facet normal 9.979454e-01 -6.407022e-02 0.000000e+00
    outer loop
      vertex   5.526439e+01 -5.152886e+01 1.100000e+02
      vertex   5.514124e+01 -5.344702e+01 7.433333e+01
      vertex   5.526439e+01 -5.152886e+01 7.433333e+01
    endloop
  endfacet
  facet normal 9.815592e-01 -1.911586e-01 0.000000e+00
    outer loop
      vertex   5.526439e+01 -5.152886e+01 1.100000e+02
      vertex   5.526439e+01 -5.152886e+01 7.433333e+01
      vertex   5.563181e+01 -4.964220e+01 1.100000e+02
    endloop
  endfacet
  facet normal 9.815592e-01 -1.911586e-01 0.000000e+00
    outer loop
      vertex   5.563181e+01 -4.964220e+01 1.100000e+02
      vertex   5.526439e+01 -5.152886e+01 7.433333e+01
      vertex   5.563181e+01 -4.964220e+01 7.433333e+01
    endloop
  endfacet
  facet normal 9.490557e-01 -3.151082e-01 0.000000e+00
    outer loop
      vertex   5.563181e+01 -4.964220e+01 1.100000e+02
      vertex   5.563181e+01 -4.964220e+01 7.433333e+01
      vertex   5.623749e+01 -4.781801e+01 1.100000e+02
    endloop
  endfacet
  facet normal 9.490557e-01 -3.151082e-01 0.000000e+00
    outer loop
      vertex   5.623749e+01 -4.781801e+01 1.100000e+02
      vertex   5.563181e+01 -4.964220e+01 7.433333e+01
      vertex   5.623749e+01 -4.781801e+01 7.433333e+01
    endloop
  endfacet
  facet normal 9.009689e-01 -4.338837e-01 0.000000e+00
    outer loop
      vertex   5.623749e+01 -4.781801e+01 1.100000e+02
      vertex   5.623749e+01 -4.781801e+01 7.433333e+01
      vertex   5.707146e+01 -4.608625e+01 1.100000e+02
    endloop
  endfacet
  facet normal 9.009689e-01 -4.338837e-01 -3.589777e-16
    outer loop
      vertex   5.707146e+01 -4.608625e+01 1.100000e+02
      vertex   5.623749e+01 -4.781801e+01 7.433333e+01
      vertex   5.707146e+01 -4.608625e+01 7.433333e+01
    endloop
  endfacet
  facet normal 8.380881e-01 -5.455349e-01 -3.339238e-16
    outer loop
      vertex   5.707146e+01 -4.608625e+01 1.100000e+02
      vertex   5.707146e+01 -4.608625e+01 7.433333e+01
      vertex   5.812003e+01 -4.447536e+01 1.100000e+02
    endloop
  endfacet
  facet normal 8.380881e-01 -5.455349e-01 0.000000e+00
    outer loop
      vertex   5.812003e+01 -4.447536e+01 1.100000e+02
      vertex   5.707146e+01 -4.608625e+01 7.433333e+01
      vertex   5.812003e+01 -4.447536e+01 7.433333e+01
    endloop
  endfacet
  facet normal 7.614460e-01 -6.482284e-01 0.000000e+00
    outer loop
      vertex   5.812003e+01 -4.447536e+01 1.100000e+02
      vertex   5.812003e+01 -4.447536e+01 7.433333e+01
      vertex   5.936600e+01 -4.301178e+01 1.100000e+02
    endloop
  endfacet
  facet normal 7.614460e-01 -6.482284e-01 0.000000e+00
    outer loop
      vertex   5.936600e+01 -4.301178e+01 1.100000e+02
      vertex   5.812003e+01 -4.447536e+01 7.433333e+01
      vertex   5.936600e+01 -4.301178e+01 7.433333e+01
    endloop
  endfacet
  facet normal 6.723009e-01 -7.402780e-01 0.000000e+00
    outer loop
      vertex   5.936600e+01 -4.301178e+01 1.100000e+02
      vertex   5.936600e+01 -4.301178e+01 7.433333e+01
      vertex   6.078889e+01 -4.171955e+01 1.100000e+02
    endloop
  endfacet
  facet normal 6.723009e-01 -7.402780e-01 0.000000e+00
    outer loop
      vertex   6.078889e+01 -4.171955e+01 1.100000e+02
      vertex   5.936600e+01 -4.301178e+01 7.433333e+01
      vertex   6.078889e+01 -4.171955e+01 7.433333e+01
    endloop
  endfacet
  facet normal 5.721167e-01 -8.201723e-01 0.000000e+00
    outer loop
      vertex   6.078889e+01 -4.171955e+01 1.100000e+02
      vertex   6.078889e+01 -4.171955e+01 7.433333e+01
      vertex   6.236535e+01 -4.061988e+01 1.100000e+02
    endloop
  endfacet
  facet normal 5.721167e-01 -8.201723e-01 0.000000e+00
    outer loop
      vertex   6.236535e+01 -4.061988e+01 1.100000e+02
      vertex   6.078889e+01 -4.171955e+01 7.433333e+01
      vertex   6.236535e+01 -4.061988e+01 7.433333e+01
    endloop
  endfacet
  facet normal 4.625383e-01 -8.865993e-01 0.000000e+00
    outer loop
      vertex   6.236535e+01 -4.061988e+01 1.100000e+02
      vertex   6.236535e+01 -4.061988e+01 7.433333e+01
      vertex   6.406949e+01 -3.973083e+01 1.100000e+02
    endloop
  endfacet
  facet normal 4.625383e-01 -8.865993e-01 0.000000e+00
    outer loop
      vertex   6.406949e+01 -3.973083e+01 1.100000e+02
      vertex   6.236535e+01 -4.061988e+01 7.433333e+01
      vertex   6.406949e+01 -3.973083e+01 7.433333e+01
    endloop
  endfacet
  facet normal 3.453651e-01 -9.384684e-01 0.000000e+00
    outer loop
      vertex   6.406949e+01 -3.973083e+01 1.100000e+02
      vertex   6.406949e+01 -3.973083e+01 7.433333e+01
      vertex   6.587332e+01 -3.906700e+01 1.100000e+02
    endloop
  endfacet
  facet normal 3.453651e-01 -9.384684e-01 0.000000e+00
    outer loop
      vertex   6.587332e+01 -3.906700e+01 1.100000e+02
      vertex   6.406949e+01 -3.973083e+01 7.433333e+01
      vertex   6.587332e+01 -3.906700e+01 7.433333e+01
    endloop
  endfacet
  facet normal 2.225209e-01 -9.749279e-01 0.000000e+00
    outer loop
      vertex   6.587332e+01 -3.906700e+01 1.100000e+02
      vertex   6.587332e+01 -3.906700e+01 7.433333e+01
      vertex   6.774724e+01 -3.863929e+01 1.100000e+02
    endloop
  endfacet
  facet normal 2.225209e-01 -9.749279e-01 0.000000e+00
    outer loop
      vertex   6.774724e+01 -3.863929e+01 1.100000e+02
      vertex   6.587332e+01 -3.906700e+01 7.433333e+01
      vertex   6.774724e+01 -3.863929e+01 7.433333e+01
    endloop
  endfacet
  facet normal 9.602303e-02 -9.953791e-01 0.000000e+00
    outer loop
      vertex   6.774724e+01 -3.863929e+01 1.100000e+02
      vertex   6.774724e+01 -3.863929e+01 7.433333e+01
      vertex   6.966046e+01 -3.845472e+01 1.100000e+02
    endloop
  endfacet
  facet normal 9.602303e-02 -9.953791e-01 0.000000e+00
    outer loop
      vertex   6.966046e+01 -3.845472e+01 1.100000e+02
      vertex   6.774724e+01 -3.863929e+01 7.433333e+01
      vertex   6.966046e+01 -3.845472e+01 7.433333e+01
    endloop
  endfacet
  facet normal -3.205158e-02 -9.994862e-01 -0.000000e+00
    outer loop
      vertex   6.966046e+01 -3.845472e+01 1.100000e+02
      vertex   6.966046e+01 -3.845472e+01 7.433333e+01
      vertex   7.158158e+01 -3.851633e+01 1.100000e+02
    endloop
  endfacet
  facet normal -3.205158e-02 -9.994862e-01 -0.000000e+00
    outer loop
      vertex   7.158158e+01 -3.851633e+01 1.100000e+02
      vertex   6.966046e+01 -3.845472e+01 7.433333e+01
      vertex   7.158158e+01 -3.851633e+01 7.433333e+01
    endloop
  endfacet
  facet normal -1.595999e-01 -9.871818e-01 -0.000000e+00
    outer loop
      vertex   7.158158e+01 -3.851633e+01 1.100000e+02
      vertex   7.158158e+01 -3.851633e+01 7.433333e+01
      vertex   7.347905e+01 -3.882310e+01 1.100000e+02
    endloop
  endfacet
  facet normal -1.595999e-01 -9.871818e-01 -0.000000e+00
    outer loop
      vertex   7.347905e+01 -3.882310e+01 1.100000e+02
      vertex   7.158158e+01 -3.851633e+01 7.433333e+01
      vertex   7.347905e+01 -3.882310e+01 7.433333e+01
    endloop
  endfacet
  facet normal -2.845276e-01 -9.586679e-01 -0.000000e+00
    outer loop
      vertex   7.347905e+01 -3.882310e+01 1.100000e+02
      vertex   7.347905e+01 -3.882310e+01 7.433333e+01
      vertex   7.532171e+01 -3.936999e+01 1.100000e+02
    endloop
  endfacet
  facet normal -2.845276e-01 -9.586679e-01 1.909835e-16
    outer loop
      vertex   7.532171e+01 -3.936999e+01 1.100000e+02
      vertex   7.347905e+01 -3.882310e+01 7.433333e+01
      vertex   7.532171e+01 -3.936999e+01 7.433333e+01
    endloop
  endfacet
  facet normal -4.047833e-01 -9.144126e-01 1.821671e-16
    outer loop
      vertex   7.532171e+01 -3.936999e+01 1.100000e+02
      vertex   7.532171e+01 -3.936999e+01 7.433333e+01
      vertex   7.707931e+01 -4.014803e+01 1.100000e+02
    endloop
  endfacet
  facet normal -4.047833e-01 -9.144126e-01 -0.000000e+00
    outer loop
      vertex   7.707931e+01 -4.014803e+01 1.100000e+02
      vertex   7.532171e+01 -3.936999e+01 7.433333e+01
      vertex   7.707931e+01 -4.014803e+01 7.433333e+01
    endloop
  endfacet
  facet normal -5.183926e-01 -8.551428e-01 -0.000000e+00
    outer loop
      vertex   7.707931e+01 -4.014803e+01 1.100000e+02
      vertex   7.707931e+01 -4.014803e+01 7.433333e+01
      vertex   7.872299e+01 -4.114443e+01 1.100000e+02
    endloop
  endfacet
  facet normal -5.183926e-01 -8.551428e-01 -0.000000e+00
    outer loop
      vertex   7.872299e+01 -4.114443e+01 1.100000e+02
      vertex   7.707931e+01 -4.014803e+01 7.433333e+01
      vertex   7.872299e+01 -4.114443e+01 7.433333e+01
    endloop
  endfacet
  facet normal -6.234898e-01 -7.818315e-01 -0.000000e+00
    outer loop
      vertex   7.872299e+01 -4.114443e+01 1.100000e+02
      vertex   7.872299e+01 -4.114443e+01 7.433333e+01
      vertex   8.022575e+01 -4.234285e+01 1.100000e+02
    endloop
  endfacet
  facet normal -6.234898e-01 -7.818315e-01 -0.000000e+00
    outer loop
      vertex   8.022575e+01 -4.234285e+01 1.100000e+02
      vertex   7.872299e+01 -4.114443e+01 7.433333e+01
      vertex   8.022575e+01 -4.234285e+01 7.433333e+01
    endloop
  endfacet
  facet normal -7.183494e-01 -6.956826e-01 -0.000000e+00
    outer loop
      vertex   8.022575e+01 -4.234285e+01 1.100000e+02
      vertex   8.022575e+01 -4.234285e+01 7.433333e+01
      vertex   8.156293e+01 -4.372359e+01 1.100000e+02
    endloop
  endfacet
  facet normal -7.183494e-01 -6.956826e-01 -0.000000e+00
    outer loop
      vertex   8.156293e+01 -4.372359e+01 1.100000e+02
      vertex   8.022575e+01 -4.234285e+01 7.433333e+01
      vertex   8.156293e+01 -4.372359e+01 7.433333e+01
    endloop
  endfacet
  facet normal -8.014136e-01 -5.981105e-01 -0.000000e+00
    outer loop
      vertex   8.156293e+01 -4.372359e+01 1.100000e+02
      vertex   8.156293e+01 -4.372359e+01 7.433333e+01
      vertex   8.271256e+01 -4.526399e+01 1.100000e+02
    endloop
  endfacet
  facet normal -8.014136e-01 -5.981105e-01 -1.191541e-16
    outer loop
      vertex   8.271256e+01 -4.526399e+01 1.100000e+02
      vertex   8.156293e+01 -4.372359e+01 7.433333e+01
      vertex   8.271256e+01 -4.526399e+01 7.433333e+01
    endloop
  endfacet
  facet normal -8.713187e-01 -4.907176e-01 -9.775957e-17
    outer loop
      vertex   8.271256e+01 -4.526399e+01 1.100000e+02
      vertex   8.271256e+01 -4.526399e+01 7.433333e+01
      vertex   8.365577e+01 -4.693876e+01 1.100000e+02
    endloop
  endfacet
  facet normal -8.713187e-01 -4.907176e-01 -0.000000e+00
    outer loop
      vertex   8.365577e+01 -4.693876e+01 1.100000e+02
      vertex   8.271256e+01 -4.526399e+01 7.433333e+01
      vertex   8.365577e+01 -4.693876e+01 7.433333e+01
    endloop
  endfacet
  facet normal -9.269168e-01 -3.752670e-01 -0.000000e+00
    outer loop
      vertex   8.365577e+01 -4.693876e+01 1.100000e+02
      vertex   8.365577e+01 -4.693876e+01 7.433333e+01
      vertex   8.437707e+01 -4.872039e+01 1.100000e+02
    endloop
  endfacet
  facet normal -9.269168e-01 -3.752670e-01 -0.000000e+00
    outer loop
      vertex   8.437707e+01 -4.872039e+01 1.100000e+02
      vertex   8.365577e+01 -4.693876e+01 7.433333e+01
      vertex   8.437707e+01 -4.872039e+01 7.433333e+01
    endloop
  endfacet
  facet normal -9.672949e-01 -2.536546e-01 -0.000000e+00
    outer loop
      vertex   8.437707e+01 -4.872039e+01 1.100000e+02
      vertex   8.437707e+01 -4.872039e+01 7.433333e+01
      vertex   8.486462e+01 -5.057964e+01 1.100000e+02
    endloop
  endfacet
  facet normal -9.672949e-01 -2.536546e-01 -0.000000e+00
    outer loop
      vertex   8.486462e+01 -5.057964e+01 1.100000e+02
      vertex   8.437707e+01 -4.872039e+01 7.433333e+01
      vertex   8.486462e+01 -5.057964e+01 7.433333e+01
    endloop
  endfacet
  facet normal -9.917900e-01 -1.278772e-01 -0.000000e+00
    outer loop
      vertex   8.486462e+01 -5.057964e+01 1.100000e+02
      vertex   8.486462e+01 -5.057964e+01 7.433333e+01
      vertex   8.511042e+01 -5.248596e+01 1.100000e+02
    endloop
  endfacet
  facet normal -9.917900e-01 -1.278772e-01 -0.000000e+00
    outer loop
      vertex   8.511042e+01 -5.248596e+01 1.100000e+02
      vertex   8.486462e+01 -5.057964e+01 7.433333e+01
      vertex   8.511042e+01 -5.248596e+01 7.433333e+01
    endloop
  endfacet
  facet normal -1.000000e+00 -0.000000e+00 -0.000000e+00
    outer loop
      vertex   8.511042e+01 -5.248596e+01 1.100000e+02
      vertex   8.511042e+01 -5.248596e+01 7.433333e+01
      vertex   8.511042e+01 -5.440807e+01 1.100000e+02
    endloop
  endfacet
  facet normal -1.000000e+00 0.000000e+00 0.000000e+00
    outer loop
      vertex   8.511042e+01 -5.440807e+01 1.100000e+02
      vertex   8.511042e+01 -5.248596e+01 7.433333e+01
      vertex   8.511042e+01 -5.440807e+01 7.433333e+01
    endloop
  endfacet
  facet normal -9.917900e-01 1.278772e-01 0.000000e+00
    outer loop
      vertex   8.511042e+01 -5.440807e+01 1.100000e+02
      vertex   8.511042e+01 -5.440807e+01 7.433333e+01
      vertex   8.486462e+01 -5.631440e+01 1.100000e+02
    endloop
  endfacet
  facet normal -9.917900e-01 1.278772e-01 0.000000e+00
    outer loop
      vertex   8.486462e+01 -5.631440e+01 1.100000e+02
      vertex   8.511042e+01 -5.440807e+01 7.433333e+01
      vertex   8.486462e+01 -5.631440e+01 7.433333e+01
    endloop
  endfacet
  facet normal -9.672949e-01 2.536546e-01 0.000000e+00
    outer loop
      vertex   8.486462e+01 -5.631440e+01 1.100000e+02
      vertex   8.486462e+01 -5.631440e+01 7.433333e+01
      vertex   8.437707e+01 -5.817364e+01 1.100000e+02
    endloop
  endfacet
  facet normal -9.672949e-01 2.536546e-01 0.000000e+00
    outer loop
      vertex   8.437707e+01 -5.817364e+01 1.100000e+02
      vertex   8.486462e+01 -5.631440e+01 7.433333e+01
      vertex   8.437707e+01 -5.817364e+01 7.433333e+01
    endloop
  endfacet
  facet normal -9.269168e-01 3.752670e-01 0.000000e+00
    outer loop
      vertex   8.437707e+01 -5.817364e+01 1.100000e+02
      vertex   8.437707e+01 -5.817364e+01 7.433333e+01
      vertex   8.365577e+01 -5.995527e+01 1.100000e+02
    endloop
  endfacet
  facet normal -9.269168e-01 3.752670e-01 0.000000e+00
    outer loop
      vertex   8.365577e+01 -5.995527e+01 1.100000e+02
      vertex   8.437707e+01 -5.817364e+01 7.433333e+01
      vertex   8.365577e+01 -5.995527e+01 7.433333e+01
    endloop
  endfacet
  facet normal -8.713187e-01 4.907176e-01 0.000000e+00
    outer loop
      vertex   8.365577e+01 -5.995527e+01 1.100000e+02
      vertex   8.365577e+01 -5.995527e+01 7.433333e+01
      vertex   8.271256e+01 -6.163004e+01 1.100000e+02
    endloop
  endfacet
  facet normal -8.713187e-01 4.907176e-01 0.000000e+00
    outer loop
      vertex   8.271256e+01 -6.163004e+01 1.100000e+02
      vertex   8.365577e+01 -5.995527e+01 7.433333e+01
      vertex   8.271256e+01 -6.163004e+01 7.433333e+01
    endloop
  endfacet
  facet normal -8.014136e-01 5.981105e-01 0.000000e+00
    outer loop
      vertex   8.271256e+01 -6.163004e+01 1.100000e+02
      vertex   8.271256e+01 -6.163004e+01 7.433333e+01
      vertex   8.156293e+01 -6.317044e+01 1.100000e+02
    endloop
  endfacet
  facet normal -8.014136e-01 5.981105e-01 -2.383083e-16
    outer loop
      vertex   8.156293e+01 -6.317044e+01 1.100000e+02
      vertex   8.271256e+01 -6.163004e+01 7.433333e+01
      vertex   8.156293e+01 -6.317044e+01 7.433333e+01
    endloop
  endfacet
  facet normal -7.183494e-01 6.956826e-01 -2.771844e-16
    outer loop
      vertex   8.156293e+01 -6.317044e+01 1.100000e+02
      vertex   8.156293e+01 -6.317044e+01 7.433333e+01
      vertex   8.022575e+01 -6.455119e+01 1.100000e+02
    endloop
  endfacet
  facet normal -7.183494e-01 6.956826e-01 0.000000e+00
    outer loop
      vertex   8.022575e+01 -6.455119e+01 1.100000e+02
      vertex   8.156293e+01 -6.317044e+01 7.433333e+01
      vertex   8.022575e+01 -6.455119e+01 7.433333e+01
    endloop
  endfacet
  facet normal -6.234898e-01 7.818315e-01 0.000000e+00
    outer loop
      vertex   8.022575e+01 -6.455119e+01 1.100000e+02
      vertex   8.022575e+01 -6.455119e+01 7.433333e+01
      vertex   7.872299e+01 -6.574960e+01 1.100000e+02
    endloop
  endfacet
  facet normal -6.234898e-01 7.818315e-01 0.000000e+00
    outer loop
      vertex   7.872299e+01 -6.574960e+01 1.100000e+02
      vertex   8.022575e+01 -6.455119e+01 7.433333e+01
      vertex   7.872299e+01 -6.574960e+01 7.433333e+01
    endloop
  endfacet
  facet normal -5.183926e-01 8.551428e-01 0.000000e+00
    outer loop
      vertex   7.872299e+01 -6.574960e+01 1.100000e+02
      vertex   7.872299e+01 -6.574960e+01 7.433333e+01
      vertex   7.707931e+01 -6.674601e+01 1.100000e+02
    endloop
  endfacet
  facet normal -5.183926e-01 8.551428e-01 0.000000e+00
    outer loop
      vertex   7.707931e+01 -6.674601e+01 1.100000e+02
      vertex   7.872299e+01 -6.574960e+01 7.433333e+01
      vertex   7.707931e+01 -6.674601e+01 7.433333e+01
    endloop
  endfacet
  facet normal -4.047833e-01 9.144126e-01 0.000000e+00
    outer loop
      vertex   7.707931e+01 -6.674601e+01 1.100000e+02
      vertex   7.707931e+01 -6.674601e+01 7.433333e+01
      vertex   7.532171e+01 -6.752404e+01 1.100000e+02
    endloop
  endfacet
  facet normal -4.047833e-01 9.144126e-01 0.000000e+00
    outer loop
      vertex   7.532171e+01 -6.752404e+01 1.100000e+02
      vertex   7.707931e+01 -6.674601e+01 7.433333e+01
      vertex   7.532171e+01 -6.752404e+01 7.433333e+01
    endloop
  endfacet
  facet normal -2.845276e-01 9.586679e-01 0.000000e+00
    outer loop
      vertex   7.532171e+01 -6.752404e+01 1.100000e+02
      vertex   7.532171e+01 -6.752404e+01 7.433333e+01
      vertex   7.347905e+01 -6.807094e+01 1.100000e+02
    endloop
  endfacet
  facet normal -2.845276e-01 9.586679e-01 0.000000e+00
    outer loop
      vertex   7.347905e+01 -6.807094e+01 1.100000e+02
      vertex   7.532171e+01 -6.752404e+01 7.433333e+01
      vertex   7.347905e+01 -6.807094e+01 7.433333e+01
    endloop
  endfacet
  facet normal -1.595999e-01 9.871818e-01 0.000000e+00
    outer loop
      vertex   7.347905e+01 -6.807094e+01 1.100000e+02
      vertex   7.347905e+01 -6.807094e+01 7.433333e+01
      vertex   7.158158e+01 -6.837770e+01 1.100000e+02
    endloop
  endfacet
  facet normal -1.595999e-01 9.871818e-01 0.000000e+00
    outer loop
      vertex   7.158158e+01 -6.837770e+01 1.100000e+02
      vertex   7.347905e+01 -6.807094e+01 7.433333e+01
      vertex   7.158158e+01 -6.837770e+01 7.433333e+01
    endloop
  endfacet
  facet normal -3.205158e-02 9.994862e-01 0.000000e+00
    outer loop
      vertex   7.158158e+01 -6.837770e+01 1.100000e+02
      vertex   7.158158e+01 -6.837770e+01 7.433333e+01
      vertex   6.966046e+01 -6.843931e+01 1.100000e+02
    endloop
  endfacet
  facet normal -3.205158e-02 9.994862e-01 0.000000e+00
    outer loop
      vertex   6.966046e+01 -6.843931e+01 1.100000e+02
      vertex   7.158158e+01 -6.837770e+01 7.433333e+01
      vertex   6.966046e+01 -6.843931e+01 7.433333e+01
    endloop
  endfacet
  facet normal 9.602303e-02 9.953791e-01 0.000000e+00
    outer loop
      vertex   6.966046e+01 -6.843931e+01 1.100000e+02
      vertex   6.966046e+01 -6.843931e+01 7.433333e+01
      vertex   6.774724e+01 -6.825474e+01 1.100000e+02
    endloop
  endfacet
  facet normal 9.602303e-02 9.953791e-01 0.000000e+00
    outer loop
      vertex   6.774724e+01 -6.825474e+01 1.100000e+02
      vertex   6.966046e+01 -6.843931e+01 7.433333e+01
      vertex   6.774724e+01 -6.825474e+01 7.433333e+01
    endloop
  endfacet
  facet normal 2.225209e-01 9.749279e-01 0.000000e+00
    outer loop
      vertex   6.774724e+01 -6.825474e+01 1.100000e+02
      vertex   6.774724e+01 -6.825474e+01 7.433333e+01
      vertex   6.587332e+01 -6.782704e+01 1.100000e+02
    endloop
  endfacet
  facet normal 2.225209e-01 9.749279e-01 0.000000e+00
    outer loop
      vertex   6.587332e+01 -6.782704e+01 1.100000e+02
      vertex   6.774724e+01 -6.825474e+01 7.433333e+01
      vertex   6.587332e+01 -6.782704e+01 7.433333e+01
    endloop
  endfacet
  facet normal 3.453651e-01 9.384684e-01 0.000000e+00
    outer loop
      vertex   6.587332e+01 -6.782704e+01 1.100000e+02
      vertex   6.587332e+01 -6.782704e+01 7.433333e+01
      vertex   6.406949e+01 -6.716321e+01 1.100000e+02
    endloop
  endfacet
  facet normal 3.453651e-01 9.384684e-01 0.000000e+00
    outer loop
      vertex   6.406949e+01 -6.716321e+01 1.100000e+02
      vertex   6.587332e+01 -6.782704e+01 7.433333e+01
      vertex   6.406949e+01 -6.716321e+01 7.433333e+01
    endloop
  endfacet
  facet normal 4.625383e-01 8.865993e-01 0.000000e+00
    outer loop
      vertex   6.406949e+01 -6.716321e+01 1.100000e+02
      vertex   6.406949e+01 -6.716321e+01 7.433333e+01
      vertex   6.236535e+01 -6.627416e+01 1.100000e+02
    endloop
  endfacet
  facet normal 4.625383e-01 8.865993e-01 0.000000e+00
    outer loop
      vertex   6.236535e+01 -6.627416e+01 1.100000e+02
      vertex   6.406949e+01 -6.716321e+01 7.433333e+01
      vertex   6.236535e+01 -6.627416e+01 7.433333e+01
    endloop
  endfacet
  facet normal 5.721167e-01 8.201723e-01 0.000000e+00
    outer loop
      vertex   6.236535e+01 -6.627416e+01 1.100000e+02
      vertex   6.236535e+01 -6.627416e+01 7.433333e+01
      vertex   6.078889e+01 -6.517449e+01 1.100000e+02
    endloop
  endfacet
  facet normal 5.721167e-01 8.201723e-01 0.000000e+00
    outer loop
      vertex   6.078889e+01 -6.517449e+01 1.100000e+02
      vertex   6.236535e+01 -6.627416e+01 7.433333e+01
      vertex   6.078889e+01 -6.517449e+01 7.433333e+01
    endloop
  endfacet
  facet normal 6.723009e-01 7.402780e-01 0.000000e+00
    outer loop
      vertex   6.078889e+01 -6.517449e+01 1.100000e+02
      vertex   6.078889e+01 -6.517449e+01 7.433333e+01
      vertex   5.936600e+01 -6.388226e+01 1.100000e+02
    endloop
  endfacet
  facet normal 6.723009e-01 7.402780e-01 -2.678683e-16
    outer loop
      vertex   5.936600e+01 -6.388226e+01 1.100000e+02
      vertex   6.078889e+01 -6.517449e+01 7.433333e+01
      vertex   5.936600e+01 -6.388226e+01 7.433333e+01
    endloop
  endfacet
  facet normal 7.614460e-01 6.482284e-01 -3.033869e-16
    outer loop
      vertex   5.936600e+01 -6.388226e+01 1.100000e+02
      vertex   5.936600e+01 -6.388226e+01 7.433333e+01
      vertex   5.812003e+01 -6.241868e+01 1.100000e+02
    endloop
  endfacet
  facet normal 7.614460e-01 6.482284e-01 0.000000e+00
    outer loop
      vertex   5.812003e+01 -6.241868e+01 1.100000e+02
      vertex   5.936600e+01 -6.388226e+01 7.433333e+01
      vertex   5.812003e+01 -6.241868e+01 7.433333e+01
    endloop
  endfacet
  facet normal 8.380881e-01 5.455349e-01 0.000000e+00
    outer loop
      vertex   5.812003e+01 -6.241868e+01 1.100000e+02
      vertex   5.812003e+01 -6.241868e+01 7.433333e+01
      vertex   5.707146e+01 -6.080778e+01 1.100000e+02
    endloop
  endfacet
  facet normal 8.380881e-01 5.455349e-01 0.000000e+00
    outer loop
      vertex   5.707146e+01 -6.080778e+01 1.100000e+02
      vertex   5.812003e+01 -6.241868e+01 7.433333e+01
      vertex   5.707146e+01 -6.080778e+01 7.433333e+01
    endloop
  endfacet
  facet normal 9.009689e-01 4.338837e-01 0.000000e+00
    outer loop
      vertex   5.707146e+01 -6.080778e+01 1.100000e+02
      vertex   5.707146e+01 -6.080778e+01 7.433333e+01
      vertex   5.623749e+01 -5.907602e+01 1.100000e+02
    endloop
  endfacet
  facet normal 9.009689e-01 4.338837e-01 0.000000e+00
    outer loop
      vertex   5.623749e+01 -5.907602e+01 1.100000e+02
      vertex   5.707146e+01 -6.080778e+01 7.433333e+01
      vertex   5.623749e+01 -5.907602e+01 7.433333e+01
    endloop
  endfacet
  facet normal 9.490557e-01 3.151082e-01 0.000000e+00
    outer loop
      vertex   5.623749e+01 -5.907602e+01 1.100000e+02
      vertex   5.623749e+01 -5.907602e+01 7.433333e+01
      vertex   5.563181e+01 -5.725184e+01 1.100000e+02
    endloop
  endfacet
  facet normal 9.490557e-01 3.151082e-01 0.000000e+00
    outer loop
      vertex   5.563181e+01 -5.725184e+01 1.100000e+02
      vertex   5.623749e+01 -5.907602e+01 7.433333e+01
      vertex   5.563181e+01 -5.725184e+01 7.433333e+01
    endloop
  endfacet
  facet normal 9.815592e-01 1.911586e-01 0.000000e+00
    outer loop
      vertex   5.563181e+01 -5.725184e+01 1.100000e+02
      vertex   5.563181e+01 -5.725184e+01 7.433333e+01
      vertex   5.526439e+01 -5.536517e+01 1.100000e+02
    endloop
  endfacet
  facet normal 9.815592e-01 1.911586e-01 0.000000e+00
    outer loop
      vertex   5.526439e+01 -5.536517e+01 1.100000e+02
      vertex   5.563181e+01 -5.725184e+01 7.433333e+01
      vertex   5.526439e+01 -5.536517e+01 7.433333e+01
    endloop
  endfacet
  facet normal 9.979454e-01 6.407022e-02 -0.000000e+00
    outer loop
      vertex   5.514124e+01 -5.344702e+01 3.866667e+01
      vertex   5.514124e+01 -5.344702e+01 7.433333e+01
      vertex   5.526439e+01 -5.536517e+01 3.866667e+01
    endloop
  endfacet
  facet normal 9.979454e-01 6.407022e-02 -0.000000e+00
    outer loop
      vertex   5.526439e+01 -5.536517e+01 3.866667e+01
      vertex   5.514124e+01 -5.344702e+01 7.433333e+01
      vertex   5.526439e+01 -5.536517e+01 7.433333e+01
    endloop
  endfacet
  facet normal 9.815592e-01 1.911586e-01 -0.000000e+00
    outer loop
      vertex   5.526439e+01 -5.536517e+01 3.866667e+01
      vertex   5.526439e+01 -5.536517e+01 7.433333e+01
      vertex   5.563181e+01 -5.725184e+01 3.866667e+01
    endloop
  endfacet
  facet normal 9.815592e-01 1.911586e-01 -0.000000e+00
    outer loop
      vertex   5.563181e+01 -5.725184e+01 3.866667e+01
      vertex   5.526439e+01 -5.536517e+01 7.433333e+01
      vertex   5.563181e+01 -5.725184e+01 7.433333e+01
    endloop
  endfacet
  facet normal 9.490557e-01 3.151082e-01 -0.000000e+00
    outer loop
      vertex   5.563181e+01 -5.725184e+01 3.866667e+01
      vertex   5.563181e+01 -5.725184e+01 7.433333e+01
      vertex   5.623749e+01 -5.907602e+01 3.866667e+01
    endloop
  endfacet
  facet normal 9.490557e-01 3.151082e-01 -0.000000e+00
    outer loop
      vertex   5.623749e+01 -5.907602e+01 3.866667e+01
      vertex   5.563181e+01 -5.725184e+01 7.433333e+01
      vertex   5.623749e+01 -5.907602e+01 7.433333e+01
    endloop
  endfacet
  facet normal 9.009689e-01 4.338837e-01 -0.000000e+00
    outer loop
      vertex   5.623749e+01 -5.907602e+01 3.866667e+01
      vertex   5.623749e+01 -5.907602e+01 7.433333e+01
      vertex   5.707146e+01 -6.080778e+01 3.866667e+01
    endloop
  endfacet
  facet normal 9.009689e-01 4.338837e-01 -0.000000e+00
    outer loop
      vertex   5.707146e+01 -6.080778e+01 3.866667e+01
      vertex   5.623749e+01 -5.907602e+01 7.433333e+01
      vertex   5.707146e+01 -6.080778e+01 7.433333e+01
    endloop
  endfacet
  facet normal 8.380881e-01 5.455349e-01 -0.000000e+00
    outer loop
      vertex   5.707146e+01 -6.080778e+01 3.866667e+01
      vertex   5.707146e+01 -6.080778e+01 7.433333e+01
      vertex   5.812003e+01 -6.241868e+01 3.866667e+01
    endloop
  endfacet
  facet normal 8.380881e-01 5.455349e-01 -0.000000e+00
    outer loop
      vertex   5.812003e+01 -6.241868e+01 3.866667e+01
      vertex   5.707146e+01 -6.080778e+01 7.433333e+01
      vertex   5.812003e+01 -6.241868e+01 7.433333e+01
    endloop
  endfacet
  facet normal 7.614460e-01 6.482284e-01 -0.000000e+00
    outer loop
      vertex   5.812003e+01 -6.241868e+01 3.866667e+01
      vertex   5.812003e+01 -6.241868e+01 7.433333e+01
      vertex   5.936600e+01 -6.388226e+01 3.866667e+01
    endloop
  endfacet
  facet normal 7.614460e-01 6.482284e-01 -0.000000e+00
    outer loop
      vertex   5.936600e+01 -6.388226e+01 3.866667e+01
      vertex   5.812003e+01 -6.241868e+01 7.433333e+01
      vertex   5.936600e+01 -6.388226e+01 7.433333e+01
    endloop
  endfacet
  facet normal 6.723009e-01 7.402780e-01 -0.000000e+00
    outer loop
      vertex   5.936600e+01 -6.388226e+01 3.866667e+01
      vertex   5.936600e+01 -6.388226e+01 7.433333e+01
      vertex   6.078889e+01 -6.517449e+01 3.866667e+01
    endloop
  endfacet
  facet normal 6.723009e-01 7.402780e-01 -0.000000e+00
    outer loop
      vertex   6.078889e+01 -6.517449e+01 3.866667e+01
      vertex   5.936600e+01 -6.388226e+01 7.433333e+01
      vertex   6.078889e+01 -6.517449e+01 7.433333e+01
    endloop
  endfacet
  facet normal 5.721167e-01 8.201723e-01 -0.000000e+00
    outer loop
      vertex   6.078889e+01 -6.517449e+01 3.866667e+01
      vertex   6.078889e+01 -6.517449e+01 7.433333e+01
      vertex   6.236535e+01 -6.627416e+01 3.866667e+01
    endloop
  endfacet
  facet normal 5.721167e-01 8.201723e-01 -0.000000e+00
    outer loop
      vertex   6.236535e+01 -6.627416e+01 3.866667e+01
      vertex   6.078889e+01 -6.517449e+01 7.433333e+01
      vertex   6.236535e+01 -6.627416e+01 7.433333e+01
    endloop
  endfacet
  facet normal 4.625383e-01 8.865993e-01 -0.000000e+00
    outer loop
      vertex   6.236535e+01 -6.627416e+01 3.866667e+01
      vertex   6.236535e+01 -6.627416e+01 7.433333e+01
      vertex   6.406949e+01 -6.716321e+01 3.866667e+01
    endloop
  endfacet
  facet normal 4.625383e-01 8.865993e-01 -0.000000e+00
    outer loop
      vertex   6.406949e+01 -6.716321e+01 3.866667e+01
      vertex   6.236535e+01 -6.627416e+01 7.433333e+01
      vertex   6.406949e+01 -6.716321e+01 7.433333e+01
    endloop
  endfacet
  facet normal 3.453651e-01 9.384684e-01 -0.000000e+00
    outer loop
      vertex   6.406949e+01 -6.716321e+01 3.866667e+01
      vertex   6.406949e+01 -6.716321e+01 7.433333e+01
      vertex   6.587332e+01 -6.782704e+01 3.866667e+01
    endloop
  endfacet
  facet normal 3.453651e-01 9.384684e-01 -0.000000e+00
    outer loop
      vertex   6.587332e+01 -6.782704e+01 3.866667e+01
      vertex   6.406949e+01 -6.716321e+01 7.433333e+01
      vertex   6.587332e+01 -6.782704e+01 7.433333e+01
    endloop
  endfacet
  facet normal 2.225209e-01 9.749279e-01 -0.000000e+00
    outer loop
      vertex   6.587332e+01 -6.782704e+01 3.866667e+01
      vertex   6.587332e+01 -6.782704e+01 7.433333e+01
      vertex   6.774724e+01 -6.825474e+01 3.866667e+01
    endloop
  endfacet
  facet normal 2.225209e-01 9.749279e-01 -0.000000e+00
    outer loop
      vertex   6.774724e+01 -6.825474e+01 3.866667e+01
      vertex   6.587332e+01 -6.782704e+01 7.433333e+01
      vertex   6.774724e+01 -6.825474e+01 7.433333e+01
    endloop
  endfacet
  facet normal 9.602303e-02 9.953791e-01 -0.000000e+00
    outer loop
      vertex   6.774724e+01 -6.825474e+01 3.866667e+01
      vertex   6.774724e+01 -6.825474e+01 7.433333e+01
      vertex   6.966046e+01 -6.843931e+01 3.866667e+01
    endloop
  endfacet
  facet normal 9.602303e-02 9.953791e-01 -0.000000e+00
    outer loop
      vertex   6.966046e+01 -6.843931e+01 3.866667e+01
      vertex   6.774724e+01 -6.825474e+01 7.433333e+01
      vertex   6.966046e+01 -6.843931e+01 7.433333e+01
    endloop
  endfacet
  facet normal -3.205158e-02 9.994862e-01 0.000000e+00
    outer loop
      vertex   6.966046e+01 -6.843931e+01 3.866667e+01
      vertex   6.966046e+01 -6.843931e+01 7.433333e+01
      vertex   7.158158e+01 -6.837770e+01 3.866667e+01
    endloop
  endfacet
  facet normal -3.205158e-02 9.994862e-01 0.000000e+00
    outer loop
      vertex   7.158158e+01 -6.837770e+01 3.866667e+01
      vertex   6.966046e+01 -6.843931e+01 7.433333e+01
      vertex   7.158158e+01 -6.837770e+01 7.433333e+01
    endloop
  endfacet
  facet normal -1.595999e-01 9.871818e-01 0.000000e+00
    outer loop
      vertex   7.158158e+01 -6.837770e+01 3.866667e+01
      vertex   7.158158e+01 -6.837770e+01 7.433333e+01
      vertex   7.347905e+01 -6.807094e+01 3.866667e+01
    endloop
  endfacet
  facet normal -1.595999e-01 9.871818e-01 0.000000e+00
    outer loop
      vertex   7.347905e+01 -6.807094e+01 3.866667e+01
      vertex   7.158158e+01 -6.837770e+01 7.433333e+01
      vertex   7.347905e+01 -6.807094e+01 7.433333e+01
    endloop
  endfacet
  facet normal -2.845276e-01 9.586679e-01 0.000000e+00
    outer loop
      vertex   7.347905e+01 -6.807094e+01 3.866667e+01
      vertex   7.347905e+01 -6.807094e+01 7.433333e+01
      vertex   7.532171e+01 -6.752404e+01 3.866667e+01
    endloop
  endfacet
  facet normal -2.845276e-01 9.586679e-01 0.000000e+00
    outer loop
      vertex   7.532171e+01 -6.752404e+01 3.866667e+01
      vertex   7.347905e+01 -6.807094e+01 7.433333e+01
      vertex   7.532171e+01 -6.752404e+01 7.433333e+01
    endloop
  endfacet
  facet normal -4.047833e-01 9.144126e-01 0.000000e+00
    outer loop
      vertex   7.532171e+01 -6.752404e+01 3.866667e+01
      vertex   7.532171e+01 -6.752404e+01 7.433333e+01
      vertex   7.707931e+01 -6.674601e+01 3.866667e+01
    endloop
  endfacet
  facet normal -4.047833e-01 9.144126e-01 0.000000e+00
    outer loop
      vertex   7.707931e+01 -6.674601e+01 3.866667e+01
      vertex   7.532171e+01 -6.752404e+01 7.433333e+01
      vertex   7.707931e+01 -6.674601e+01 7.433333e+01
    endloop
  endfacet
  facet normal -5.183926e-01 8.551428e-01 0.000000e+00
    outer loop
      vertex   7.707931e+01 -6.674601e+01 3.866667e+01
      vertex   7.707931e+01 -6.674601e+01 7.433333e+01
      vertex   7.872299e+01 -6.574960e+01 3.866667e+01
    endloop
  endfacet
  facet normal -5.183926e-01 8.551428e-01 0.000000e+00
    outer loop
      vertex   7.872299e+01 -6.574960e+01 3.866667e+01
      vertex   7.707931e+01 -6.674601e+01 7.433333e+01
      vertex   7.872299e+01 -6.574960e+01 7.433333e+01
    endloop
  endfacet
  facet normal -6.234898e-01 7.818315e-01 0.000000e+00
    outer loop
      vertex   7.872299e+01 -6.574960e+01 3.866667e+01
      vertex   7.872299e+01 -6.574960e+01 7.433333e+01
      vertex   8.022575e+01 -6.455119e+01 3.866667e+01
    endloop
  endfacet
  facet normal -6.234898e-01 7.818315e-01 0.000000e+00
    outer loop
      vertex   8.022575e+01 -6.455119e+01 3.866667e+01
      vertex   7.872299e+01 -6.574960e+01 7.433333e+01
      vertex   8.022575e+01 -6.455119e+01 7.433333e+01
    endloop
  endfacet
  facet normal -7.183494e-01 6.956826e-01 0.000000e+00
    outer loop
      vertex   8.022575e+01 -6.455119e+01 3.866667e+01
      vertex   8.022575e+01 -6.455119e+01 7.433333e+01
      vertex   8.156293e+01 -6.317044e+01 3.866667e+01
    endloop
  endfacet
  facet normal -7.183494e-01 6.956826e-01 0.000000e+00
    outer loop
      vertex   8.156293e+01 -6.317044e+01 3.866667e+01
      vertex   8.022575e+01 -6.455119e+01 7.433333e+01
      vertex   8.156293e+01 -6.317044e+01 7.433333e+01
    endloop
  endfacet
  facet normal -8.014136e-01 5.981105e-01 0.000000e+00
    outer loop
      vertex   8.156293e+01 -6.317044e+01 3.866667e+01
      vertex   8.156293e+01 -6.317044e+01 7.433333e+01
      vertex   8.271256e+01 -6.163004e+01 3.866667e+01
    endloop
  endfacet
  facet normal -8.014136e-01 5.981105e-01 0.000000e+00
    outer loop
      vertex   8.271256e+01 -6.163004e+01 3.866667e+01
      vertex   8.156293e+01 -6.317044e+01 7.433333e+01
      vertex   8.271256e+01 -6.163004e+01 7.433333e+01
    endloop
  endfacet
  facet normal -8.713187e-01 4.907176e-01 0.000000e+00
    outer loop
      vertex   8.271256e+01 -6.163004e+01 3.866667e+01
      vertex   8.271256e+01 -6.163004e+01 7.433333e+01
      vertex   8.365577e+01 -5.995527e+01 3.866667e+01
    endloop
  endfacet
  facet normal -8.713187e-01 4.907176e-01 0.000000e+00
    outer loop
      vertex   8.365577e+01 -5.995527e+01 3.866667e+01
      vertex   8.271256e+01 -6.163004e+01 7.433333e+01
      vertex   8.365577e+01 -5.995527e+01 7.433333e+01
    endloop
  endfacet
  facet normal -9.269168e-01 3.752670e-01 0.000000e+00
    outer loop
      vertex   8.365577e+01 -5.995527e+01 3.866667e+01
      vertex   8.365577e+01 -5.995527e+01 7.433333e+01
      vertex   8.437707e+01 -5.817364e+01 3.866667e+01
    endloop
  endfacet
  facet normal -9.269168e-01 3.752670e-01 0.000000e+00
    outer loop
      vertex   8.437707e+01 -5.817364e+01 3.866667e+01
      vertex   8.365577e+01 -5.995527e+01 7.433333e+01
      vertex   8.437707e+01 -5.817364e+01 7.433333e+01
    endloop
  endfacet
  facet normal -9.672949e-01 2.536546e-01 0.000000e+00
    outer loop
      vertex   8.437707e+01 -5.817364e+01 3.866667e+01
      vertex   8.437707e+01 -5.817364e+01 7.433333e+01
      vertex   8.486462e+01 -5.631440e+01 3.866667e+01
    endloop
  endfacet
  facet normal -9.672949e-01 2.536546e-01 0.000000e+00
    outer loop
      vertex   8.486462e+01 -5.631440e+01 3.866667e+01
      vertex   8.437707e+01 -5.817364e+01 7.433333e+01
      vertex   8.486462e+01 -5.631440e+01 7.433333e+01
    endloop
  endfacet
  facet normal -9.917900e-01 1.278772e-01 0.000000e+00
    outer loop
      vertex   8.486462e+01 -5.631440e+01 3.866667e+01
      vertex   8.486462e+01 -5.631440e+01 7.433333e+01
      vertex   8.511042e+01 -5.440807e+01 3.866667e+01
    endloop
  endfacet
  facet normal -9.917900e-01 1.278772e-01 0.000000e+00
    outer loop
      vertex   8.511042e+01 -5.440807e+01 3.866667e+01
      vertex   8.486462e+01 -5.631440e+01 7.433333e+01
      vertex   8.511042e+01 -5.440807e+01 7.433333e+01
    endloop
  endfacet
  facet normal -1.000000e+00 0.000000e+00 0.000000e+00
    outer loop
      vertex   8.511042e+01 -5.440807e+01 3.866667e+01
      vertex   8.511042e+01 -5.440807e+01 7.433333e+01
      vertex   8.511042e+01 -5.248596e+01 3.866667e+01
    endloop
  endfacet
  facet normal -1.000000e+00 0.000000e+00 0.000000e+00
    outer loop
      vertex   8.511042e+01 -5.248596e+01 3.866667e+01
      vertex   8.511042e+01 -5.440807e+01 7.433333e+01
      vertex   8.511042e+01 -5.248596e+01 7.433333e+01
    endloop
  endfacet
  facet normal -9.917900e-01 -1.278772e-01 0.000000e+00
    outer loop
      vertex   8.511042e+01 -5.248596e+01 3.866667e+01
      vertex   8.511042e+01 -5.248596e+01 7.433333e+01
      vertex   8.486462e+01 -5.057964e+01 3.866667e+01
    endloop
  endfacet
  facet normal -9.917900e-01 -1.278772e-01 0.000000e+00
    outer loop
      vertex   8.486462e+01 -5.057964e+01 3.866667e+01
      vertex   8.511042e+01 -5.248596e+01 7.433333e+01
      vertex   8.486462e+01 -5.057964e+01 7.433333e+01
    endloop
  endfacet
  facet normal -9.672949e-01 -2.536546e-01 0.000000e+00
    outer loop
      vertex   8.486462e+01 -5.057964e+01 3.866667e+01
      vertex   8.486462e+01 -5.057964e+01 7.433333e+01
      vertex   8.437707e+01 -4.872039e+01 3.866667e+01
    endloop
  endfacet
  facet normal -9.672949e-01 -2.536546e-01 0.000000e+00
    outer loop
      vertex   8.437707e+01 -4.872039e+01 3.866667e+01
      vertex   8.486462e+01 -5.057964e+01 7.433333e+01
      vertex   8.437707e+01 -4.872039e+01 7.433333e+01
    endloop
  endfacet
  facet normal -9.269168e-01 -3.752670e-01 0.000000e+00
    outer loop
      vertex   8.437707e+01 -4.872039e+01 3.866667e+01
      vertex   8.437707e+01 -4.872039e+01 7.433333e+01
      vertex   8.365577e+01 -4.693876e+01 3.866667e+01
    endloop
  endfacet
  facet normal -9.269168e-01 -3.752670e-01 0.000000e+00
    outer loop
      vertex   8.365577e+01 -4.693876e+01 3.866667e+01
      vertex   8.437707e+01 -4.872039e+01 7.433333e+01
      vertex   8.365577e+01 -4.693876e+01 7.433333e+01
    endloop
  endfacet
  facet normal -8.713187e-01 -4.907176e-01 0.000000e+00
    outer loop
      vertex   8.365577e+01 -4.693876e+01 3.866667e+01
      vertex   8.365577e+01 -4.693876e+01 7.433333e+01
      vertex   8.271256e+01 -4.526399e+01 3.866667e+01
    endloop
  endfacet
  facet normal -8.713187e-01 -4.907176e-01 0.000000e+00
    outer loop
      vertex   8.271256e+01 -4.526399e+01 3.866667e+01
      vertex   8.365577e+01 -4.693876e+01 7.433333e+01
      vertex   8.271256e+01 -4.526399e+01 7.433333e+01
    endloop
  endfacet
  facet normal -8.014136e-01 -5.981105e-01 0.000000e+00
    outer loop
      vertex   8.271256e+01 -4.526399e+01 3.866667e+01
      vertex   8.271256e+01 -4.526399e+01 7.433333e+01
      vertex   8.156293e+01 -4.372359e+01 3.866667e+01
    endloop
  endfacet
  facet normal -8.014136e-01 -5.981105e-01 0.000000e+00
    outer loop
      vertex   8.156293e+01 -4.372359e+01 3.866667e+01
      vertex   8.271256e+01 -4.526399e+01 7.433333e+01
      vertex   8.156293e+01 -4.372359e+01 7.433333e+01
    endloop
  endfacet
  facet normal -7.183494e-01 -6.956826e-01 0.000000e+00
    outer loop
      vertex   8.156293e+01 -4.372359e+01 3.866667e+01
      vertex   8.156293e+01 -4.372359e+01 7.433333e+01
      vertex   8.022575e+01 -4.234285e+01 3.866667e+01
    endloop
  endfacet
  facet normal -7.183494e-01 -6.956826e-01 0.000000e+00
    outer loop
      vertex   8.022575e+01 -4.234285e+01 3.866667e+01
      vertex   8.156293e+01 -4.372359e+01 7.433333e+01
      vertex   8.022575e+01 -4.234285e+01 7.433333e+01
    endloop
  endfacet
  facet normal -6.234898e-01 -7.818315e-01 0.000000e+00
    outer loop
      vertex   8.022575e+01 -4.234285e+01 3.866667e+01
      vertex   8.022575e+01 -4.234285e+01 7.433333e+01
      vertex   7.872299e+01 -4.114443e+01 3.866667e+01
    endloop
  endfacet
  facet normal -6.234898e-01 -7.818315e-01 0.000000e+00
    outer loop
      vertex   7.872299e+01 -4.114443e+01 3.866667e+01
      vertex   8.022575e+01 -4.234285e+01 7.433333e+01
      vertex   7.872299e+01 -4.114443e+01 7.433333e+01
    endloop
  endfacet
  facet normal -5.183926e-01 -8.551428e-01 0.000000e+00
    outer loop
      vertex   7.872299e+01 -4.114443e+01 3.866667e+01
      vertex   7.872299e+01 -4.114443e+01 7.433333e+01
      vertex   7.707931e+01 -4.014803e+01 3.866667e+01
    endloop
  endfacet
  facet normal -5.183926e-01 -8.551428e-01 0.000000e+00
    outer loop
      vertex   7.707931e+01 -4.014803e+01 3.866667e+01
      vertex   7.872299e+01 -4.114443e+01 7.433333e+01
      vertex   7.707931e+01 -4.014803e+01 7.433333e+01
    endloop
  endfacet
  facet normal -4.047833e-01 -9.144126e-01 0.000000e+00
    outer loop
      vertex   7.707931e+01 -4.014803e+01 3.866667e+01
      vertex   7.707931e+01 -4.014803e+01 7.433333e+01
      vertex   7.532171e+01 -3.936999e+01 3.866667e+01
    endloop
  endfacet
  facet normal -4.047833e-01 -9.144126e-01 0.000000e+00
    outer loop
      vertex   7.532171e+01 -3.936999e+01 3.866667e+01
      vertex   7.707931e+01 -4.014803e+01 7.433333e+01
      vertex   7.532171e+01 -3.936999e+01 7.433333e+01
    endloop
  endfacet
  facet normal -2.845276e-01 -9.586679e-01 0.000000e+00
    outer loop
      vertex   7.532171e+01 -3.936999e+01 3.866667e+01
      vertex   7.532171e+01 -3.936999e+01 7.433333e+01
      vertex   7.347905e+01 -3.882310e+01 3.866667e+01
    endloop
  endfacet
  facet normal -2.845276e-01 -9.586679e-01 0.000000e+00
    outer loop
      vertex   7.347905e+01 -3.882310e+01 3.866667e+01
      vertex   7.532171e+01 -3.936999e+01 7.433333e+01
      vertex   7.347905e+01 -3.882310e+01 7.433333e+01
    endloop
  endfacet
  facet normal -1.595999e-01 -9.871818e-01 0.000000e+00
    outer loop
      vertex   7.347905e+01 -3.882310e+01 3.866667e+01
      vertex   7.347905e+01 -3.882310e+01 7.433333e+01
      vertex   7.158158e+01 -3.851633e+01 3.866667e+01
    endloop
  endfacet
  facet normal -1.595999e-01 -9.871818e-01 0.000000e+00
    outer loop
      vertex   7.158158e+01 -3.851633e+01 3.866667e+01
      vertex   7.347905e+01 -3.882310e+01 7.433333e+01
      vertex   7.158158e+01 -3.851633e+01 7.433333e+01
    endloop
  endfacet
  facet normal -3.205158e-02 -9.994862e-01 0.000000e+00
    outer loop
      vertex   7.158158e+01 -3.851633e+01 3.866667e+01
      vertex   7.158158e+01 -3.851633e+01 7.433333e+01
      vertex   6.966046e+01 -3.845472e+01 3.866667e+01
    endloop
  endfacet
  facet normal -3.205158e-02 -9.994862e-01 0.000000e+00
    outer loop
      vertex   6.966046e+01 -3.845472e+01 3.866667e+01
      vertex   7.158158e+01 -3.851633e+01 7.433333e+01
      vertex   6.966046e+01 -3.845472e+01 7.433333e+01
    endloop
  endfacet
  facet normal 9.602303e-02 -9.953791e-01 0.000000e+00
    outer loop
      vertex   6.966046e+01 -3.845472e+01 3.866667e+01
      vertex   6.966046e+01 -3.845472e+01 7.433333e+01
      vertex   6.774724e+01 -3.863929e+01 3.866667e+01
    endloop
  endfacet
  facet normal 9.602303e-02 -9.953791e-01 0.000000e+00
    outer loop
      vertex   6.774724e+01 -3.863929e+01 3.866667e+01
      vertex   6.966046e+01 -3.845472e+01 7.433333e+01
      vertex   6.774724e+01 -3.863929e+01 7.433333e+01
    endloop
  endfacet
  facet normal 2.225209e-01 -9.749279e-01 0.000000e+00
    outer loop
      vertex   6.774724e+01 -3.863929e+01 3.866667e+01
      vertex   6.774724e+01 -3.863929e+01 7.433333e+01
      vertex   6.587332e+01 -3.906700e+01 3.866667e+01
    endloop
  endfacet
  facet normal 2.225209e-01 -9.749279e-01 0.000000e+00
    outer loop
      vertex   6.587332e+01 -3.906700e+01 3.866667e+01
      vertex   6.774724e+01 -3.863929e+01 7.433333e+01
      vertex   6.587332e+01 -3.906700e+01 7.433333e+01
    endloop
  endfacet
  facet normal 3.453651e-01 -9.384684e-01 0.000000e+00
    outer loop
      vertex   6.587332e+01 -3.906700e+01 3.866667e+01
      vertex   6.587332e+01 -3.906700e+01 7.433333e+01
      vertex   6.406949e+01 -3.973083e+01 3.866667e+01
    endloop
  endfacet
  facet normal 3.453651e-01 -9.384684e-01 0.000000e+00
    outer loop
      vertex   6.406949e+01 -3.973083e+01 3.866667e+01
      vertex   6.587332e+01 -3.906700e+01 7.433333e+01
      vertex   6.406949e+01 -3.973083e+01 7.433333e+01
    endloop
  endfacet
  facet normal 4.625383e-01 -8.865993e-01 0.000000e+00
    outer loop
      vertex   6.406949e+01 -3.973083e+01 3.866667e+01
      vertex   6.406949e+01 -3.973083e+01 7.433333e+01
      vertex   6.236535e+01 -4.061988e+01 3.866667e+01
    endloop
  endfacet
  facet normal 4.625383e-01 -8.865993e-01 0.000000e+00
    outer loop
      vertex   6.236535e+01 -4.061988e+01 3.866667e+01
      vertex   6.406949e+01 -3.973083e+01 7.433333e+01
      vertex   6.236535e+01 -4.061988e+01 7.433333e+01
    endloop
  endfacet
  facet normal 5.721167e-01 -8.201723e-01 0.000000e+00
    outer loop
      vertex   6.236535e+01 -4.061988e+01 3.866667e+01
      vertex   6.236535e+01 -4.061988e+01 7.433333e+01
      vertex   6.078889e+01 -4.171955e+01 3.866667e+01
    endloop
  endfacet
  facet normal 5.721167e-01 -8.201723e-01 0.000000e+00
    outer loop
      vertex   6.078889e+01 -4.171955e+01 3.866667e+01
      vertex   6.236535e+01 -4.061988e+01 7.433333e+01
      vertex   6.078889e+01 -4.171955e+01 7.433333e+01
    endloop
  endfacet
  facet normal 6.723009e-01 -7.402780e-01 0.000000e+00
    outer loop
      vertex   6.078889e+01 -4.171955e+01 3.866667e+01
      vertex   6.078889e+01 -4.171955e+01 7.433333e+01
      vertex   5.936600e+01 -4.301178e+01 3.866667e+01
    endloop
  endfacet
  facet normal 6.723009e-01 -7.402780e-01 0.000000e+00
    outer loop
      vertex   5.936600e+01 -4.301178e+01 3.866667e+01
      vertex   6.078889e+01 -4.171955e+01 7.433333e+01
      vertex   5.936600e+01 -4.301178e+01 7.433333e+01
    endloop
  endfacet
  facet normal 7.614460e-01 -6.482284e-01 0.000000e+00
    outer loop
      vertex   5.936600e+01 -4.301178e+01 3.866667e+01
      vertex   5.936600e+01 -4.301178e+01 7.433333e+01
      vertex   5.812003e+01 -4.447536e+01 3.866667e+01
    endloop
  endfacet
  facet normal 7.614460e-01 -6.482284e-01 0.000000e+00
    outer loop
      vertex   5.812003e+01 -4.447536e+01 3.866667e+01
      vertex   5.936600e+01 -4.301178e+01 7.433333e+01
      vertex   5.812003e+01 -4.447536e+01 7.433333e+01
    endloop
  endfacet
  facet normal 8.380881e-01 -5.455349e-01 0.000000e+00
    outer loop
      vertex   5.812003e+01 -4.447536e+01 3.866667e+01
      vertex   5.812003e+01 -4.447536e+01 7.433333e+01
      vertex   5.707146e+01 -4.608625e+01 3.866667e+01
    endloop
  endfacet
  facet normal 8.380881e-01 -5.455349e-01 0.000000e+00
    outer loop
      vertex   5.707146e+01 -4.608625e+01 3.866667e+01
      vertex   5.812003e+01 -4.447536e+01 7.433333e+01
      vertex   5.707146e+01 -4.608625e+01 7.433333e+01
    endloop
  endfacet
  facet normal 9.009689e-01 -4.338837e-01 0.000000e+00
    outer loop
      vertex   5.707146e+01 -4.608625e+01 3.866667e+01
      vertex   5.707146e+01 -4.608625e+01 7.433333e+01
      vertex   5.623749e+01 -4.781801e+01 3.866667e+01
    endloop
  endfacet
  facet normal 9.009689e-01 -4.338837e-01 0.000000e+00
    outer loop
      vertex   5.623749e+01 -4.781801e+01 3.866667e+01
      vertex   5.707146e+01 -4.608625e+01 7.433333e+01
      vertex   5.623749e+01 -4.781801e+01 7.433333e+01
    endloop
  endfacet
  facet normal 9.490557e-01 -3.151082e-01 0.000000e+00
    outer loop
      vertex   5.623749e+01 -4.781801e+01 3.866667e+01
      vertex   5.623749e+01 -4.781801e+01 7.433333e+01
      vertex   5.563181e+01 -4.964220e+01 3.866667e+01
    endloop
  endfacet
  facet normal 9.490557e-01 -3.151082e-01 0.000000e+00
    outer loop
      vertex   5.563181e+01 -4.964220e+01 3.866667e+01
      vertex   5.623749e+01 -4.781801e+01 7.433333e+01
      vertex   5.563181e+01 -4.964220e+01 7.433333e+01
    endloop
  endfacet
  facet normal 9.815592e-01 -1.911586e-01 0.000000e+00
    outer loop
      vertex   5.563181e+01 -4.964220e+01 3.866667e+01
      vertex   5.563181e+01 -4.964220e+01 7.433333e+01
      vertex   5.526439e+01 -5.152886e+01 3.866667e+01
    endloop
  endfacet
  facet normal 9.815592e-01 -1.911586e-01 0.000000e+00
    outer loop
      vertex   5.526439e+01 -5.152886e+01 3.866667e+01
      vertex   5.563181e+01 -4.964220e+01 7.433333e+01
      vertex   5.526439e+01 -5.152886e+01 7.433333e+01
    endloop
  endfacet
  facet normal 9.979454e-01 -6.407022e-02 0.000000e+00
    outer loop
      vertex   5.526439e+01 -5.152886e+01 3.866667e+01
      vertex   5.526439e+01 -5.152886e+01 7.433333e+01
      vertex   5.514124e+01 -5.344702e+01 3.866667e+01
    endloop
  endfacet
  facet normal 9.979454e-01 -6.407022e-02 0.000000e+00
    outer loop
      vertex   5.514124e+01 -5.344702e+01 3.866667e+01
      vertex   5.526439e+01 -5.152886e+01 7.433333e+01
      vertex   5.514124e+01 -5.344702e+01 7.433333e+01
    endloop
  endfacet
  facet normal -9.981756e-01 -6.037850e-02 0.000000e+00
    outer loop
      vertex   5.326519e+01 -5.549614e+01 3.000000e+00
      vertex   5.326519e+01 -5.549614e+01 3.866667e+01
      vertex   5.314124e+01 -5.344702e+01 3.000000e+00
    endloop
  endfacet
  facet normal -9.981756e-01 -6.037850e-02 0.000000e+00
    outer loop
      vertex   5.314124e+01 -5.344702e+01 3.000000e+00
      vertex   5.326519e+01 -5.549614e+01 3.866667e+01
      vertex   5.314124e+01 -5.344702e+01 3.866667e+01
    endloop
  endfacet
  facet normal -9.981756e-01 6.037850e-02 0.000000e+00
    outer loop
      vertex   5.314124e+01 -5.344702e+01 3.000000e+00
      vertex   5.314124e+01 -5.344702e+01 3.866667e+01
      vertex   5.326519e+01 -5.139789e+01 3.000000e+00
    endloop
  endfacet
  facet normal -9.981756e-01 6.037850e-02 0.000000e+00
    outer loop
      vertex   5.326519e+01 -5.139789e+01 3.000000e+00
      vertex   5.314124e+01 -5.344702e+01 3.866667e+01
      vertex   5.326519e+01 -5.139789e+01 3.866667e+01
    endloop
  endfacet
  facet normal -9.836199e-01 1.802550e-01 0.000000e+00
    outer loop
      vertex   5.326519e+01 -5.139789e+01 3.000000e+00
      vertex   5.326519e+01 -5.139789e+01 3.866667e+01
      vertex   5.363523e+01 -4.937865e+01 3.000000e+00
    endloop
  endfacet
  facet normal -9.836199e-01 1.802550e-01 0.000000e+00
    outer loop
      vertex   5.363523e+01 -4.937865e+01 3.000000e+00
      vertex   5.326519e+01 -5.139789e+01 3.866667e+01
      vertex   5.363523e+01 -4.937865e+01 3.866667e+01
    endloop
  endfacet
  facet normal -9.547209e-01 2.975031e-01 0.000000e+00
    outer loop
      vertex   5.363523e+01 -4.937865e+01 3.000000e+00
      vertex   5.363523e+01 -4.937865e+01 3.866667e+01
      vertex   5.424596e+01 -4.741873e+01 3.000000e+00
    endloop
  endfacet
  facet normal -9.547209e-01 2.975031e-01 0.000000e+00
    outer loop
      vertex   5.424596e+01 -4.741873e+01 3.000000e+00
      vertex   5.363523e+01 -4.937865e+01 3.866667e+01
      vertex   5.424596e+01 -4.741873e+01 3.866667e+01
    endloop
  endfacet
  facet normal -9.118998e-01 4.104128e-01 0.000000e+00
    outer loop
      vertex   5.424596e+01 -4.741873e+01 3.000000e+00
      vertex   5.424596e+01 -4.741873e+01 3.866667e+01
      vertex   5.508848e+01 -4.554672e+01 3.000000e+00
    endloop
  endfacet
  facet normal -9.118998e-01 4.104128e-01 0.000000e+00
    outer loop
      vertex   5.508848e+01 -4.554672e+01 3.000000e+00
      vertex   5.424596e+01 -4.741873e+01 3.866667e+01
      vertex   5.508848e+01 -4.554672e+01 3.866667e+01
    endloop
  endfacet
  facet normal -8.557813e-01 5.173378e-01 0.000000e+00
    outer loop
      vertex   5.508848e+01 -4.554672e+01 3.000000e+00
      vertex   5.508848e+01 -4.554672e+01 3.866667e+01
      vertex   5.615051e+01 -4.378992e+01 3.000000e+00
    endloop
  endfacet
  facet normal -8.557813e-01 5.173378e-01 0.000000e+00
    outer loop
      vertex   5.615051e+01 -4.378992e+01 3.000000e+00
      vertex   5.508848e+01 -4.554672e+01 3.866667e+01
      vertex   5.615051e+01 -4.378992e+01 3.866667e+01
    endloop
  endfacet
  facet normal -7.871835e-01 6.167189e-01 0.000000e+00
    outer loop
      vertex   5.615051e+01 -4.378992e+01 3.000000e+00
      vertex   5.615051e+01 -4.378992e+01 3.866667e+01
      vertex   5.741655e+01 -4.217393e+01 3.000000e+00
    endloop
  endfacet
  facet normal -7.871835e-01 6.167189e-01 0.000000e+00
    outer loop
      vertex   5.741655e+01 -4.217393e+01 3.000000e+00
      vertex   5.615051e+01 -4.378992e+01 3.866667e+01
      vertex   5.741655e+01 -4.217393e+01 3.866667e+01
    endloop
  endfacet
  facet normal -7.071068e-01 7.071068e-01 0.000000e+00
    outer loop
      vertex   5.741655e+01 -4.217393e+01 3.000000e+00
      vertex   5.741655e+01 -4.217393e+01 3.866667e+01
      vertex   5.886815e+01 -4.072233e+01 3.000000e+00
    endloop
  endfacet
  facet normal -7.071068e-01 7.071068e-01 0.000000e+00
    outer loop
      vertex   5.886815e+01 -4.072233e+01 3.000000e+00
      vertex   5.741655e+01 -4.217393e+01 3.866667e+01
      vertex   5.886815e+01 -4.072233e+01 3.866667e+01
    endloop
  endfacet
  facet normal -6.167189e-01 7.871835e-01 0.000000e+00
    outer loop
      vertex   5.886815e+01 -4.072233e+01 3.000000e+00
      vertex   5.886815e+01 -4.072233e+01 3.866667e+01
      vertex   6.048414e+01 -3.945629e+01 3.000000e+00
    endloop
  endfacet
  facet normal -6.167189e-01 7.871835e-01 0.000000e+00
    outer loop
      vertex   6.048414e+01 -3.945629e+01 3.000000e+00
      vertex   5.886815e+01 -4.072233e+01 3.866667e+01
      vertex   6.048414e+01 -3.945629e+01 3.866667e+01
    endloop
  endfacet
  facet normal -5.173378e-01 8.557813e-01 0.000000e+00
    outer loop
      vertex   6.048414e+01 -3.945629e+01 3.000000e+00
      vertex   6.048414e+01 -3.945629e+01 3.866667e+01
      vertex   6.224094e+01 -3.839426e+01 3.000000e+00
    endloop
  endfacet
  facet normal -5.173378e-01 8.557813e-01 0.000000e+00
    outer loop
      vertex   6.224094e+01 -3.839426e+01 3.000000e+00
      vertex   6.048414e+01 -3.945629e+01 3.866667e+01
      vertex   6.224094e+01 -3.839426e+01 3.866667e+01
    endloop
  endfacet
  facet normal -4.104128e-01 9.118998e-01 0.000000e+00
    outer loop
      vertex   6.224094e+01 -3.839426e+01 3.000000e+00
      vertex   6.224094e+01 -3.839426e+01 3.866667e+01
      vertex   6.411295e+01 -3.755174e+01 3.000000e+00
    endloop
  endfacet
  facet normal -4.104128e-01 9.118998e-01 1.816665e-16
    outer loop
      vertex   6.411295e+01 -3.755174e+01 3.000000e+00
      vertex   6.224094e+01 -3.839426e+01 3.866667e+01
      vertex   6.411295e+01 -3.755174e+01 3.866667e+01
    endloop
  endfacet
  facet normal -2.975031e-01 9.547209e-01 1.901972e-16
    outer loop
      vertex   6.411295e+01 -3.755174e+01 3.000000e+00
      vertex   6.411295e+01 -3.755174e+01 3.866667e+01
      vertex   6.607287e+01 -3.694101e+01 3.000000e+00
    endloop
  endfacet
  facet normal -2.975031e-01 9.547209e-01 0.000000e+00
    outer loop
      vertex   6.607287e+01 -3.694101e+01 3.000000e+00
      vertex   6.411295e+01 -3.755174e+01 3.866667e+01
      vertex   6.607287e+01 -3.694101e+01 3.866667e+01
    endloop
  endfacet
  facet normal -1.802550e-01 9.836199e-01 0.000000e+00
    outer loop
      vertex   6.607287e+01 -3.694101e+01 3.000000e+00
      vertex   6.607287e+01 -3.694101e+01 3.866667e+01
      vertex   6.809211e+01 -3.657097e+01 3.000000e+00
    endloop
  endfacet
  facet normal -1.802550e-01 9.836199e-01 0.000000e+00
    outer loop
      vertex   6.809211e+01 -3.657097e+01 3.000000e+00
      vertex   6.607287e+01 -3.694101e+01 3.866667e+01
      vertex   6.809211e+01 -3.657097e+01 3.866667e+01
    endloop
  endfacet
  facet normal -6.037850e-02 9.981756e-01 0.000000e+00
    outer loop
      vertex   6.809211e+01 -3.657097e+01 3.000000e+00
      vertex   6.809211e+01 -3.657097e+01 3.866667e+01
      vertex   7.014124e+01 -3.644702e+01 3.000000e+00
    endloop
  endfacet
  facet normal -6.037850e-02 9.981756e-01 0.000000e+00
    outer loop
      vertex   7.014124e+01 -3.644702e+01 3.000000e+00
      vertex   6.809211e+01 -3.657097e+01 3.866667e+01
      vertex   7.014124e+01 -3.644702e+01 3.866667e+01
    endloop
  endfacet
  facet normal 6.037850e-02 9.981756e-01 -0.000000e+00
    outer loop
      vertex   7.014124e+01 -3.644702e+01 3.000000e+00
      vertex   7.014124e+01 -3.644702e+01 3.866667e+01
      vertex   7.219036e+01 -3.657097e+01 3.000000e+00
    endloop
  endfacet
  facet normal 6.037850e-02 9.981756e-01 -0.000000e+00
    outer loop
      vertex   7.219036e+01 -3.657097e+01 3.000000e+00
      vertex   7.014124e+01 -3.644702e+01 3.866667e+01
      vertex   7.219036e+01 -3.657097e+01 3.866667e+01
    endloop
  endfacet
  facet normal 1.802550e-01 9.836199e-01 -0.000000e+00
    outer loop
      vertex   7.219036e+01 -3.657097e+01 3.000000e+00
      vertex   7.219036e+01 -3.657097e+01 3.866667e+01
      vertex   7.420960e+01 -3.694101e+01 3.000000e+00
    endloop
  endfacet
  facet normal 1.802550e-01 9.836199e-01 -0.000000e+00
    outer loop
      vertex   7.420960e+01 -3.694101e+01 3.000000e+00
      vertex   7.219036e+01 -3.657097e+01 3.866667e+01
      vertex   7.420960e+01 -3.694101e+01 3.866667e+01
    endloop
  endfacet
  facet normal 2.975031e-01 9.547209e-01 -0.000000e+00
    outer loop
      vertex   7.420960e+01 -3.694101e+01 3.000000e+00
      vertex   7.420960e+01 -3.694101e+01 3.866667e+01
      vertex   7.616952e+01 -3.755174e+01 3.000000e+00
    endloop
  endfacet
  facet normal 2.975031e-01 9.547209e-01 -0.000000e+00
    outer loop
      vertex   7.616952e+01 -3.755174e+01 3.000000e+00
      vertex   7.420960e+01 -3.694101e+01 3.866667e+01
      vertex   7.616952e+01 -3.755174e+01 3.866667e+01
    endloop
  endfacet
  facet normal 4.104128e-01 9.118998e-01 -0.000000e+00
    outer loop
      vertex   7.616952e+01 -3.755174e+01 3.000000e+00
      vertex   7.616952e+01 -3.755174e+01 3.866667e+01
      vertex   7.804153e+01 -3.839426e+01 3.000000e+00
    endloop
  endfacet
  facet normal 4.104128e-01 9.118998e-01 -0.000000e+00
    outer loop
      vertex   7.804153e+01 -3.839426e+01 3.000000e+00
      vertex   7.616952e+01 -3.755174e+01 3.866667e+01
      vertex   7.804153e+01 -3.839426e+01 3.866667e+01
    endloop
  endfacet
  facet normal 5.173378e-01 8.557813e-01 -0.000000e+00
    outer loop
      vertex   7.804153e+01 -3.839426e+01 3.000000e+00
      vertex   7.804153e+01 -3.839426e+01 3.866667e+01
      vertex   7.979834e+01 -3.945629e+01 3.000000e+00
    endloop
  endfacet
  facet normal 5.173378e-01 8.557813e-01 -0.000000e+00
    outer loop
      vertex   7.979834e+01 -3.945629e+01 3.000000e+00
      vertex   7.804153e+01 -3.839426e+01 3.866667e+01
      vertex   7.979834e+01 -3.945629e+01 3.866667e+01
    endloop
  endfacet
  facet normal 6.167189e-01 7.871835e-01 -0.000000e+00
    outer loop
      vertex   7.979834e+01 -3.945629e+01 3.000000e+00
      vertex   7.979834e+01 -3.945629e+01 3.866667e+01
      vertex   8.141432e+01 -4.072233e+01 3.000000e+00
    endloop
  endfacet
  facet normal 6.167189e-01 7.871835e-01 1.568208e-16
    outer loop
      vertex   8.141432e+01 -4.072233e+01 3.000000e+00
      vertex   7.979834e+01 -3.945629e+01 3.866667e+01
      vertex   8.141432e+01 -4.072233e+01 3.866667e+01
    endloop
  endfacet
  facet normal 7.071068e-01 7.071068e-01 1.408681e-16
    outer loop
      vertex   8.141432e+01 -4.072233e+01 3.000000e+00
      vertex   8.141432e+01 -4.072233e+01 3.866667e+01
      vertex   8.286592e+01 -4.217393e+01 3.000000e+00
    endloop
  endfacet
  facet normal 7.071068e-01 7.071068e-01 -0.000000e+00
    outer loop
      vertex   8.286592e+01 -4.217393e+01 3.000000e+00
      vertex   8.141432e+01 -4.072233e+01 3.866667e+01
      vertex   8.286592e+01 -4.217393e+01 3.866667e+01
    endloop
  endfacet
  facet normal 7.871835e-01 6.167189e-01 -0.000000e+00
    outer loop
      vertex   8.286592e+01 -4.217393e+01 3.000000e+00
      vertex   8.286592e+01 -4.217393e+01 3.866667e+01
      vertex   8.413196e+01 -4.378992e+01 3.000000e+00
    endloop
  endfacet
  facet normal 7.871835e-01 6.167189e-01 -0.000000e+00
    outer loop
      vertex   8.413196e+01 -4.378992e+01 3.000000e+00
      vertex   8.286592e+01 -4.217393e+01 3.866667e+01
      vertex   8.413196e+01 -4.378992e+01 3.866667e+01
    endloop
  endfacet
  facet normal 8.557813e-01 5.173378e-01 -0.000000e+00
    outer loop
      vertex   8.413196e+01 -4.378992e+01 3.000000e+00
      vertex   8.413196e+01 -4.378992e+01 3.866667e+01
      vertex   8.519399e+01 -4.554672e+01 3.000000e+00
    endloop
  endfacet
  facet normal 8.557813e-01 5.173378e-01 -0.000000e+00
    outer loop
      vertex   8.519399e+01 -4.554672e+01 3.000000e+00
      vertex   8.413196e+01 -4.378992e+01 3.866667e+01
      vertex   8.519399e+01 -4.554672e+01 3.866667e+01
    endloop
  endfacet
  facet normal 9.118998e-01 4.104128e-01 -0.000000e+00
    outer loop
      vertex   8.519399e+01 -4.554672e+01 3.000000e+00
      vertex   8.519399e+01 -4.554672e+01 3.866667e+01
      vertex   8.603651e+01 -4.741873e+01 3.000000e+00
    endloop
  endfacet
  facet normal 9.118998e-01 4.104128e-01 -0.000000e+00
    outer loop
      vertex   8.603651e+01 -4.741873e+01 3.000000e+00
      vertex   8.519399e+01 -4.554672e+01 3.866667e+01
      vertex   8.603651e+01 -4.741873e+01 3.866667e+01
    endloop
  endfacet
  facet normal 9.547209e-01 2.975031e-01 -0.000000e+00
    outer loop
      vertex   8.603651e+01 -4.741873e+01 3.000000e+00
      vertex   8.603651e+01 -4.741873e+01 3.866667e+01
      vertex   8.664725e+01 -4.937865e+01 3.000000e+00
    endloop
  endfacet
  facet normal 9.547209e-01 2.975031e-01 -0.000000e+00
    outer loop
      vertex   8.664725e+01 -4.937865e+01 3.000000e+00
      vertex   8.603651e+01 -4.741873e+01 3.866667e+01
      vertex   8.664725e+01 -4.937865e+01 3.866667e+01
    endloop
  endfacet
  facet normal 9.836199e-01 1.802550e-01 -0.000000e+00
    outer loop
      vertex   8.664725e+01 -4.937865e+01 3.000000e+00
      vertex   8.664725e+01 -4.937865e+01 3.866667e+01
      vertex   8.701729e+01 -5.139789e+01 3.000000e+00
    endloop
  endfacet
  facet normal 9.836199e-01 1.802550e-01 -0.000000e+00
    outer loop
      vertex   8.701729e+01 -5.139789e+01 3.000000e+00
      vertex   8.664725e+01 -4.937865e+01 3.866667e+01
      vertex   8.701729e+01 -5.139789e+01 3.866667e+01
    endloop
  endfacet
  facet normal 9.981756e-01 6.037850e-02 -0.000000e+00
    outer loop
      vertex   8.701729e+01 -5.139789e+01 3.000000e+00
      vertex   8.701729e+01 -5.139789e+01 3.866667e+01
      vertex   8.714124e+01 -5.344702e+01 3.000000e+00
    endloop
  endfacet
  facet normal 9.981756e-01 6.037850e-02 -0.000000e+00
    outer loop
      vertex   8.714124e+01 -5.344702e+01 3.000000e+00
      vertex   8.701729e+01 -5.139789e+01 3.866667e+01
      vertex   8.714124e+01 -5.344702e+01 3.866667e+01
    endloop
  endfacet
  facet normal 9.981756e-01 -6.037850e-02 0.000000e+00
    outer loop
      vertex   8.714124e+01 -5.344702e+01 3.000000e+00
      vertex   8.714124e+01 -5.344702e+01 3.866667e+01
      vertex   8.701729e+01 -5.549614e+01 3.000000e+00
    endloop
  endfacet
  facet normal 9.981756e-01 -6.037850e-02 0.000000e+00
    outer loop
      vertex   8.701729e+01 -5.549614e+01 3.000000e+00
      vertex   8.714124e+01 -5.344702e+01 3.866667e+01
      vertex   8.701729e+01 -5.549614e+01 3.866667e+01
    endloop
  endfacet
  facet normal 9.836199e-01 -1.802550e-01 0.000000e+00
    outer loop
      vertex   8.701729e+01 -5.549614e+01 3.000000e+00
      vertex   8.701729e+01 -5.549614e+01 3.866667e+01
      vertex   8.664725e+01 -5.751538e+01 3.000000e+00
    endloop
  endfacet
  facet normal 9.836199e-01 -1.802550e-01 0.000000e+00
    outer loop
      vertex   8.664725e+01 -5.751538e+01 3.000000e+00
      vertex   8.701729e+01 -5.549614e+01 3.866667e+01
      vertex   8.664725e+01 -5.751538e+01 3.866667e+01
    endloop
  endfacet
  facet normal 9.547209e-01 -2.975031e-01 0.000000e+00
    outer loop
      vertex   8.664725e+01 -5.751538e+01 3.000000e+00
      vertex   8.664725e+01 -5.751538e+01 3.866667e+01
      vertex   8.603651e+01 -5.947530e+01 3.000000e+00
    endloop
  endfacet
  facet normal 9.547209e-01 -2.975031e-01 0.000000e+00
    outer loop
      vertex   8.603651e+01 -5.947530e+01 3.000000e+00
      vertex   8.664725e+01 -5.751538e+01 3.866667e+01
      vertex   8.603651e+01 -5.947530e+01 3.866667e+01
    endloop
  endfacet
  facet normal 9.118998e-01 -4.104128e-01 0.000000e+00
    outer loop
      vertex   8.603651e+01 -5.947530e+01 3.000000e+00
      vertex   8.603651e+01 -5.947530e+01 3.866667e+01
      vertex   8.519399e+01 -6.134731e+01 3.000000e+00
    endloop
  endfacet
  facet normal 9.118998e-01 -4.104128e-01 0.000000e+00
    outer loop
      vertex   8.519399e+01 -6.134731e+01 3.000000e+00
      vertex   8.603651e+01 -5.947530e+01 3.866667e+01
      vertex   8.519399e+01 -6.134731e+01 3.866667e+01
    endloop
  endfacet
  facet normal 8.557813e-01 -5.173378e-01 0.000000e+00
    outer loop
      vertex   8.519399e+01 -6.134731e+01 3.000000e+00
      vertex   8.519399e+01 -6.134731e+01 3.866667e+01
      vertex   8.413196e+01 -6.310412e+01 3.000000e+00
    endloop
  endfacet
  facet normal 8.557813e-01 -5.173378e-01 0.000000e+00
    outer loop
      vertex   8.413196e+01 -6.310412e+01 3.000000e+00
      vertex   8.519399e+01 -6.134731e+01 3.866667e+01
      vertex   8.413196e+01 -6.310412e+01 3.866667e+01
    endloop
  endfacet
  facet normal 7.871835e-01 -6.167189e-01 0.000000e+00
    outer loop
      vertex   8.413196e+01 -6.310412e+01 3.000000e+00
      vertex   8.413196e+01 -6.310412e+01 3.866667e+01
      vertex   8.286592e+01 -6.472010e+01 3.000000e+00
    endloop
  endfacet
  facet normal 7.871835e-01 -6.167189e-01 0.000000e+00
    outer loop
      vertex   8.286592e+01 -6.472010e+01 3.000000e+00
      vertex   8.413196e+01 -6.310412e+01 3.866667e+01
      vertex   8.286592e+01 -6.472010e+01 3.866667e+01
    endloop
  endfacet
  facet normal 7.071068e-01 -7.071068e-01 0.000000e+00
    outer loop
      vertex   8.286592e+01 -6.472010e+01 3.000000e+00
      vertex   8.286592e+01 -6.472010e+01 3.866667e+01
      vertex   8.141432e+01 -6.617170e+01 3.000000e+00
    endloop
  endfacet
  facet normal 7.071068e-01 -7.071068e-01 0.000000e+00
    outer loop
      vertex   8.141432e+01 -6.617170e+01 3.000000e+00
      vertex   8.286592e+01 -6.472010e+01 3.866667e+01
      vertex   8.141432e+01 -6.617170e+01 3.866667e+01
    endloop
  endfacet
  facet normal 6.167189e-01 -7.871835e-01 0.000000e+00
    outer loop
      vertex   8.141432e+01 -6.617170e+01 3.000000e+00
      vertex   8.141432e+01 -6.617170e+01 3.866667e+01
      vertex   7.979834e+01 -6.743774e+01 3.000000e+00
    endloop
  endfacet
  facet normal 6.167189e-01 -7.871835e-01 0.000000e+00
    outer loop
      vertex   7.979834e+01 -6.743774e+01 3.000000e+00
      vertex   8.141432e+01 -6.617170e+01 3.866667e+01
      vertex   7.979834e+01 -6.743774e+01 3.866667e+01
    endloop
  endfacet
  facet normal 5.173378e-01 -8.557813e-01 0.000000e+00
    outer loop
      vertex   7.979834e+01 -6.743774e+01 3.000000e+00
      vertex   7.979834e+01 -6.743774e+01 3.866667e+01
      vertex   7.804153e+01 -6.849977e+01 3.000000e+00
    endloop
  endfacet
  facet normal 5.173378e-01 -8.557813e-01 0.000000e+00
    outer loop
      vertex   7.804153e+01 -6.849977e+01 3.000000e+00
      vertex   7.979834e+01 -6.743774e+01 3.866667e+01
      vertex   7.804153e+01 -6.849977e+01 3.866667e+01
    endloop
  endfacet
  facet normal 4.104128e-01 -9.118998e-01 0.000000e+00
    outer loop
      vertex   7.804153e+01 -6.849977e+01 3.000000e+00
      vertex   7.804153e+01 -6.849977e+01 3.866667e+01
      vertex   7.616952e+01 -6.934229e+01 3.000000e+00
    endloop
  endfacet
  facet normal 4.104128e-01 -9.118998e-01 0.000000e+00
    outer loop
      vertex   7.616952e+01 -6.934229e+01 3.000000e+00
      vertex   7.804153e+01 -6.849977e+01 3.866667e+01
      vertex   7.616952e+01 -6.934229e+01 3.866667e+01
    endloop
  endfacet
  facet normal 2.975031e-01 -9.547209e-01 0.000000e+00
    outer loop
      vertex   7.616952e+01 -6.934229e+01 3.000000e+00
      vertex   7.616952e+01 -6.934229e+01 3.866667e+01
      vertex   7.420960e+01 -6.995303e+01 3.000000e+00
    endloop
  endfacet
  facet normal 2.975031e-01 -9.547209e-01 0.000000e+00
    outer loop
      vertex   7.420960e+01 -6.995303e+01 3.000000e+00
      vertex   7.616952e+01 -6.934229e+01 3.866667e+01
      vertex   7.420960e+01 -6.995303e+01 3.866667e+01
    endloop
  endfacet
  facet normal 1.802550e-01 -9.836199e-01 0.000000e+00
    outer loop
      vertex   7.420960e+01 -6.995303e+01 3.000000e+00
      vertex   7.420960e+01 -6.995303e+01 3.866667e+01
      vertex   7.219036e+01 -7.032307e+01 3.000000e+00
    endloop
  endfacet
  facet normal 1.802550e-01 -9.836199e-01 0.000000e+00
    outer loop
      vertex   7.219036e+01 -7.032307e+01 3.000000e+00
      vertex   7.420960e+01 -6.995303e+01 3.866667e+01
      vertex   7.219036e+01 -7.032307e+01 3.866667e+01
    endloop
  endfacet
  facet normal 6.037850e-02 -9.981756e-01 0.000000e+00
    outer loop
      vertex   7.219036e+01 -7.032307e+01 3.000000e+00
      vertex   7.219036e+01 -7.032307e+01 3.866667e+01
      vertex   7.014124e+01 -7.044702e+01 3.000000e+00
    endloop
  endfacet
  facet normal 6.037850e-02 -9.981756e-01 0.000000e+00
    outer loop
      vertex   7.014124e+01 -7.044702e+01 3.000000e+00
      vertex   7.219036e+01 -7.032307e+01 3.866667e+01
      vertex   7.014124e+01 -7.044702e+01 3.866667e+01
    endloop
  endfacet
  facet normal -6.037850e-02 -9.981756e-01 0.000000e+00
    outer loop
      vertex   7.014124e+01 -7.044702e+01 3.000000e+00
      vertex   7.014124e+01 -7.044702e+01 3.866667e+01
      vertex   6.809211e+01 -7.032307e+01 3.000000e+00
    endloop
  endfacet
  facet normal -6.037850e-02 -9.981756e-01 0.000000e+00
    outer loop
      vertex   6.809211e+01 -7.032307e+01 3.000000e+00
      vertex   7.014124e+01 -7.044702e+01 3.866667e+01
      vertex   6.809211e+01 -7.032307e+01 3.866667e+01
    endloop
  endfacet
  facet normal -1.802550e-01 -9.836199e-01 0.000000e+00
    outer loop
      vertex   6.809211e+01 -7.032307e+01 3.000000e+00
      vertex   6.809211e+01 -7.032307e+01 3.866667e+01
      vertex   6.607287e+01 -6.995303e+01 3.000000e+00
    endloop
  endfacet
  facet normal -1.802550e-01 -9.836199e-01 0.000000e+00
    outer loop
      vertex   6.607287e+01 -6.995303e+01 3.000000e+00
      vertex   6.809211e+01 -7.032307e+01 3.866667e+01
      vertex   6.607287e+01 -6.995303e+01 3.866667e+01
    endloop
  endfacet
  facet normal -2.975031e-01 -9.547209e-01 0.000000e+00
    outer loop
      vertex   6.607287e+01 -6.995303e+01 3.000000e+00
      vertex   6.607287e+01 -6.995303e+01 3.866667e+01
      vertex   6.411295e+01 -6.934229e+01 3.000000e+00
    endloop
  endfacet
  facet normal -2.975031e-01 -9.547209e-01 0.000000e+00
    outer loop
      vertex   6.411295e+01 -6.934229e+01 3.000000e+00
      vertex   6.607287e+01 -6.995303e+01 3.866667e+01
      vertex   6.411295e+01 -6.934229e+01 3.866667e+01
    endloop
  endfacet
  facet normal -4.104128e-01 -9.118998e-01 0.000000e+00
    outer loop
      vertex   6.411295e+01 -6.934229e+01 3.000000e+00
      vertex   6.411295e+01 -6.934229e+01 3.866667e+01
      vertex   6.224094e+01 -6.849977e+01 3.000000e+00
    endloop
  endfacet
  facet normal -4.104128e-01 -9.118998e-01 0.000000e+00
    outer loop
      vertex   6.224094e+01 -6.849977e+01 3.000000e+00
      vertex   6.411295e+01 -6.934229e+01 3.866667e+01
      vertex   6.224094e+01 -6.849977e+01 3.866667e+01
    endloop
  endfacet
  facet normal -5.173378e-01 -8.557813e-01 0.000000e+00
    outer loop
      vertex   6.224094e+01 -6.849977e+01 3.000000e+00
      vertex   6.224094e+01 -6.849977e+01 3.866667e+01
      vertex   6.048414e+01 -6.743774e+01 3.000000e+00
    endloop
  endfacet
  facet normal -5.173378e-01 -8.557813e-01 0.000000e+00
    outer loop
      vertex   6.048414e+01 -6.743774e+01 3.000000e+00
      vertex   6.224094e+01 -6.849977e+01 3.866667e+01
      vertex   6.048414e+01 -6.743774e+01 3.866667e+01
    endloop
  endfacet
  facet normal -6.167189e-01 -7.871835e-01 0.000000e+00
    outer loop
      vertex   6.048414e+01 -6.743774e+01 3.000000e+00
      vertex   6.048414e+01 -6.743774e+01 3.866667e+01
      vertex   5.886815e+01 -6.617170e+01 3.000000e+00
    endloop
  endfacet
  facet normal -6.167189e-01 -7.871835e-01 0.000000e+00
    outer loop
      vertex   5.886815e+01 -6.617170e+01 3.000000e+00
      vertex   6.048414e+01 -6.743774e+01 3.866667e+01
      vertex   5.886815e+01 -6.617170e+01 3.866667e+01
    endloop
  endfacet
  facet normal -7.071068e-01 -7.071068e-01 0.000000e+00
    outer loop
      vertex   5.886815e+01 -6.617170e+01 3.000000e+00
      vertex   5.886815e+01 -6.617170e+01 3.866667e+01
      vertex   5.741655e+01 -6.472010e+01 3.000000e+00
    endloop
  endfacet
  facet normal -7.071068e-01 -7.071068e-01 0.000000e+00
    outer loop
      vertex   5.741655e+01 -6.472010e+01 3.000000e+00
      vertex   5.886815e+01 -6.617170e+01 3.866667e+01
      vertex   5.741655e+01 -6.472010e+01 3.866667e+01
    endloop
  endfacet
  facet normal -7.871835e-01 -6.167189e-01 0.000000e+00
    outer loop
      vertex   5.741655e+01 -6.472010e+01 3.000000e+00
      vertex   5.741655e+01 -6.472010e+01 3.866667e+01
      vertex   5.615051e+01 -6.310412e+01 3.000000e+00
    endloop
  endfacet
  facet normal -7.871835e-01 -6.167189e-01 0.000000e+00
    outer loop
      vertex   5.615051e+01 -6.310412e+01 3.000000e+00
      vertex   5.741655e+01 -6.472010e+01 3.866667e+01
      vertex   5.615051e+01 -6.310412e+01 3.866667e+01
    endloop
  endfacet
  facet normal -8.557813e-01 -5.173378e-01 0.000000e+00
    outer loop
      vertex   5.615051e+01 -6.310412e+01 3.000000e+00
      vertex   5.615051e+01 -6.310412e+01 3.866667e+01
      vertex   5.508848e+01 -6.134731e+01 3.000000e+00
    endloop
  endfacet
  facet normal -8.557813e-01 -5.173378e-01 0.000000e+00
    outer loop
      vertex   5.508848e+01 -6.134731e+01 3.000000e+00
      vertex   5.615051e+01 -6.310412e+01 3.866667e+01
      vertex   5.508848e+01 -6.134731e+01 3.866667e+01
    endloop
  endfacet
  facet normal -9.118998e-01 -4.104128e-01 0.000000e+00
    outer loop
      vertex   5.508848e+01 -6.134731e+01 3.000000e+00
      vertex   5.508848e+01 -6.134731e+01 3.866667e+01
      vertex   5.424596e+01 -5.947530e+01 3.000000e+00
    endloop
  endfacet
  facet normal -9.118998e-01 -4.104128e-01 0.000000e+00
    outer loop
      vertex   5.424596e+01 -5.947530e+01 3.000000e+00
      vertex   5.508848e+01 -6.134731e+01 3.866667e+01
      vertex   5.424596e+01 -5.947530e+01 3.866667e+01
    endloop
  endfacet
  facet normal -9.547209e-01 -2.975031e-01 0.000000e+00
    outer loop
      vertex   5.424596e+01 -5.947530e+01 3.000000e+00
      vertex   5.424596e+01 -5.947530e+01 3.866667e+01
      vertex   5.363523e+01 -5.751538e+01 3.000000e+00
    endloop
  endfacet
  facet normal -9.547209e-01 -2.975031e-01 0.000000e+00
    outer loop
      vertex   5.363523e+01 -5.751538e+01 3.000000e+00
      vertex   5.424596e+01 -5.947530e+01 3.866667e+01
      vertex   5.363523e+01 -5.751538e+01 3.866667e+01
    endloop
  endfacet
  facet normal -9.836199e-01 -1.802550e-01 0.000000e+00
    outer loop
      vertex   5.363523e+01 -5.751538e+01 3.000000e+00
      vertex   5.363523e+01 -5.751538e+01 3.866667e+01
      vertex   5.326519e+01 -5.549614e+01 3.000000e+00
    endloop
  endfacet
  facet normal -9.836199e-01 -1.802550e-01 0.000000e+00
    outer loop
      vertex   5.326519e+01 -5.549614e+01 3.000000e+00
      vertex   5.363523e+01 -5.751538e+01 3.866667e+01
      vertex   5.326519e+01 -5.549614e+01 3.866667e+01
    endloop
  endfacet
  facet normal -9.981756e-01 6.037850e-02 0.000000e+00
    outer loop
      vertex   5.326519e+01 -5.139789e+01 1.100000e+02
      vertex   5.326519e+01 -5.139789e+01 7.433333e+01
      vertex   5.314124e+01 -5.344702e+01 1.100000e+02
    endloop
  endfacet
  facet normal -9.981756e-01 6.037850e-02 0.000000e+00
    outer loop
      vertex   5.314124e+01 -5.344702e+01 1.100000e+02
      vertex   5.326519e+01 -5.139789e+01 7.433333e+01
      vertex   5.314124e+01 -5.344702e+01 7.433333e+01
    endloop
  endfacet
  facet normal -9.981756e-01 -6.037850e-02 -0.000000e+00
    outer loop
      vertex   5.314124e+01 -5.344702e+01 1.100000e+02
      vertex   5.314124e+01 -5.344702e+01 7.433333e+01
      vertex   5.326519e+01 -5.549614e+01 1.100000e+02
    endloop
  endfacet
  facet normal -9.981756e-01 -6.037850e-02 -0.000000e+00
    outer loop
      vertex   5.326519e+01 -5.549614e+01 1.100000e+02
      vertex   5.314124e+01 -5.344702e+01 7.433333e+01
      vertex   5.326519e+01 -5.549614e+01 7.433333e+01
    endloop
  endfacet
  facet normal -9.836199e-01 -1.802550e-01 -0.000000e+00
    outer loop
      vertex   5.326519e+01 -5.549614e+01 1.100000e+02
      vertex   5.326519e+01 -5.549614e+01 7.433333e+01
      vertex   5.363523e+01 -5.751538e+01 1.100000e+02
    endloop
  endfacet
  facet normal -9.836199e-01 -1.802550e-01 -0.000000e+00
    outer loop
      vertex   5.363523e+01 -5.751538e+01 1.100000e+02
      vertex   5.326519e+01 -5.549614e+01 7.433333e+01
      vertex   5.363523e+01 -5.751538e+01 7.433333e+01
    endloop
  endfacet
  facet normal -9.547209e-01 -2.975031e-01 -0.000000e+00
    outer loop
      vertex   5.363523e+01 -5.751538e+01 1.100000e+02
      vertex   5.363523e+01 -5.751538e+01 7.433333e+01
      vertex   5.424596e+01 -5.947530e+01 1.100000e+02
    endloop
  endfacet
  facet normal -9.547209e-01 -2.975031e-01 -0.000000e+00
    outer loop
      vertex   5.424596e+01 -5.947530e+01 1.100000e+02
      vertex   5.363523e+01 -5.751538e+01 7.433333e+01
      vertex   5.424596e+01 -5.947530e+01 7.433333e+01
    endloop
  endfacet
  facet normal -9.118998e-01 -4.104128e-01 -0.000000e+00
    outer loop
      vertex   5.424596e+01 -5.947530e+01 1.100000e+02
      vertex   5.424596e+01 -5.947530e+01 7.433333e+01
      vertex   5.508848e+01 -6.134731e+01 1.100000e+02
    endloop
  endfacet
  facet normal -9.118998e-01 -4.104128e-01 -0.000000e+00
    outer loop
      vertex   5.508848e+01 -6.134731e+01 1.100000e+02
      vertex   5.424596e+01 -5.947530e+01 7.433333e+01
      vertex   5.508848e+01 -6.134731e+01 7.433333e+01
    endloop
  endfacet
  facet normal -8.557813e-01 -5.173378e-01 -0.000000e+00
    outer loop
      vertex   5.508848e+01 -6.134731e+01 1.100000e+02
      vertex   5.508848e+01 -6.134731e+01 7.433333e+01
      vertex   5.615051e+01 -6.310412e+01 1.100000e+02
    endloop
  endfacet
  facet normal -8.557813e-01 -5.173378e-01 -0.000000e+00
    outer loop
      vertex   5.615051e+01 -6.310412e+01 1.100000e+02
      vertex   5.508848e+01 -6.134731e+01 7.433333e+01
      vertex   5.615051e+01 -6.310412e+01 7.433333e+01
    endloop
  endfacet
  facet normal -7.871835e-01 -6.167189e-01 -0.000000e+00
    outer loop
      vertex   5.615051e+01 -6.310412e+01 1.100000e+02
      vertex   5.615051e+01 -6.310412e+01 7.433333e+01
      vertex   5.741655e+01 -6.472010e+01 1.100000e+02
    endloop
  endfacet
  facet normal -7.871835e-01 -6.167189e-01 -0.000000e+00
    outer loop
      vertex   5.741655e+01 -6.472010e+01 1.100000e+02
      vertex   5.615051e+01 -6.310412e+01 7.433333e+01
      vertex   5.741655e+01 -6.472010e+01 7.433333e+01
    endloop
  endfacet
  facet normal -7.071068e-01 -7.071068e-01 -0.000000e+00
    outer loop
      vertex   5.741655e+01 -6.472010e+01 1.100000e+02
      vertex   5.741655e+01 -6.472010e+01 7.433333e+01
      vertex   5.886815e+01 -6.617170e+01 1.100000e+02
    endloop
  endfacet
  facet normal -7.071068e-01 -7.071068e-01 -0.000000e+00
    outer loop
      vertex   5.886815e+01 -6.617170e+01 1.100000e+02
      vertex   5.741655e+01 -6.472010e+01 7.433333e+01
      vertex   5.886815e+01 -6.617170e+01 7.433333e+01
    endloop
  endfacet
  facet normal -6.167189e-01 -7.871835e-01 -0.000000e+00
    outer loop
      vertex   5.886815e+01 -6.617170e+01 1.100000e+02
      vertex   5.886815e+01 -6.617170e+01 7.433333e+01
      vertex   6.048414e+01 -6.743774e+01 1.100000e+02
    endloop
  endfacet
  facet normal -6.167189e-01 -7.871835e-01 -0.000000e+00
    outer loop
      vertex   6.048414e+01 -6.743774e+01 1.100000e+02
      vertex   5.886815e+01 -6.617170e+01 7.433333e+01
      vertex   6.048414e+01 -6.743774e+01 7.433333e+01
    endloop
  endfacet
  facet normal -5.173378e-01 -8.557813e-01 -0.000000e+00
    outer loop
      vertex   6.048414e+01 -6.743774e+01 1.100000e+02
      vertex   6.048414e+01 -6.743774e+01 7.433333e+01
      vertex   6.224094e+01 -6.849977e+01 1.100000e+02
    endloop
  endfacet
  facet normal -5.173378e-01 -8.557813e-01 -0.000000e+00
    outer loop
      vertex   6.224094e+01 -6.849977e+01 1.100000e+02
      vertex   6.048414e+01 -6.743774e+01 7.433333e+01
      vertex   6.224094e+01 -6.849977e+01 7.433333e+01
    endloop
  endfacet
  facet normal -4.104128e-01 -9.118998e-01 -0.000000e+00
    outer loop
      vertex   6.224094e+01 -6.849977e+01 1.100000e+02
      vertex   6.224094e+01 -6.849977e+01 7.433333e+01
      vertex   6.411295e+01 -6.934229e+01 1.100000e+02
    endloop
  endfacet
  facet normal -4.104128e-01 -9.118998e-01 -0.000000e+00
    outer loop
      vertex   6.411295e+01 -6.934229e+01 1.100000e+02
      vertex   6.224094e+01 -6.849977e+01 7.433333e+01
      vertex   6.411295e+01 -6.934229e+01 7.433333e+01
    endloop
  endfacet
  facet normal -2.975031e-01 -9.547209e-01 -0.000000e+00
    outer loop
      vertex   6.411295e+01 -6.934229e+01 1.100000e+02
      vertex   6.411295e+01 -6.934229e+01 7.433333e+01
      vertex   6.607287e+01 -6.995303e+01 1.100000e+02
    endloop
  endfacet
  facet normal -2.975031e-01 -9.547209e-01 -0.000000e+00
    outer loop
      vertex   6.607287e+01 -6.995303e+01 1.100000e+02
      vertex   6.411295e+01 -6.934229e+01 7.433333e+01
      vertex   6.607287e+01 -6.995303e+01 7.433333e+01
    endloop
  endfacet
  facet normal -1.802550e-01 -9.836199e-01 -0.000000e+00
    outer loop
      vertex   6.607287e+01 -6.995303e+01 1.100000e+02
      vertex   6.607287e+01 -6.995303e+01 7.433333e+01
      vertex   6.809211e+01 -7.032307e+01 1.100000e+02
    endloop
  endfacet
  facet normal -1.802550e-01 -9.836199e-01 -0.000000e+00
    outer loop
      vertex   6.809211e+01 -7.032307e+01 1.100000e+02
      vertex   6.607287e+01 -6.995303e+01 7.433333e+01
      vertex   6.809211e+01 -7.032307e+01 7.433333e+01
    endloop
  endfacet
  facet normal -6.037850e-02 -9.981756e-01 -0.000000e+00
    outer loop
      vertex   6.809211e+01 -7.032307e+01 1.100000e+02
      vertex   6.809211e+01 -7.032307e+01 7.433333e+01
      vertex   7.014124e+01 -7.044702e+01 1.100000e+02
    endloop
  endfacet
  facet normal -6.037850e-02 -9.981756e-01 -0.000000e+00
    outer loop
      vertex   7.014124e+01 -7.044702e+01 1.100000e+02
      vertex   6.809211e+01 -7.032307e+01 7.433333e+01
      vertex   7.014124e+01 -7.044702e+01 7.433333e+01
    endloop
  endfacet
  facet normal 6.037850e-02 -9.981756e-01 0.000000e+00
    outer loop
      vertex   7.014124e+01 -7.044702e+01 1.100000e+02
      vertex   7.014124e+01 -7.044702e+01 7.433333e+01
      vertex   7.219036e+01 -7.032307e+01 1.100000e+02
    endloop
  endfacet
  facet normal 6.037850e-02 -9.981756e-01 0.000000e+00
    outer loop
      vertex   7.219036e+01 -7.032307e+01 1.100000e+02
      vertex   7.014124e+01 -7.044702e+01 7.433333e+01
      vertex   7.219036e+01 -7.032307e+01 7.433333e+01
    endloop
  endfacet
  facet normal 1.802550e-01 -9.836199e-01 0.000000e+00
    outer loop
      vertex   7.219036e+01 -7.032307e+01 1.100000e+02
      vertex   7.219036e+01 -7.032307e+01 7.433333e+01
      vertex   7.420960e+01 -6.995303e+01 1.100000e+02
    endloop
  endfacet
  facet normal 1.802550e-01 -9.836199e-01 0.000000e+00
    outer loop
      vertex   7.420960e+01 -6.995303e+01 1.100000e+02
      vertex   7.219036e+01 -7.032307e+01 7.433333e+01
      vertex   7.420960e+01 -6.995303e+01 7.433333e+01
    endloop
  endfacet
  facet normal 2.975031e-01 -9.547209e-01 0.000000e+00
    outer loop
      vertex   7.420960e+01 -6.995303e+01 1.100000e+02
      vertex   7.420960e+01 -6.995303e+01 7.433333e+01
      vertex   7.616952e+01 -6.934229e+01 1.100000e+02
    endloop
  endfacet
  facet normal 2.975031e-01 -9.547209e-01 0.000000e+00
    outer loop
      vertex   7.616952e+01 -6.934229e+01 1.100000e+02
      vertex   7.420960e+01 -6.995303e+01 7.433333e+01
      vertex   7.616952e+01 -6.934229e+01 7.433333e+01
    endloop
  endfacet
  facet normal 4.104128e-01 -9.118998e-01 0.000000e+00
    outer loop
      vertex   7.616952e+01 -6.934229e+01 1.100000e+02
      vertex   7.616952e+01 -6.934229e+01 7.433333e+01
      vertex   7.804153e+01 -6.849977e+01 1.100000e+02
    endloop
  endfacet
  facet normal 4.104128e-01 -9.118998e-01 0.000000e+00
    outer loop
      vertex   7.804153e+01 -6.849977e+01 1.100000e+02
      vertex   7.616952e+01 -6.934229e+01 7.433333e+01
      vertex   7.804153e+01 -6.849977e+01 7.433333e+01
    endloop
  endfacet
  facet normal 5.173378e-01 -8.557813e-01 0.000000e+00
    outer loop
      vertex   7.804153e+01 -6.849977e+01 1.100000e+02
      vertex   7.804153e+01 -6.849977e+01 7.433333e+01
      vertex   7.979834e+01 -6.743774e+01 1.100000e+02
    endloop
  endfacet
  facet normal 5.173378e-01 -8.557813e-01 0.000000e+00
    outer loop
      vertex   7.979834e+01 -6.743774e+01 1.100000e+02
      vertex   7.804153e+01 -6.849977e+01 7.433333e+01
      vertex   7.979834e+01 -6.743774e+01 7.433333e+01
    endloop
  endfacet
  facet normal 6.167189e-01 -7.871835e-01 0.000000e+00
    outer loop
      vertex   7.979834e+01 -6.743774e+01 1.100000e+02
      vertex   7.979834e+01 -6.743774e+01 7.433333e+01
      vertex   8.141432e+01 -6.617170e+01 1.100000e+02
    endloop
  endfacet
  facet normal 6.167189e-01 -7.871835e-01 0.000000e+00
    outer loop
      vertex   8.141432e+01 -6.617170e+01 1.100000e+02
      vertex   7.979834e+01 -6.743774e+01 7.433333e+01
      vertex   8.141432e+01 -6.617170e+01 7.433333e+01
    endloop
  endfacet
  facet normal 7.071068e-01 -7.071068e-01 0.000000e+00
    outer loop
      vertex   8.141432e+01 -6.617170e+01 1.100000e+02
      vertex   8.141432e+01 -6.617170e+01 7.433333e+01
      vertex   8.286592e+01 -6.472010e+01 1.100000e+02
    endloop
  endfacet
  facet normal 7.071068e-01 -7.071068e-01 0.000000e+00
    outer loop
      vertex   8.286592e+01 -6.472010e+01 1.100000e+02
      vertex   8.141432e+01 -6.617170e+01 7.433333e+01
      vertex   8.286592e+01 -6.472010e+01 7.433333e+01
    endloop
  endfacet
  facet normal 7.871835e-01 -6.167189e-01 0.000000e+00
    outer loop
      vertex   8.286592e+01 -6.472010e+01 1.100000e+02
      vertex   8.286592e+01 -6.472010e+01 7.433333e+01
      vertex   8.413196e+01 -6.310412e+01 1.100000e+02
    endloop
  endfacet
  facet normal 7.871835e-01 -6.167189e-01 0.000000e+00
    outer loop
      vertex   8.413196e+01 -6.310412e+01 1.100000e+02
      vertex   8.286592e+01 -6.472010e+01 7.433333e+01
      vertex   8.413196e+01 -6.310412e+01 7.433333e+01
    endloop
  endfacet
  facet normal 8.557813e-01 -5.173378e-01 0.000000e+00
    outer loop
      vertex   8.413196e+01 -6.310412e+01 1.100000e+02
      vertex   8.413196e+01 -6.310412e+01 7.433333e+01
      vertex   8.519399e+01 -6.134731e+01 1.100000e+02
    endloop
  endfacet
  facet normal 8.557813e-01 -5.173378e-01 0.000000e+00
    outer loop
      vertex   8.519399e+01 -6.134731e+01 1.100000e+02
      vertex   8.413196e+01 -6.310412e+01 7.433333e+01
      vertex   8.519399e+01 -6.134731e+01 7.433333e+01
    endloop
  endfacet
  facet normal 9.118998e-01 -4.104128e-01 0.000000e+00
    outer loop
      vertex   8.519399e+01 -6.134731e+01 1.100000e+02
      vertex   8.519399e+01 -6.134731e+01 7.433333e+01
      vertex   8.603651e+01 -5.947530e+01 1.100000e+02
    endloop
  endfacet
  facet normal 9.118998e-01 -4.104128e-01 0.000000e+00
    outer loop
      vertex   8.603651e+01 -5.947530e+01 1.100000e+02
      vertex   8.519399e+01 -6.134731e+01 7.433333e+01
      vertex   8.603651e+01 -5.947530e+01 7.433333e+01
    endloop
  endfacet
  facet normal 9.547209e-01 -2.975031e-01 0.000000e+00
    outer loop
      vertex   8.603651e+01 -5.947530e+01 1.100000e+02
      vertex   8.603651e+01 -5.947530e+01 7.433333e+01
      vertex   8.664725e+01 -5.751538e+01 1.100000e+02
    endloop
  endfacet
  facet normal 9.547209e-01 -2.975031e-01 0.000000e+00
    outer loop
      vertex   8.664725e+01 -5.751538e+01 1.100000e+02
      vertex   8.603651e+01 -5.947530e+01 7.433333e+01
      vertex   8.664725e+01 -5.751538e+01 7.433333e+01
    endloop
  endfacet
  facet normal 9.836199e-01 -1.802550e-01 0.000000e+00
    outer loop
      vertex   8.664725e+01 -5.751538e+01 1.100000e+02
      vertex   8.664725e+01 -5.751538e+01 7.433333e+01
      vertex   8.701729e+01 -5.549614e+01 1.100000e+02
    endloop
  endfacet
  facet normal 9.836199e-01 -1.802550e-01 0.000000e+00
    outer loop
      vertex   8.701729e+01 -5.549614e+01 1.100000e+02
      vertex   8.664725e+01 -5.751538e+01 7.433333e+01
      vertex   8.701729e+01 -5.549614e+01 7.433333e+01
    endloop
  endfacet
  facet normal 9.981756e-01 -6.037850e-02 0.000000e+00
    outer loop
      vertex   8.701729e+01 -5.549614e+01 1.100000e+02
      vertex   8.701729e+01 -5.549614e+01 7.433333e+01
      vertex   8.714124e+01 -5.344702e+01 1.100000e+02
    endloop
  endfacet
  facet normal 9.981756e-01 -6.037850e-02 0.000000e+00
    outer loop
      vertex   8.714124e+01 -5.344702e+01 1.100000e+02
      vertex   8.701729e+01 -5.549614e+01 7.433333e+01
      vertex   8.714124e+01 -5.344702e+01 7.433333e+01
    endloop
  endfacet
  facet normal 9.981756e-01 6.037850e-02 0.000000e+00
    outer loop
      vertex   8.714124e+01 -5.344702e+01 1.100000e+02
      vertex   8.714124e+01 -5.344702e+01 7.433333e+01
      vertex   8.701729e+01 -5.139789e+01 1.100000e+02
    endloop
  endfacet
  facet normal 9.981756e-01 6.037850e-02 0.000000e+00
    outer loop
      vertex   8.701729e+01 -5.139789e+01 1.100000e+02
      vertex   8.714124e+01 -5.344702e+01 7.433333e+01
      vertex   8.701729e+01 -5.139789e+01 7.433333e+01
    endloop
  endfacet
  facet normal 9.836199e-01 1.802550e-01 0.000000e+00
    outer loop
      vertex   8.701729e+01 -5.139789e+01 1.100000e+02
      vertex   8.701729e+01 -5.139789e+01 7.433333e+01
      vertex   8.664725e+01 -4.937865e+01 1.100000e+02
    endloop
  endfacet
  facet normal 9.836199e-01 1.802550e-01 0.000000e+00
    outer loop
      vertex   8.664725e+01 -4.937865e+01 1.100000e+02
      vertex   8.701729e+01 -5.139789e+01 7.433333e+01
      vertex   8.664725e+01 -4.937865e+01 7.433333e+01
    endloop
  endfacet
  facet normal 9.547209e-01 2.975031e-01 0.000000e+00
    outer loop
      vertex   8.664725e+01 -4.937865e+01 1.100000e+02
      vertex   8.664725e+01 -4.937865e+01 7.433333e+01
      vertex   8.603651e+01 -4.741873e+01 1.100000e+02
    endloop
  endfacet
  facet normal 9.547209e-01 2.975031e-01 0.000000e+00
    outer loop
      vertex   8.603651e+01 -4.741873e+01 1.100000e+02
      vertex   8.664725e+01 -4.937865e+01 7.433333e+01
      vertex   8.603651e+01 -4.741873e+01 7.433333e+01
    endloop
  endfacet
  facet normal 9.118998e-01 4.104128e-01 0.000000e+00
    outer loop
      vertex   8.603651e+01 -4.741873e+01 1.100000e+02
      vertex   8.603651e+01 -4.741873e+01 7.433333e+01
      vertex   8.519399e+01 -4.554672e+01 1.100000e+02
    endloop
  endfacet
  facet normal 9.118998e-01 4.104128e-01 0.000000e+00
    outer loop
      vertex   8.519399e+01 -4.554672e+01 1.100000e+02
      vertex   8.603651e+01 -4.741873e+01 7.433333e+01
      vertex   8.519399e+01 -4.554672e+01 7.433333e+01
    endloop
  endfacet
  facet normal 8.557813e-01 5.173378e-01 0.000000e+00
    outer loop
      vertex   8.519399e+01 -4.554672e+01 1.100000e+02
      vertex   8.519399e+01 -4.554672e+01 7.433333e+01
      vertex   8.413196e+01 -4.378992e+01 1.100000e+02
    endloop
  endfacet
  facet normal 8.557813e-01 5.173378e-01 0.000000e+00
    outer loop
      vertex   8.413196e+01 -4.378992e+01 1.100000e+02
      vertex   8.519399e+01 -4.554672e+01 7.433333e+01
      vertex   8.413196e+01 -4.378992e+01 7.433333e+01
    endloop
  endfacet
  facet normal 7.871835e-01 6.167189e-01 0.000000e+00
    outer loop
      vertex   8.413196e+01 -4.378992e+01 1.100000e+02
      vertex   8.413196e+01 -4.378992e+01 7.433333e+01
      vertex   8.286592e+01 -4.217393e+01 1.100000e+02
    endloop
  endfacet
  facet normal 7.871835e-01 6.167189e-01 0.000000e+00
    outer loop
      vertex   8.286592e+01 -4.217393e+01 1.100000e+02
      vertex   8.413196e+01 -4.378992e+01 7.433333e+01
      vertex   8.286592e+01 -4.217393e+01 7.433333e+01
    endloop
  endfacet
  facet normal 7.071068e-01 7.071068e-01 0.000000e+00
    outer loop
      vertex   8.286592e+01 -4.217393e+01 1.100000e+02
      vertex   8.286592e+01 -4.217393e+01 7.433333e+01
      vertex   8.141432e+01 -4.072233e+01 1.100000e+02
    endloop
  endfacet
  facet normal 7.071068e-01 7.071068e-01 -1.408681e-16
    outer loop
      vertex   8.141432e+01 -4.072233e+01 1.100000e+02
      vertex   8.286592e+01 -4.217393e+01 7.433333e+01
      vertex   8.141432e+01 -4.072233e+01 7.433333e+01
    endloop
  endfacet
  facet normal 6.167189e-01 7.871835e-01 -1.568208e-16
    outer loop
      vertex   8.141432e+01 -4.072233e+01 1.100000e+02
      vertex   8.141432e+01 -4.072233e+01 7.433333e+01
      vertex   7.979834e+01 -3.945629e+01 1.100000e+02
    endloop
  endfacet
  facet normal 6.167189e-01 7.871835e-01 0.000000e+00
    outer loop
      vertex   7.979834e+01 -3.945629e+01 1.100000e+02
      vertex   8.141432e+01 -4.072233e+01 7.433333e+01
      vertex   7.979834e+01 -3.945629e+01 7.433333e+01
    endloop
  endfacet
  facet normal 5.173378e-01 8.557813e-01 0.000000e+00
    outer loop
      vertex   7.979834e+01 -3.945629e+01 1.100000e+02
      vertex   7.979834e+01 -3.945629e+01 7.433333e+01
      vertex   7.804153e+01 -3.839426e+01 1.100000e+02
    endloop
  endfacet
  facet normal 5.173378e-01 8.557813e-01 0.000000e+00
    outer loop
      vertex   7.804153e+01 -3.839426e+01 1.100000e+02
      vertex   7.979834e+01 -3.945629e+01 7.433333e+01
      vertex   7.804153e+01 -3.839426e+01 7.433333e+01
    endloop
  endfacet
  facet normal 4.104128e-01 9.118998e-01 0.000000e+00
    outer loop
      vertex   7.804153e+01 -3.839426e+01 1.100000e+02
      vertex   7.804153e+01 -3.839426e+01 7.433333e+01
      vertex   7.616952e+01 -3.755174e+01 1.100000e+02
    endloop
  endfacet
  facet normal 4.104128e-01 9.118998e-01 0.000000e+00
    outer loop
      vertex   7.616952e+01 -3.755174e+01 1.100000e+02
      vertex   7.804153e+01 -3.839426e+01 7.433333e+01
      vertex   7.616952e+01 -3.755174e+01 7.433333e+01
    endloop
  endfacet
  facet normal 2.975031e-01 9.547209e-01 0.000000e+00
    outer loop
      vertex   7.616952e+01 -3.755174e+01 1.100000e+02
      vertex   7.616952e+01 -3.755174e+01 7.433333e+01
      vertex   7.420960e+01 -3.694101e+01 1.100000e+02
    endloop
  endfacet
  facet normal 2.975031e-01 9.547209e-01 0.000000e+00
    outer loop
      vertex   7.420960e+01 -3.694101e+01 1.100000e+02
      vertex   7.616952e+01 -3.755174e+01 7.433333e+01
      vertex   7.420960e+01 -3.694101e+01 7.433333e+01
    endloop
  endfacet
  facet normal 1.802550e-01 9.836199e-01 0.000000e+00
    outer loop
      vertex   7.420960e+01 -3.694101e+01 1.100000e+02
      vertex   7.420960e+01 -3.694101e+01 7.433333e+01
      vertex   7.219036e+01 -3.657097e+01 1.100000e+02
    endloop
  endfacet
  facet normal 1.802550e-01 9.836199e-01 0.000000e+00
    outer loop
      vertex   7.219036e+01 -3.657097e+01 1.100000e+02
      vertex   7.420960e+01 -3.694101e+01 7.433333e+01
      vertex   7.219036e+01 -3.657097e+01 7.433333e+01
    endloop
  endfacet
  facet normal 6.037850e-02 9.981756e-01 0.000000e+00
    outer loop
      vertex   7.219036e+01 -3.657097e+01 1.100000e+02
      vertex   7.219036e+01 -3.657097e+01 7.433333e+01
      vertex   7.014124e+01 -3.644702e+01 1.100000e+02
    endloop
  endfacet
  facet normal 6.037850e-02 9.981756e-01 0.000000e+00
    outer loop
      vertex   7.014124e+01 -3.644702e+01 1.100000e+02
      vertex   7.219036e+01 -3.657097e+01 7.433333e+01
      vertex   7.014124e+01 -3.644702e+01 7.433333e+01
    endloop
  endfacet
  facet normal -6.037850e-02 9.981756e-01 0.000000e+00
    outer loop
      vertex   7.014124e+01 -3.644702e+01 1.100000e+02
      vertex   7.014124e+01 -3.644702e+01 7.433333e+01
      vertex   6.809211e+01 -3.657097e+01 1.100000e+02
    endloop
  endfacet
  facet normal -6.037850e-02 9.981756e-01 0.000000e+00
    outer loop
      vertex   6.809211e+01 -3.657097e+01 1.100000e+02
      vertex   7.014124e+01 -3.644702e+01 7.433333e+01
      vertex   6.809211e+01 -3.657097e+01 7.433333e+01
    endloop
  endfacet
  facet normal -1.802550e-01 9.836199e-01 0.000000e+00
    outer loop
      vertex   6.809211e+01 -3.657097e+01 1.100000e+02
      vertex   6.809211e+01 -3.657097e+01 7.433333e+01
      vertex   6.607287e+01 -3.694101e+01 1.100000e+02
    endloop
  endfacet
  facet normal -1.802550e-01 9.836199e-01 0.000000e+00
    outer loop
      vertex   6.607287e+01 -3.694101e+01 1.100000e+02
      vertex   6.809211e+01 -3.657097e+01 7.433333e+01
      vertex   6.607287e+01 -3.694101e+01 7.433333e+01
    endloop
  endfacet
  facet normal -2.975031e-01 9.547209e-01 0.000000e+00
    outer loop
      vertex   6.607287e+01 -3.694101e+01 1.100000e+02
      vertex   6.607287e+01 -3.694101e+01 7.433333e+01
      vertex   6.411295e+01 -3.755174e+01 1.100000e+02
    endloop
  endfacet
  facet normal -2.975031e-01 9.547209e-01 -1.901972e-16
    outer loop
      vertex   6.411295e+01 -3.755174e+01 1.100000e+02
      vertex   6.607287e+01 -3.694101e+01 7.433333e+01
      vertex   6.411295e+01 -3.755174e+01 7.433333e+01
    endloop
  endfacet
  facet normal -4.104128e-01 9.118998e-01 -1.816665e-16
    outer loop
      vertex   6.411295e+01 -3.755174e+01 1.100000e+02
      vertex   6.411295e+01 -3.755174e+01 7.433333e+01
      vertex   6.224094e+01 -3.839426e+01 1.100000e+02
    endloop
  endfacet
  facet normal -4.104128e-01 9.118998e-01 0.000000e+00
    outer loop
      vertex   6.224094e+01 -3.839426e+01 1.100000e+02
      vertex   6.411295e+01 -3.755174e+01 7.433333e+01
      vertex   6.224094e+01 -3.839426e+01 7.433333e+01
    endloop
  endfacet
  facet normal -5.173378e-01 8.557813e-01 0.000000e+00
    outer loop
      vertex   6.224094e+01 -3.839426e+01 1.100000e+02
      vertex   6.224094e+01 -3.839426e+01 7.433333e+01
      vertex   6.048414e+01 -3.945629e+01 1.100000e+02
    endloop
  endfacet
  facet normal -5.173378e-01 8.557813e-01 0.000000e+00
    outer loop
      vertex   6.048414e+01 -3.945629e+01 1.100000e+02
      vertex   6.224094e+01 -3.839426e+01 7.433333e+01
      vertex   6.048414e+01 -3.945629e+01 7.433333e+01
    endloop
  endfacet
  facet normal -6.167189e-01 7.871835e-01 0.000000e+00
    outer loop
      vertex   6.048414e+01 -3.945629e+01 1.100000e+02
      vertex   6.048414e+01 -3.945629e+01 7.433333e+01
      vertex   5.886815e+01 -4.072233e+01 1.100000e+02
    endloop
  endfacet
  facet normal -6.167189e-01 7.871835e-01 0.000000e+00
    outer loop
      vertex   5.886815e+01 -4.072233e+01 1.100000e+02
      vertex   6.048414e+01 -3.945629e+01 7.433333e+01
      vertex   5.886815e+01 -4.072233e+01 7.433333e+01
    endloop
  endfacet
  facet normal -7.071068e-01 7.071068e-01 0.000000e+00
    outer loop
      vertex   5.886815e+01 -4.072233e+01 1.100000e+02
      vertex   5.886815e+01 -4.072233e+01 7.433333e+01
      vertex   5.741655e+01 -4.217393e+01 1.100000e+02
    endloop
  endfacet
  facet normal -7.071068e-01 7.071068e-01 0.000000e+00
    outer loop
      vertex   5.741655e+01 -4.217393e+01 1.100000e+02
      vertex   5.886815e+01 -4.072233e+01 7.433333e+01
      vertex   5.741655e+01 -4.217393e+01 7.433333e+01
    endloop
  endfacet
  facet normal -7.871835e-01 6.167189e-01 0.000000e+00
    outer loop
      vertex   5.741655e+01 -4.217393e+01 1.100000e+02
      vertex   5.741655e+01 -4.217393e+01 7.433333e+01
      vertex   5.615051e+01 -4.378992e+01 1.100000e+02
    endloop
  endfacet
  facet normal -7.871835e-01 6.167189e-01 0.000000e+00
    outer loop
      vertex   5.615051e+01 -4.378992e+01 1.100000e+02
      vertex   5.741655e+01 -4.217393e+01 7.433333e+01
      vertex   5.615051e+01 -4.378992e+01 7.433333e+01
    endloop
  endfacet
  facet normal -8.557813e-01 5.173378e-01 0.000000e+00
    outer loop
      vertex   5.615051e+01 -4.378992e+01 1.100000e+02
      vertex   5.615051e+01 -4.378992e+01 7.433333e+01
      vertex   5.508848e+01 -4.554672e+01 1.100000e+02
    endloop
  endfacet
  facet normal -8.557813e-01 5.173378e-01 0.000000e+00
    outer loop
      vertex   5.508848e+01 -4.554672e+01 1.100000e+02
      vertex   5.615051e+01 -4.378992e+01 7.433333e+01
      vertex   5.508848e+01 -4.554672e+01 7.433333e+01
    endloop
  endfacet
  facet normal -9.118998e-01 4.104128e-01 0.000000e+00
    outer loop
      vertex   5.508848e+01 -4.554672e+01 1.100000e+02
      vertex   5.508848e+01 -4.554672e+01 7.433333e+01
      vertex   5.424596e+01 -4.741873e+01 1.100000e+02
    endloop
  endfacet
  facet normal -9.118998e-01 4.104128e-01 0.000000e+00
    outer loop
      vertex   5.424596e+01 -4.741873e+01 1.100000e+02
      vertex   5.508848e+01 -4.554672e+01 7.433333e+01
      vertex   5.424596e+01 -4.741873e+01 7.433333e+01
    endloop
  endfacet
  facet normal -9.547209e-01 2.975031e-01 0.000000e+00
    outer loop
      vertex   5.424596e+01 -4.741873e+01 1.100000e+02
      vertex   5.424596e+01 -4.741873e+01 7.433333e+01
      vertex   5.363523e+01 -4.937865e+01 1.100000e+02
    endloop
  endfacet
  facet normal -9.547209e-01 2.975031e-01 0.000000e+00
    outer loop
      vertex   5.363523e+01 -4.937865e+01 1.100000e+02
      vertex   5.424596e+01 -4.741873e+01 7.433333e+01
      vertex   5.363523e+01 -4.937865e+01 7.433333e+01
    endloop
  endfacet
  facet normal -9.836199e-01 1.802550e-01 0.000000e+00
    outer loop
      vertex   5.363523e+01 -4.937865e+01 1.100000e+02
      vertex   5.363523e+01 -4.937865e+01 7.433333e+01
      vertex   5.326519e+01 -5.139789e+01 1.100000e+02
    endloop
  endfacet
  facet normal -9.836199e-01 1.802550e-01 0.000000e+00
    outer loop
      vertex   5.326519e+01 -5.139789e+01 1.100000e+02
      vertex   5.363523e+01 -4.937865e+01 7.433333e+01
      vertex   5.326519e+01 -5.139789e+01 7.433333e+01
    endloop
  endfacet
  facet normal -9.981756e-01 6.037850e-02 0.000000e+00
    outer loop
      vertex   5.314124e+01 -5.344702e+01 3.866667e+01
      vertex   5.314124e+01 -5.344702e+01 7.433333e+01
      vertex   5.326519e+01 -5.139789e+01 3.866667e+01
    endloop
  endfacet
  facet normal -9.981756e-01 6.037850e-02 0.000000e+00
    outer loop
      vertex   5.326519e+01 -5.139789e+01 3.866667e+01
      vertex   5.314124e+01 -5.344702e+01 7.433333e+01
      vertex   5.326519e+01 -5.139789e+01 7.433333e+01
    endloop
  endfacet
  facet normal -9.836199e-01 1.802550e-01 0.000000e+00
    outer loop
      vertex   5.326519e+01 -5.139789e+01 3.866667e+01
      vertex   5.326519e+01 -5.139789e+01 7.433333e+01
      vertex   5.363523e+01 -4.937865e+01 3.866667e+01
    endloop
  endfacet
  facet normal -9.836199e-01 1.802550e-01 0.000000e+00
    outer loop
      vertex   5.363523e+01 -4.937865e+01 3.866667e+01
      vertex   5.326519e+01 -5.139789e+01 7.433333e+01
      vertex   5.363523e+01 -4.937865e+01 7.433333e+01
    endloop
  endfacet
  facet normal -9.547209e-01 2.975031e-01 0.000000e+00
    outer loop
      vertex   5.363523e+01 -4.937865e+01 3.866667e+01
      vertex   5.363523e+01 -4.937865e+01 7.433333e+01
      vertex   5.424596e+01 -4.741873e+01 3.866667e+01
    endloop
  endfacet
  facet normal -9.547209e-01 2.975031e-01 0.000000e+00
    outer loop
      vertex   5.424596e+01 -4.741873e+01 3.866667e+01
      vertex   5.363523e+01 -4.937865e+01 7.433333e+01
      vertex   5.424596e+01 -4.741873e+01 7.433333e+01
    endloop
  endfacet
  facet normal -9.118998e-01 4.104128e-01 0.000000e+00
    outer loop
      vertex   5.424596e+01 -4.741873e+01 3.866667e+01
      vertex   5.424596e+01 -4.741873e+01 7.433333e+01
      vertex   5.508848e+01 -4.554672e+01 3.866667e+01
    endloop
  endfacet
  facet normal -9.118998e-01 4.104128e-01 0.000000e+00
    outer loop
      vertex   5.508848e+01 -4.554672e+01 3.866667e+01
      vertex   5.424596e+01 -4.741873e+01 7.433333e+01
      vertex   5.508848e+01 -4.554672e+01 7.433333e+01
    endloop
  endfacet
  facet normal -8.557813e-01 5.173378e-01 0.000000e+00
    outer loop
      vertex   5.508848e+01 -4.554672e+01 3.866667e+01
      vertex   5.508848e+01 -4.554672e+01 7.433333e+01
      vertex   5.615051e+01 -4.378992e+01 3.866667e+01
    endloop
  endfacet
  facet normal -8.557813e-01 5.173378e-01 0.000000e+00
    outer loop
      vertex   5.615051e+01 -4.378992e+01 3.866667e+01
      vertex   5.508848e+01 -4.554672e+01 7.433333e+01
      vertex   5.615051e+01 -4.378992e+01 7.433333e+01
    endloop
  endfacet
  facet normal -7.871835e-01 6.167189e-01 0.000000e+00
    outer loop
      vertex   5.615051e+01 -4.378992e+01 3.866667e+01
      vertex   5.615051e+01 -4.378992e+01 7.433333e+01
      vertex   5.741655e+01 -4.217393e+01 3.866667e+01
    endloop
  endfacet
  facet normal -7.871835e-01 6.167189e-01 0.000000e+00
    outer loop
      vertex   5.741655e+01 -4.217393e+01 3.866667e+01
      vertex   5.615051e+01 -4.378992e+01 7.433333e+01
      vertex   5.741655e+01 -4.217393e+01 7.433333e+01
    endloop
  endfacet
  facet normal -7.071068e-01 7.071068e-01 0.000000e+00
    outer loop
      vertex   5.741655e+01 -4.217393e+01 3.866667e+01
      vertex   5.741655e+01 -4.217393e+01 7.433333e+01
      vertex   5.886815e+01 -4.072233e+01 3.866667e+01
    endloop
  endfacet
  facet normal -7.071068e-01 7.071068e-01 0.000000e+00
    outer loop
      vertex   5.886815e+01 -4.072233e+01 3.866667e+01
      vertex   5.741655e+01 -4.217393e+01 7.433333e+01
      vertex   5.886815e+01 -4.072233e+01 7.433333e+01
    endloop
  endfacet
  facet normal -6.167189e-01 7.871835e-01 0.000000e+00
    outer loop
      vertex   5.886815e+01 -4.072233e+01 3.866667e+01
      vertex   5.886815e+01 -4.072233e+01 7.433333e+01
      vertex   6.048414e+01 -3.945629e+01 3.866667e+01
    endloop
  endfacet
  facet normal -6.167189e-01 7.871835e-01 0.000000e+00
    outer loop
      vertex   6.048414e+01 -3.945629e+01 3.866667e+01
      vertex   5.886815e+01 -4.072233e+01 7.433333e+01
      vertex   6.048414e+01 -3.945629e+01 7.433333e+01
    endloop
  endfacet
  facet normal -5.173378e-01 8.557813e-01 0.000000e+00
    outer loop
      vertex   6.048414e+01 -3.945629e+01 3.866667e+01
      vertex   6.048414e+01 -3.945629e+01 7.433333e+01
      vertex   6.224094e+01 -3.839426e+01 3.866667e+01
    endloop
  endfacet
  facet normal -5.173378e-01 8.557813e-01 0.000000e+00
    outer loop
      vertex   6.224094e+01 -3.839426e+01 3.866667e+01
      vertex   6.048414e+01 -3.945629e+01 7.433333e+01
      vertex   6.224094e+01 -3.839426e+01 7.433333e+01
    endloop
  endfacet
  facet normal -4.104128e-01 9.118998e-01 0.000000e+00
    outer loop
      vertex   6.224094e+01 -3.839426e+01 3.866667e+01
      vertex   6.224094e+01 -3.839426e+01 7.433333e+01
      vertex   6.411295e+01 -3.755174e+01 3.866667e+01
    endloop
  endfacet
  facet normal -4.104128e-01 9.118998e-01 0.000000e+00
    outer loop
      vertex   6.411295e+01 -3.755174e+01 3.866667e+01
      vertex   6.224094e+01 -3.839426e+01 7.433333e+01
      vertex   6.411295e+01 -3.755174e+01 7.433333e+01
    endloop
  endfacet
  facet normal -2.975031e-01 9.547209e-01 0.000000e+00
    outer loop
      vertex   6.411295e+01 -3.755174e+01 3.866667e+01
      vertex   6.411295e+01 -3.755174e+01 7.433333e+01
      vertex   6.607287e+01 -3.694101e+01 3.866667e+01
    endloop
  endfacet
  facet normal -2.975031e-01 9.547209e-01 0.000000e+00
    outer loop
      vertex   6.607287e+01 -3.694101e+01 3.866667e+01
      vertex   6.411295e+01 -3.755174e+01 7.433333e+01
      vertex   6.607287e+01 -3.694101e+01 7.433333e+01
    endloop
  endfacet
  facet normal -1.802550e-01 9.836199e-01 0.000000e+00
    outer loop
      vertex   6.607287e+01 -3.694101e+01 3.866667e+01
      vertex   6.607287e+01 -3.694101e+01 7.433333e+01
      vertex   6.809211e+01 -3.657097e+01 3.866667e+01
    endloop
  endfacet
  facet normal -1.802550e-01 9.836199e-01 0.000000e+00
    outer loop
      vertex   6.809211e+01 -3.657097e+01 3.866667e+01
      vertex   6.607287e+01 -3.694101e+01 7.433333e+01
      vertex   6.809211e+01 -3.657097e+01 7.433333e+01
    endloop
  endfacet
  facet normal -6.037850e-02 9.981756e-01 0.000000e+00
    outer loop
      vertex   6.809211e+01 -3.657097e+01 3.866667e+01
      vertex   6.809211e+01 -3.657097e+01 7.433333e+01
      vertex   7.014124e+01 -3.644702e+01 3.866667e+01
    endloop
  endfacet
  facet normal -6.037850e-02 9.981756e-01 0.000000e+00
    outer loop
      vertex   7.014124e+01 -3.644702e+01 3.866667e+01
      vertex   6.809211e+01 -3.657097e+01 7.433333e+01
      vertex   7.014124e+01 -3.644702e+01 7.433333e+01
    endloop
  endfacet
  facet normal 6.037850e-02 9.981756e-01 -0.000000e+00
    outer loop
      vertex   7.014124e+01 -3.644702e+01 3.866667e+01
      vertex   7.014124e+01 -3.644702e+01 7.433333e+01
      vertex   7.219036e+01 -3.657097e+01 3.866667e+01
    endloop
  endfacet
  facet normal 6.037850e-02 9.981756e-01 -0.000000e+00
    outer loop
      vertex   7.219036e+01 -3.657097e+01 3.866667e+01
      vertex   7.014124e+01 -3.644702e+01 7.433333e+01
      vertex   7.219036e+01 -3.657097e+01 7.433333e+01
    endloop
  endfacet
  facet normal 1.802550e-01 9.836199e-01 -0.000000e+00
    outer loop
      vertex   7.219036e+01 -3.657097e+01 3.866667e+01
      vertex   7.219036e+01 -3.657097e+01 7.433333e+01
      vertex   7.420960e+01 -3.694101e+01 3.866667e+01
    endloop
  endfacet
  facet normal 1.802550e-01 9.836199e-01 -0.000000e+00
    outer loop
      vertex   7.420960e+01 -3.694101e+01 3.866667e+01
      vertex   7.219036e+01 -3.657097e+01 7.433333e+01
      vertex   7.420960e+01 -3.694101e+01 7.433333e+01
    endloop
  endfacet
  facet normal 2.975031e-01 9.547209e-01 -0.000000e+00
    outer loop
      vertex   7.420960e+01 -3.694101e+01 3.866667e+01
      vertex   7.420960e+01 -3.694101e+01 7.433333e+01
      vertex   7.616952e+01 -3.755174e+01 3.866667e+01
    endloop
  endfacet
  facet normal 2.975031e-01 9.547209e-01 -0.000000e+00
    outer loop
      vertex   7.616952e+01 -3.755174e+01 3.866667e+01
      vertex   7.420960e+01 -3.694101e+01 7.433333e+01
      vertex   7.616952e+01 -3.755174e+01 7.433333e+01
    endloop
  endfacet
  facet normal 4.104128e-01 9.118998e-01 -0.000000e+00
    outer loop
      vertex   7.616952e+01 -3.755174e+01 3.866667e+01
      vertex   7.616952e+01 -3.755174e+01 7.433333e+01
      vertex   7.804153e+01 -3.839426e+01 3.866667e+01
    endloop
  endfacet
  facet normal 4.104128e-01 9.118998e-01 -0.000000e+00
    outer loop
      vertex   7.804153e+01 -3.839426e+01 3.866667e+01
      vertex   7.616952e+01 -3.755174e+01 7.433333e+01
      vertex   7.804153e+01 -3.839426e+01 7.433333e+01
    endloop
  endfacet
  facet normal 5.173378e-01 8.557813e-01 -0.000000e+00
    outer loop
      vertex   7.804153e+01 -3.839426e+01 3.866667e+01
      vertex   7.804153e+01 -3.839426e+01 7.433333e+01
      vertex   7.979834e+01 -3.945629e+01 3.866667e+01
    endloop
  endfacet
  facet normal 5.173378e-01 8.557813e-01 -0.000000e+00
    outer loop
      vertex   7.979834e+01 -3.945629e+01 3.866667e+01
      vertex   7.804153e+01 -3.839426e+01 7.433333e+01
      vertex   7.979834e+01 -3.945629e+01 7.433333e+01
    endloop
  endfacet
  facet normal 6.167189e-01 7.871835e-01 -0.000000e+00
    outer loop
      vertex   7.979834e+01 -3.945629e+01 3.866667e+01
      vertex   7.979834e+01 -3.945629e+01 7.433333e+01
      vertex   8.141432e+01 -4.072233e+01 3.866667e+01
    endloop
  endfacet
  facet normal 6.167189e-01 7.871835e-01 -0.000000e+00
    outer loop
      vertex   8.141432e+01 -4.072233e+01 3.866667e+01
      vertex   7.979834e+01 -3.945629e+01 7.433333e+01
      vertex   8.141432e+01 -4.072233e+01 7.433333e+01
    endloop
  endfacet
  facet normal 7.071068e-01 7.071068e-01 -0.000000e+00
    outer loop
      vertex   8.141432e+01 -4.072233e+01 3.866667e+01
      vertex   8.141432e+01 -4.072233e+01 7.433333e+01
      vertex   8.286592e+01 -4.217393e+01 3.866667e+01
    endloop
  endfacet
  facet normal 7.071068e-01 7.071068e-01 -0.000000e+00
    outer loop
      vertex   8.286592e+01 -4.217393e+01 3.866667e+01
      vertex   8.141432e+01 -4.072233e+01 7.433333e+01
      vertex   8.286592e+01 -4.217393e+01 7.433333e+01
    endloop
  endfacet
  facet normal 7.871835e-01 6.167189e-01 -0.000000e+00
    outer loop
      vertex   8.286592e+01 -4.217393e+01 3.866667e+01
      vertex   8.286592e+01 -4.217393e+01 7.433333e+01
      vertex   8.413196e+01 -4.378992e+01 3.866667e+01
    endloop
  endfacet
  facet normal 7.871835e-01 6.167189e-01 -0.000000e+00
    outer loop
      vertex   8.413196e+01 -4.378992e+01 3.866667e+01
      vertex   8.286592e+01 -4.217393e+01 7.433333e+01
      vertex   8.413196e+01 -4.378992e+01 7.433333e+01
    endloop
  endfacet
  facet normal 8.557813e-01 5.173378e-01 -0.000000e+00
    outer loop
      vertex   8.413196e+01 -4.378992e+01 3.866667e+01
      vertex   8.413196e+01 -4.378992e+01 7.433333e+01
      vertex   8.519399e+01 -4.554672e+01 3.866667e+01
    endloop
  endfacet
  facet normal 8.557813e-01 5.173378e-01 -0.000000e+00
    outer loop
      vertex   8.519399e+01 -4.554672e+01 3.866667e+01
      vertex   8.413196e+01 -4.378992e+01 7.433333e+01
      vertex   8.519399e+01 -4.554672e+01 7.433333e+01
    endloop
  endfacet
  facet normal 9.118998e-01 4.104128e-01 -0.000000e+00
    outer loop
      vertex   8.519399e+01 -4.554672e+01 3.866667e+01
      vertex   8.519399e+01 -4.554672e+01 7.433333e+01
      vertex   8.603651e+01 -4.741873e+01 3.866667e+01
    endloop
  endfacet
  facet normal 9.118998e-01 4.104128e-01 -0.000000e+00
    outer loop
      vertex   8.603651e+01 -4.741873e+01 3.866667e+01
      vertex   8.519399e+01 -4.554672e+01 7.433333e+01
      vertex   8.603651e+01 -4.741873e+01 7.433333e+01
    endloop
  endfacet
  facet normal 9.547209e-01 2.975031e-01 -0.000000e+00
    outer loop
      vertex   8.603651e+01 -4.741873e+01 3.866667e+01
      vertex   8.603651e+01 -4.741873e+01 7.433333e+01
      vertex   8.664725e+01 -4.937865e+01 3.866667e+01
    endloop
  endfacet
  facet normal 9.547209e-01 2.975031e-01 -0.000000e+00
    outer loop
      vertex   8.664725e+01 -4.937865e+01 3.866667e+01
      vertex   8.603651e+01 -4.741873e+01 7.433333e+01
      vertex   8.664725e+01 -4.937865e+01 7.433333e+01
    endloop
  endfacet
  facet normal 9.836199e-01 1.802550e-01 -0.000000e+00
    outer loop
      vertex   8.664725e+01 -4.937865e+01 3.866667e+01
      vertex   8.664725e+01 -4.937865e+01 7.433333e+01
      vertex   8.701729e+01 -5.139789e+01 3.866667e+01
    endloop
  endfacet
  facet normal 9.836199e-01 1.802550e-01 -0.000000e+00
    outer loop
      vertex   8.701729e+01 -5.139789e+01 3.866667e+01
      vertex   8.664725e+01 -4.937865e+01 7.433333e+01
      vertex   8.701729e+01 -5.139789e+01 7.433333e+01
    endloop
  endfacet
  facet normal 9.981756e-01 6.037850e-02 -0.000000e+00
    outer loop
      vertex   8.701729e+01 -5.139789e+01 3.866667e+01
      vertex   8.701729e+01 -5.139789e+01 7.433333e+01
      vertex   8.714124e+01 -5.344702e+01 3.866667e+01
    endloop
  endfacet
  facet normal 9.981756e-01 6.037850e-02 -0.000000e+00
    outer loop
      vertex   8.714124e+01 -5.344702e+01 3.866667e+01
      vertex   8.701729e+01 -5.139789e+01 7.433333e+01
      vertex   8.714124e+01 -5.344702e+01 7.433333e+01
    endloop
  endfacet
  facet normal 9.981756e-01 -6.037850e-02 0.000000e+00
    outer loop
      vertex   8.714124e+01 -5.344702e+01 3.866667e+01
      vertex   8.714124e+01 -5.344702e+01 7.433333e+01
      vertex   8.701729e+01 -5.549614e+01 3.866667e+01
    endloop
  endfacet
  facet normal 9.981756e-01 -6.037850e-02 0.000000e+00
    outer loop
      vertex   8.701729e+01 -5.549614e+01 3.866667e+01
      vertex   8.714124e+01 -5.344702e+01 7.433333e+01
      vertex   8.701729e+01 -5.549614e+01 7.433333e+01
    endloop
  endfacet
  facet normal 9.836199e-01 -1.802550e-01 0.000000e+00
    outer loop
      vertex   8.701729e+01 -5.549614e+01 3.866667e+01
      vertex   8.701729e+01 -5.549614e+01 7.433333e+01
      vertex   8.664725e+01 -5.751538e+01 3.866667e+01
    endloop
  endfacet
  facet normal 9.836199e-01 -1.802550e-01 0.000000e+00
    outer loop
      vertex   8.664725e+01 -5.751538e+01 3.866667e+01
      vertex   8.701729e+01 -5.549614e+01 7.433333e+01
      vertex   8.664725e+01 -5.751538e+01 7.433333e+01
    endloop
  endfacet
  facet normal 9.547209e-01 -2.975031e-01 0.000000e+00
    outer loop
      vertex   8.664725e+01 -5.751538e+01 3.866667e+01
      vertex   8.664725e+01 -5.751538e+01 7.433333e+01
      vertex   8.603651e+01 -5.947530e+01 3.866667e+01
    endloop
  endfacet
  facet normal 9.547209e-01 -2.975031e-01 0.000000e+00
    outer loop
      vertex   8.603651e+01 -5.947530e+01 3.866667e+01
      vertex   8.664725e+01 -5.751538e+01 7.433333e+01
      vertex   8.603651e+01 -5.947530e+01 7.433333e+01
    endloop
  endfacet
  facet normal 9.118998e-01 -4.104128e-01 0.000000e+00
    outer loop
      vertex   8.603651e+01 -5.947530e+01 3.866667e+01
      vertex   8.603651e+01 -5.947530e+01 7.433333e+01
      vertex   8.519399e+01 -6.134731e+01 3.866667e+01
    endloop
  endfacet
  facet normal 9.118998e-01 -4.104128e-01 0.000000e+00
    outer loop
      vertex   8.519399e+01 -6.134731e+01 3.866667e+01
      vertex   8.603651e+01 -5.947530e+01 7.433333e+01
      vertex   8.519399e+01 -6.134731e+01 7.433333e+01
    endloop
  endfacet
  facet normal 8.557813e-01 -5.173378e-01 0.000000e+00
    outer loop
      vertex   8.519399e+01 -6.134731e+01 3.866667e+01
      vertex   8.519399e+01 -6.134731e+01 7.433333e+01
      vertex   8.413196e+01 -6.310412e+01 3.866667e+01
    endloop
  endfacet
  facet normal 8.557813e-01 -5.173378e-01 0.000000e+00
    outer loop
      vertex   8.413196e+01 -6.310412e+01 3.866667e+01
      vertex   8.519399e+01 -6.134731e+01 7.433333e+01
      vertex   8.413196e+01 -6.310412e+01 7.433333e+01
    endloop
  endfacet
  facet normal 7.871835e-01 -6.167189e-01 0.000000e+00
    outer loop
      vertex   8.413196e+01 -6.310412e+01 3.866667e+01
      vertex   8.413196e+01 -6.310412e+01 7.433333e+01
      vertex   8.286592e+01 -6.472010e+01 3.866667e+01
    endloop
  endfacet
  facet normal 7.871835e-01 -6.167189e-01 0.000000e+00
    outer loop
      vertex   8.286592e+01 -6.472010e+01 3.866667e+01
      vertex   8.413196e+01 -6.310412e+01 7.433333e+01
      vertex   8.286592e+01 -6.472010e+01 7.433333e+01
    endloop
  endfacet
  facet normal 7.071068e-01 -7.071068e-01 0.000000e+00
    outer loop
      vertex   8.286592e+01 -6.472010e+01 3.866667e+01
      vertex   8.286592e+01 -6.472010e+01 7.433333e+01
      vertex   8.141432e+01 -6.617170e+01 3.866667e+01
    endloop
  endfacet
  facet normal 7.071068e-01 -7.071068e-01 0.000000e+00
    outer loop
      vertex   8.141432e+01 -6.617170e+01 3.866667e+01
      vertex   8.286592e+01 -6.472010e+01 7.433333e+01
      vertex   8.141432e+01 -6.617170e+01 7.433333e+01
    endloop
  endfacet
  facet normal 6.167189e-01 -7.871835e-01 0.000000e+00
    outer loop
      vertex   8.141432e+01 -6.617170e+01 3.866667e+01
      vertex   8.141432e+01 -6.617170e+01 7.433333e+01
      vertex   7.979834e+01 -6.743774e+01 3.866667e+01
    endloop
  endfacet
  facet normal 6.167189e-01 -7.871835e-01 0.000000e+00
    outer loop
      vertex   7.979834e+01 -6.743774e+01 3.866667e+01
      vertex   8.141432e+01 -6.617170e+01 7.433333e+01
      vertex   7.979834e+01 -6.743774e+01 7.433333e+01
    endloop
  endfacet
  facet normal 5.173378e-01 -8.557813e-01 0.000000e+00
    outer loop
      vertex   7.979834e+01 -6.743774e+01 3.866667e+01
      vertex   7.979834e+01 -6.743774e+01 7.433333e+01
      vertex   7.804153e+01 -6.849977e+01 3.866667e+01
    endloop
  endfacet
  facet normal 5.173378e-01 -8.557813e-01 0.000000e+00
    outer loop
      vertex   7.804153e+01 -6.849977e+01 3.866667e+01
      vertex   7.979834e+01 -6.743774e+01 7.433333e+01
      vertex   7.804153e+01 -6.849977e+01 7.433333e+01
    endloop
  endfacet
  facet normal 4.104128e-01 -9.118998e-01 0.000000e+00
    outer loop
      vertex   7.804153e+01 -6.849977e+01 3.866667e+01
      vertex   7.804153e+01 -6.849977e+01 7.433333e+01
      vertex   7.616952e+01 -6.934229e+01 3.866667e+01
    endloop
  endfacet
  facet normal 4.104128e-01 -9.118998e-01 0.000000e+00
    outer loop
      vertex   7.616952e+01 -6.934229e+01 3.866667e+01
      vertex   7.804153e+01 -6.849977e+01 7.433333e+01
      vertex   7.616952e+01 -6.934229e+01 7.433333e+01
    endloop
  endfacet
  facet normal 2.975031e-01 -9.547209e-01 0.000000e+00
    outer loop
      vertex   7.616952e+01 -6.934229e+01 3.866667e+01
      vertex   7.616952e+01 -6.934229e+01 7.433333e+01
      vertex   7.420960e+01 -6.995303e+01 3.866667e+01
    endloop
  endfacet
  facet normal 2.975031e-01 -9.547209e-01 0.000000e+00
    outer loop
      vertex   7.420960e+01 -6.995303e+01 3.866667e+01
      vertex   7.616952e+01 -6.934229e+01 7.433333e+01
      vertex   7.420960e+01 -6.995303e+01 7.433333e+01
    endloop
  endfacet
  facet normal 1.802550e-01 -9.836199e-01 0.000000e+00
    outer loop
      vertex   7.420960e+01 -6.995303e+01 3.866667e+01
      vertex   7.420960e+01 -6.995303e+01 7.433333e+01
      vertex   7.219036e+01 -7.032307e+01 3.866667e+01
    endloop
  endfacet
  facet normal 1.802550e-01 -9.836199e-01 0.000000e+00
    outer loop
      vertex   7.219036e+01 -7.032307e+01 3.866667e+01
      vertex   7.420960e+01 -6.995303e+01 7.433333e+01
      vertex   7.219036e+01 -7.032307e+01 7.433333e+01
    endloop
  endfacet
  facet normal 6.037850e-02 -9.981756e-01 0.000000e+00
    outer loop
      vertex   7.219036e+01 -7.032307e+01 3.866667e+01
      vertex   7.219036e+01 -7.032307e+01 7.433333e+01
      vertex   7.014124e+01 -7.044702e+01 3.866667e+01
    endloop
  endfacet
  facet normal 6.037850e-02 -9.981756e-01 0.000000e+00
    outer loop
      vertex   7.014124e+01 -7.044702e+01 3.866667e+01
      vertex   7.219036e+01 -7.032307e+01 7.433333e+01
      vertex   7.014124e+01 -7.044702e+01 7.433333e+01
    endloop
  endfacet
  facet normal -6.037850e-02 -9.981756e-01 0.000000e+00
    outer loop
      vertex   7.014124e+01 -7.044702e+01 3.866667e+01
      vertex   7.014124e+01 -7.044702e+01 7.433333e+01
      vertex   6.809211e+01 -7.032307e+01 3.866667e+01
    endloop
  endfacet
  facet normal -6.037850e-02 -9.981756e-01 0.000000e+00
    outer loop
      vertex   6.809211e+01 -7.032307e+01 3.866667e+01
      vertex   7.014124e+01 -7.044702e+01 7.433333e+01
      vertex   6.809211e+01 -7.032307e+01 7.433333e+01
    endloop
  endfacet
  facet normal -1.802550e-01 -9.836199e-01 0.000000e+00
    outer loop
      vertex   6.809211e+01 -7.032307e+01 3.866667e+01
      vertex   6.809211e+01 -7.032307e+01 7.433333e+01
      vertex   6.607287e+01 -6.995303e+01 3.866667e+01
    endloop
  endfacet
  facet normal -1.802550e-01 -9.836199e-01 0.000000e+00
    outer loop
      vertex   6.607287e+01 -6.995303e+01 3.866667e+01
      vertex   6.809211e+01 -7.032307e+01 7.433333e+01
      vertex   6.607287e+01 -6.995303e+01 7.433333e+01
    endloop
  endfacet
  facet normal -2.975031e-01 -9.547209e-01 0.000000e+00
    outer loop
      vertex   6.607287e+01 -6.995303e+01 3.866667e+01
      vertex   6.607287e+01 -6.995303e+01 7.433333e+01
      vertex   6.411295e+01 -6.934229e+01 3.866667e+01
    endloop
  endfacet
  facet normal -2.975031e-01 -9.547209e-01 0.000000e+00
    outer loop
      vertex   6.411295e+01 -6.934229e+01 3.866667e+01
      vertex   6.607287e+01 -6.995303e+01 7.433333e+01
      vertex   6.411295e+01 -6.934229e+01 7.433333e+01
    endloop
  endfacet
  facet normal -4.104128e-01 -9.118998e-01 0.000000e+00
    outer loop
      vertex   6.411295e+01 -6.934229e+01 3.866667e+01
      vertex   6.411295e+01 -6.934229e+01 7.433333e+01
      vertex   6.224094e+01 -6.849977e+01 3.866667e+01
    endloop
  endfacet
  facet normal -4.104128e-01 -9.118998e-01 0.000000e+00
    outer loop
      vertex   6.224094e+01 -6.849977e+01 3.866667e+01
      vertex   6.411295e+01 -6.934229e+01 7.433333e+01
      vertex   6.224094e+01 -6.849977e+01 7.433333e+01
    endloop
  endfacet
  facet normal -5.173378e-01 -8.557813e-01 0.000000e+00
    outer loop
      vertex   6.224094e+01 -6.849977e+01 3.866667e+01
      vertex   6.224094e+01 -6.849977e+01 7.433333e+01
      vertex   6.048414e+01 -6.743774e+01 3.866667e+01
    endloop
  endfacet
  facet normal -5.173378e-01 -8.557813e-01 0.000000e+00
    outer loop
      vertex   6.048414e+01 -6.743774e+01 3.866667e+01
      vertex   6.224094e+01 -6.849977e+01 7.433333e+01
      vertex   6.048414e+01 -6.743774e+01 7.433333e+01
    endloop
  endfacet
  facet normal -6.167189e-01 -7.871835e-01 0.000000e+00
    outer loop
      vertex   6.048414e+01 -6.743774e+01 3.866667e+01
      vertex   6.048414e+01 -6.743774e+01 7.433333e+01
      vertex   5.886815e+01 -6.617170e+01 3.866667e+01
    endloop
  endfacet
  facet normal -6.167189e-01 -7.871835e-01 0.000000e+00
    outer loop
      vertex   5.886815e+01 -6.617170e+01 3.866667e+01
      vertex   6.048414e+01 -6.743774e+01 7.433333e+01
      vertex   5.886815e+01 -6.617170e+01 7.433333e+01
    endloop
  endfacet
  facet normal -7.071068e-01 -7.071068e-01 0.000000e+00
    outer loop
      vertex   5.886815e+01 -6.617170e+01 3.866667e+01
      vertex   5.886815e+01 -6.617170e+01 7.433333e+01
      vertex   5.741655e+01 -6.472010e+01 3.866667e+01
    endloop
  endfacet
  facet normal -7.071068e-01 -7.071068e-01 0.000000e+00
    outer loop
      vertex   5.741655e+01 -6.472010e+01 3.866667e+01
      vertex   5.886815e+01 -6.617170e+01 7.433333e+01
      vertex   5.741655e+01 -6.472010e+01 7.433333e+01
    endloop
  endfacet
  facet normal -7.871835e-01 -6.167189e-01 0.000000e+00
    outer loop
      vertex   5.741655e+01 -6.472010e+01 3.866667e+01
      vertex   5.741655e+01 -6.472010e+01 7.433333e+01
      vertex   5.615051e+01 -6.310412e+01 3.866667e+01
    endloop
  endfacet
  facet normal -7.871835e-01 -6.167189e-01 0.000000e+00
    outer loop
      vertex   5.615051e+01 -6.310412e+01 3.866667e+01
      vertex   5.741655e+01 -6.472010e+01 7.433333e+01
      vertex   5.615051e+01 -6.310412e+01 7.433333e+01
    endloop
  endfacet
  facet normal -8.557813e-01 -5.173378e-01 0.000000e+00
    outer loop
      vertex   5.615051e+01 -6.310412e+01 3.866667e+01
      vertex   5.615051e+01 -6.310412e+01 7.433333e+01
      vertex   5.508848e+01 -6.134731e+01 3.866667e+01
    endloop
  endfacet
  facet normal -8.557813e-01 -5.173378e-01 0.000000e+00
    outer loop
      vertex   5.508848e+01 -6.134731e+01 3.866667e+01
      vertex   5.615051e+01 -6.310412e+01 7.433333e+01
      vertex   5.508848e+01 -6.134731e+01 7.433333e+01
    endloop
  endfacet
  facet normal -9.118998e-01 -4.104128e-01 0.000000e+00
    outer loop
      vertex   5.508848e+01 -6.134731e+01 3.866667e+01
      vertex   5.508848e+01 -6.134731e+01 7.433333e+01
      vertex   5.424596e+01 -5.947530e+01 3.866667e+01
    endloop
  endfacet
  facet normal -9.118998e-01 -4.104128e-01 0.000000e+00
    outer loop
      vertex   5.424596e+01 -5.947530e+01 3.866667e+01
      vertex   5.508848e+01 -6.134731e+01 7.433333e+01
      vertex   5.424596e+01 -5.947530e+01 7.433333e+01
    endloop
  endfacet
  facet normal -9.547209e-01 -2.975031e-01 0.000000e+00
    outer loop
      vertex   5.424596e+01 -5.947530e+01 3.866667e+01
      vertex   5.424596e+01 -5.947530e+01 7.433333e+01
      vertex   5.363523e+01 -5.751538e+01 3.866667e+01
    endloop
  endfacet
  facet normal -9.547209e-01 -2.975031e-01 0.000000e+00
    outer loop
      vertex   5.363523e+01 -5.751538e+01 3.866667e+01
      vertex   5.424596e+01 -5.947530e+01 7.433333e+01
      vertex   5.363523e+01 -5.751538e+01 7.433333e+01
    endloop
  endfacet
  facet normal -9.836199e-01 -1.802550e-01 0.000000e+00
    outer loop
      vertex   5.363523e+01 -5.751538e+01 3.866667e+01
      vertex   5.363523e+01 -5.751538e+01 7.433333e+01
      vertex   5.326519e+01 -5.549614e+01 3.866667e+01
    endloop
  endfacet
  facet normal -9.836199e-01 -1.802550e-01 0.000000e+00
    outer loop
      vertex   5.326519e+01 -5.549614e+01 3.866667e+01
      vertex   5.363523e+01 -5.751538e+01 7.433333e+01
      vertex   5.326519e+01 -5.549614e+01 7.433333e+01
    endloop
  endfacet
  facet normal -9.981756e-01 -6.037850e-02 0.000000e+00
    outer loop
      vertex   5.326519e+01 -5.549614e+01 3.866667e+01
      vertex   5.326519e+01 -5.549614e+01 7.433333e+01
      vertex   5.314124e+01 -5.344702e+01 3.866667e+01
    endloop
  endfacet
  facet normal -9.981756e-01 -6.037850e-02 0.000000e+00
    outer loop
      vertex   5.314124e+01 -5.344702e+01 3.866667e+01
      vertex   5.326519e+01 -5.549614e+01 7.433333e+01
      vertex   5.314124e+01 -5.344702e+01 7.433333e+01
    endloop
  endfacet
  facet normal 0.000000e+00 0.000000e+00 1.000000e+00
    outer loop
      vertex   5.526439e+01 -5.152886e+01 1.100000e+02
      vertex   5.326519e+01 -5.139789e+01 1.100000e+02
      vertex   5.514124e+01 -5.344702e+01 1.100000e+02
    endloop
  endfacet
  facet normal 0.000000e+00 0.000000e+00 1.000000e+00
    outer loop
      vertex   5.514124e+01 -5.344702e+01 1.100000e+02
      vertex   5.326519e+01 -5.139789e+01 1.100000e+02
      vertex   5.314124e+01 -5.344702e+01 1.100000e+02
    endloop
  endfacet
  facet normal 0.000000e+00 0.000000e+00 1.000000e+00
    outer loop
      vertex   5.514124e+01 -5.344702e+01 1.100000e+02
      vertex   5.314124e+01 -5.344702e+01 1.100000e+02
      vertex   5.326519e+01 -5.549614e+01 1.100000e+02
    endloop
  endfacet
  facet normal -0.000000e+00 0.000000e+00 1.000000e+00
    outer loop
      vertex   5.326519e+01 -5.139789e+01 1.100000e+02
      vertex   5.526439e+01 -5.152886e+01 1.100000e+02
      vertex   5.363523e+01 -4.937865e+01 1.100000e+02
    endloop
  endfacet
  facet normal 0.000000e+00 0.000000e+00 1.000000e+00
    outer loop
      vertex   5.363523e+01 -4.937865e+01 1.100000e+02
      vertex   5.526439e+01 -5.152886e+01 1.100000e+02
      vertex   5.563181e+01 -4.964220e+01 1.100000e+02
    endloop
  endfacet
  facet normal -0.000000e+00 0.000000e+00 1.000000e+00
    outer loop
      vertex   5.363523e+01 -4.937865e+01 1.100000e+02
      vertex   5.563181e+01 -4.964220e+01 1.100000e+02
      vertex   5.424596e+01 -4.741873e+01 1.100000e+02
    endloop
  endfacet
  facet normal 0.000000e+00 0.000000e+00 1.000000e+00
    outer loop
      vertex   5.424596e+01 -4.741873e+01 1.100000e+02
      vertex   5.563181e+01 -4.964220e+01 1.100000e+02
      vertex   5.623749e+01 -4.781801e+01 1.100000e+02
    endloop
  endfacet
  facet normal -0.000000e+00 0.000000e+00 1.000000e+00
    outer loop
      vertex   5.424596e+01 -4.741873e+01 1.100000e+02
      vertex   5.623749e+01 -4.781801e+01 1.100000e+02
      vertex   5.508848e+01 -4.554672e+01 1.100000e+02
    endloop
  endfacet
  facet normal 0.000000e+00 0.000000e+00 1.000000e+00
    outer loop
      vertex   5.508848e+01 -4.554672e+01 1.100000e+02
      vertex   5.623749e+01 -4.781801e+01 1.100000e+02
      vertex   5.707146e+01 -4.608625e+01 1.100000e+02
    endloop
  endfacet
  facet normal -0.000000e+00 0.000000e+00 1.000000e+00
    outer loop
      vertex   5.508848e+01 -4.554672e+01 1.100000e+02
      vertex   5.707146e+01 -4.608625e+01 1.100000e+02
      vertex   5.615051e+01 -4.378992e+01 1.100000e+02
    endloop
  endfacet
  facet normal 0.000000e+00 0.000000e+00 1.000000e+00
    outer loop
      vertex   5.615051e+01 -4.378992e+01 1.100000e+02
      vertex   5.707146e+01 -4.608625e+01 1.100000e+02
      vertex   5.812003e+01 -4.447536e+01 1.100000e+02
    endloop
  endfacet
  facet normal -0.000000e+00 0.000000e+00 1.000000e+00
    outer loop
      vertex   5.615051e+01 -4.378992e+01 1.100000e+02
      vertex   5.812003e+01 -4.447536e+01 1.100000e+02
      vertex   5.741655e+01 -4.217393e+01 1.100000e+02
    endloop
  endfacet
  facet normal 0.000000e+00 0.000000e+00 1.000000e+00
    outer loop
      vertex   5.741655e+01 -4.217393e+01 1.100000e+02
      vertex   5.812003e+01 -4.447536e+01 1.100000e+02
      vertex   5.936600e+01 -4.301178e+01 1.100000e+02
    endloop
  endfacet
  facet normal -0.000000e+00 0.000000e+00 1.000000e+00
    outer loop
      vertex   5.741655e+01 -4.217393e+01 1.100000e+02
      vertex   5.936600e+01 -4.301178e+01 1.100000e+02
      vertex   5.886815e+01 -4.072233e+01 1.100000e+02
    endloop
  endfacet
  facet normal 0.000000e+00 0.000000e+00 1.000000e+00
    outer loop
      vertex   5.886815e+01 -4.072233e+01 1.100000e+02
      vertex   5.936600e+01 -4.301178e+01 1.100000e+02
      vertex   6.078889e+01 -4.171955e+01 1.100000e+02
    endloop
  endfacet
  facet normal -0.000000e+00 0.000000e+00 1.000000e+00
    outer loop
      vertex   5.886815e+01 -4.072233e+01 1.100000e+02
      vertex   6.078889e+01 -4.171955e+01 1.100000e+02
      vertex   6.048414e+01 -3.945629e+01 1.100000e+02
    endloop
  endfacet
  facet normal 0.000000e+00 0.000000e+00 1.000000e+00
    outer loop
      vertex   6.048414e+01 -3.945629e+01 1.100000e+02
      vertex   6.078889e+01 -4.171955e+01 1.100000e+02
      vertex   6.236535e+01 -4.061988e+01 1.100000e+02
    endloop
  endfacet
  facet normal -0.000000e+00 0.000000e+00 1.000000e+00
    outer loop
      vertex   6.048414e+01 -3.945629e+01 1.100000e+02
      vertex   6.236535e+01 -4.061988e+01 1.100000e+02
      vertex   6.224094e+01 -3.839426e+01 1.100000e+02
    endloop
  endfacet
  facet normal 0.000000e+00 0.000000e+00 1.000000e+00
    outer loop
      vertex   6.224094e+01 -3.839426e+01 1.100000e+02
      vertex   6.236535e+01 -4.061988e+01 1.100000e+02
      vertex   6.406949e+01 -3.973083e+01 1.100000e+02
    endloop
  endfacet
  facet normal -0.000000e+00 0.000000e+00 1.000000e+00
    outer loop
      vertex   6.224094e+01 -3.839426e+01 1.100000e+02
      vertex   6.406949e+01 -3.973083e+01 1.100000e+02
      vertex   6.411295e+01 -3.755174e+01 1.100000e+02
    endloop
  endfacet
  facet normal 0.000000e+00 0.000000e+00 1.000000e+00
    outer loop
      vertex   6.411295e+01 -3.755174e+01 1.100000e+02
      vertex   6.406949e+01 -3.973083e+01 1.100000e+02
      vertex   6.587332e+01 -3.906700e+01 1.100000e+02
    endloop
  endfacet
  facet normal -0.000000e+00 0.000000e+00 1.000000e+00
    outer loop
      vertex   6.411295e+01 -3.755174e+01 1.100000e+02
      vertex   6.587332e+01 -3.906700e+01 1.100000e+02
      vertex   6.607287e+01 -3.694101e+01 1.100000e+02
    endloop
  endfacet
  facet normal 0.000000e+00 0.000000e+00 1.000000e+00
    outer loop
      vertex   6.607287e+01 -3.694101e+01 1.100000e+02
      vertex   6.587332e+01 -3.906700e+01 1.100000e+02
      vertex   6.774724e+01 -3.863929e+01 1.100000e+02
    endloop
  endfacet
  facet normal -0.000000e+00 0.000000e+00 1.000000e+00
    outer loop
      vertex   6.607287e+01 -3.694101e+01 1.100000e+02
      vertex   6.774724e+01 -3.863929e+01 1.100000e+02
      vertex   6.809211e+01 -3.657097e+01 1.100000e+02
    endloop
  endfacet
  facet normal 0.000000e+00 0.000000e+00 1.000000e+00
    outer loop
      vertex   6.809211e+01 -3.657097e+01 1.100000e+02
      vertex   6.774724e+01 -3.863929e+01 1.100000e+02
      vertex   6.966046e+01 -3.845472e+01 1.100000e+02
    endloop
  endfacet
  facet normal -0.000000e+00 0.000000e+00 1.000000e+00
    outer loop
      vertex   6.809211e+01 -3.657097e+01 1.100000e+02
      vertex   6.966046e+01 -3.845472e+01 1.100000e+02
      vertex   7.014124e+01 -3.644702e+01 1.100000e+02
    endloop
  endfacet
  facet normal 0.000000e+00 0.000000e+00 1.000000e+00
    outer loop
      vertex   7.014124e+01 -3.644702e+01 1.100000e+02
      vertex   6.966046e+01 -3.845472e+01 1.100000e+02
      vertex   7.158158e+01 -3.851633e+01 1.100000e+02
    endloop
  endfacet
  facet normal 0.000000e+00 0.000000e+00 1.000000e+00
    outer loop
      vertex   7.014124e+01 -3.644702e+01 1.100000e+02
      vertex   7.158158e+01 -3.851633e+01 1.100000e+02
      vertex   7.219036e+01 -3.657097e+01 1.100000e+02
    endloop
  endfacet
  facet normal 0.000000e+00 0.000000e+00 1.000000e+00
    outer loop
      vertex   7.219036e+01 -3.657097e+01 1.100000e+02
      vertex   7.158158e+01 -3.851633e+01 1.100000e+02
      vertex   7.347905e+01 -3.882310e+01 1.100000e+02
    endloop
  endfacet
  facet normal 0.000000e+00 0.000000e+00 1.000000e+00
    outer loop
      vertex   7.219036e+01 -3.657097e+01 1.100000e+02
      vertex   7.347905e+01 -3.882310e+01 1.100000e+02
      vertex   7.420960e+01 -3.694101e+01 1.100000e+02
    endloop
  endfacet
  facet normal 0.000000e+00 0.000000e+00 1.000000e+00
    outer loop
      vertex   7.420960e+01 -3.694101e+01 1.100000e+02
      vertex   7.347905e+01 -3.882310e+01 1.100000e+02
      vertex   7.532171e+01 -3.936999e+01 1.100000e+02
    endloop
  endfacet
  facet normal 0.000000e+00 0.000000e+00 1.000000e+00
    outer loop
      vertex   7.420960e+01 -3.694101e+01 1.100000e+02
      vertex   7.532171e+01 -3.936999e+01 1.100000e+02
      vertex   7.616952e+01 -3.755174e+01 1.100000e+02
    endloop
  endfacet
  facet normal 0.000000e+00 0.000000e+00 1.000000e+00
    outer loop
      vertex   7.616952e+01 -3.755174e+01 1.100000e+02
      vertex   7.532171e+01 -3.936999e+01 1.100000e+02
      vertex   7.707931e+01 -4.014803e+01 1.100000e+02
    endloop
  endfacet
  facet normal 0.000000e+00 0.000000e+00 1.000000e+00
    outer loop
      vertex   7.616952e+01 -3.755174e+01 1.100000e+02
      vertex   7.707931e+01 -4.014803e+01 1.100000e+02
      vertex   7.804153e+01 -3.839426e+01 1.100000e+02
    endloop
  endfacet
  facet normal 0.000000e+00 0.000000e+00 1.000000e+00
    outer loop
      vertex   7.804153e+01 -3.839426e+01 1.100000e+02
      vertex   7.707931e+01 -4.014803e+01 1.100000e+02
      vertex   7.979834e+01 -3.945629e+01 1.100000e+02
    endloop
  endfacet
  facet normal 0.000000e+00 0.000000e+00 1.000000e+00
    outer loop
      vertex   7.979834e+01 -3.945629e+01 1.100000e+02
      vertex   7.707931e+01 -4.014803e+01 1.100000e+02
      vertex   7.872299e+01 -4.114443e+01 1.100000e+02
    endloop
  endfacet
  facet normal 0.000000e+00 0.000000e+00 1.000000e+00
    outer loop
      vertex   7.979834e+01 -3.945629e+01 1.100000e+02
      vertex   7.872299e+01 -4.114443e+01 1.100000e+02
      vertex   8.141432e+01 -4.072233e+01 1.100000e+02
    endloop
  endfacet
  facet normal 0.000000e+00 0.000000e+00 1.000000e+00
    outer loop
      vertex   8.141432e+01 -4.072233e+01 1.100000e+02
      vertex   7.872299e+01 -4.114443e+01 1.100000e+02
      vertex   8.022575e+01 -4.234285e+01 1.100000e+02
    endloop
  endfacet
  facet normal 0.000000e+00 0.000000e+00 1.000000e+00
    outer loop
      vertex   8.141432e+01 -4.072233e+01 1.100000e+02
      vertex   8.022575e+01 -4.234285e+01 1.100000e+02
      vertex   8.286592e+01 -4.217393e+01 1.100000e+02
    endloop
  endfacet
  facet normal 0.000000e+00 0.000000e+00 1.000000e+00
    outer loop
      vertex   8.286592e+01 -4.217393e+01 1.100000e+02
      vertex   8.022575e+01 -4.234285e+01 1.100000e+02
      vertex   8.156293e+01 -4.372359e+01 1.100000e+02
    endloop
  endfacet
  facet normal 0.000000e+00 0.000000e+00 1.000000e+00
    outer loop
      vertex   8.286592e+01 -4.217393e+01 1.100000e+02
      vertex   8.156293e+01 -4.372359e+01 1.100000e+02
      vertex   8.413196e+01 -4.378992e+01 1.100000e+02
    endloop
  endfacet
  facet normal 0.000000e+00 0.000000e+00 1.000000e+00
    outer loop
      vertex   8.413196e+01 -4.378992e+01 1.100000e+02
      vertex   8.156293e+01 -4.372359e+01 1.100000e+02
      vertex   8.271256e+01 -4.526399e+01 1.100000e+02
    endloop
  endfacet
  facet normal 0.000000e+00 0.000000e+00 1.000000e+00
    outer loop
      vertex   8.413196e+01 -4.378992e+01 1.100000e+02
      vertex   8.271256e+01 -4.526399e+01 1.100000e+02
      vertex   8.519399e+01 -4.554672e+01 1.100000e+02
    endloop
  endfacet
  facet normal 0.000000e+00 0.000000e+00 1.000000e+00
    outer loop
      vertex   8.519399e+01 -4.554672e+01 1.100000e+02
      vertex   8.271256e+01 -4.526399e+01 1.100000e+02
      vertex   8.365577e+01 -4.693876e+01 1.100000e+02
    endloop
  endfacet
  facet normal 0.000000e+00 0.000000e+00 1.000000e+00
    outer loop
      vertex   8.519399e+01 -4.554672e+01 1.100000e+02
      vertex   8.365577e+01 -4.693876e+01 1.100000e+02
      vertex   8.603651e+01 -4.741873e+01 1.100000e+02
    endloop
  endfacet
  facet normal 0.000000e+00 0.000000e+00 1.000000e+00
    outer loop
      vertex   8.603651e+01 -4.741873e+01 1.100000e+02
      vertex   8.365577e+01 -4.693876e+01 1.100000e+02
      vertex   8.437707e+01 -4.872039e+01 1.100000e+02
    endloop
  endfacet
  facet normal 0.000000e+00 0.000000e+00 1.000000e+00
    outer loop
      vertex   8.603651e+01 -4.741873e+01 1.100000e+02
      vertex   8.437707e+01 -4.872039e+01 1.100000e+02
      vertex   8.664725e+01 -4.937865e+01 1.100000e+02
    endloop
  endfacet
  facet normal 0.000000e+00 0.000000e+00 1.000000e+00
    outer loop
      vertex   8.664725e+01 -4.937865e+01 1.100000e+02
      vertex   8.437707e+01 -4.872039e+01 1.100000e+02
      vertex   8.486462e+01 -5.057964e+01 1.100000e+02
    endloop
  endfacet
  facet normal 0.000000e+00 0.000000e+00 1.000000e+00
    outer loop
      vertex   8.664725e+01 -4.937865e+01 1.100000e+02
      vertex   8.486462e+01 -5.057964e+01 1.100000e+02
      vertex   8.701729e+01 -5.139789e+01 1.100000e+02
    endloop
  endfacet
  facet normal 0.000000e+00 0.000000e+00 1.000000e+00
    outer loop
      vertex   8.701729e+01 -5.139789e+01 1.100000e+02
      vertex   8.486462e+01 -5.057964e+01 1.100000e+02
      vertex   8.511042e+01 -5.248596e+01 1.100000e+02
    endloop
  endfacet
  facet normal 0.000000e+00 0.000000e+00 1.000000e+00
    outer loop
      vertex   8.701729e+01 -5.139789e+01 1.100000e+02
      vertex   8.511042e+01 -5.248596e+01 1.100000e+02
      vertex   8.714124e+01 -5.344702e+01 1.100000e+02
    endloop
  endfacet
  facet normal 0.000000e+00 0.000000e+00 1.000000e+00
    outer loop
      vertex   8.714124e+01 -5.344702e+01 1.100000e+02
      vertex   8.511042e+01 -5.248596e+01 1.100000e+02
      vertex   8.511042e+01 -5.440807e+01 1.100000e+02
    endloop
  endfacet
  facet normal 0.000000e+00 0.000000e+00 1.000000e+00
    outer loop
      vertex   8.714124e+01 -5.344702e+01 1.100000e+02
      vertex   8.511042e+01 -5.440807e+01 1.100000e+02
      vertex   8.701729e+01 -5.549614e+01 1.100000e+02
    endloop
  endfacet
  facet normal 0.000000e+00 0.000000e+00 1.000000e+00
    outer loop
      vertex   8.701729e+01 -5.549614e+01 1.100000e+02
      vertex   8.511042e+01 -5.440807e+01 1.100000e+02
      vertex   8.486462e+01 -5.631440e+01 1.100000e+02
    endloop
  endfacet
  facet normal 0.000000e+00 0.000000e+00 1.000000e+00
    outer loop
      vertex   8.701729e+01 -5.549614e+01 1.100000e+02
      vertex   8.486462e+01 -5.631440e+01 1.100000e+02
      vertex   8.664725e+01 -5.751538e+01 1.100000e+02
    endloop
  endfacet
  facet normal 0.000000e+00 0.000000e+00 1.000000e+00
    outer loop
      vertex   8.664725e+01 -5.751538e+01 1.100000e+02
      vertex   8.486462e+01 -5.631440e+01 1.100000e+02
      vertex   8.437707e+01 -5.817364e+01 1.100000e+02
    endloop
  endfacet
  facet normal 0.000000e+00 0.000000e+00 1.000000e+00
    outer loop
      vertex   8.664725e+01 -5.751538e+01 1.100000e+02
      vertex   8.437707e+01 -5.817364e+01 1.100000e+02
      vertex   8.603651e+01 -5.947530e+01 1.100000e+02
    endloop
  endfacet
  facet normal 0.000000e+00 0.000000e+00 1.000000e+00
    outer loop
      vertex   8.603651e+01 -5.947530e+01 1.100000e+02
      vertex   8.437707e+01 -5.817364e+01 1.100000e+02
      vertex   8.365577e+01 -5.995527e+01 1.100000e+02
    endloop
  endfacet
  facet normal 0.000000e+00 0.000000e+00 1.000000e+00
    outer loop
      vertex   8.603651e+01 -5.947530e+01 1.100000e+02
      vertex   8.365577e+01 -5.995527e+01 1.100000e+02
      vertex   8.519399e+01 -6.134731e+01 1.100000e+02
    endloop
  endfacet
  facet normal 0.000000e+00 0.000000e+00 1.000000e+00
    outer loop
      vertex   8.519399e+01 -6.134731e+01 1.100000e+02
      vertex   8.365577e+01 -5.995527e+01 1.100000e+02
      vertex   8.271256e+01 -6.163004e+01 1.100000e+02
    endloop
  endfacet
  facet normal 0.000000e+00 0.000000e+00 1.000000e+00
    outer loop
      vertex   8.519399e+01 -6.134731e+01 1.100000e+02
      vertex   8.271256e+01 -6.163004e+01 1.100000e+02
      vertex   8.413196e+01 -6.310412e+01 1.100000e+02
    endloop
  endfacet
  facet normal 0.000000e+00 0.000000e+00 1.000000e+00
    outer loop
      vertex   8.413196e+01 -6.310412e+01 1.100000e+02
      vertex   8.271256e+01 -6.163004e+01 1.100000e+02
      vertex   8.156293e+01 -6.317044e+01 1.100000e+02
    endloop
  endfacet
  facet normal 0.000000e+00 0.000000e+00 1.000000e+00
    outer loop
      vertex   8.413196e+01 -6.310412e+01 1.100000e+02
      vertex   8.156293e+01 -6.317044e+01 1.100000e+02
      vertex   8.286592e+01 -6.472010e+01 1.100000e+02
    endloop
  endfacet
  facet normal 0.000000e+00 0.000000e+00 1.000000e+00
    outer loop
      vertex   8.286592e+01 -6.472010e+01 1.100000e+02
      vertex   8.156293e+01 -6.317044e+01 1.100000e+02
      vertex   8.022575e+01 -6.455119e+01 1.100000e+02
    endloop
  endfacet
  facet normal 0.000000e+00 0.000000e+00 1.000000e+00
    outer loop
      vertex   8.286592e+01 -6.472010e+01 1.100000e+02
      vertex   8.022575e+01 -6.455119e+01 1.100000e+02
      vertex   8.141432e+01 -6.617170e+01 1.100000e+02
    endloop
  endfacet
  facet normal 0.000000e+00 0.000000e+00 1.000000e+00
    outer loop
      vertex   8.141432e+01 -6.617170e+01 1.100000e+02
      vertex   8.022575e+01 -6.455119e+01 1.100000e+02
      vertex   7.872299e+01 -6.574960e+01 1.100000e+02
    endloop
  endfacet
  facet normal 0.000000e+00 0.000000e+00 1.000000e+00
    outer loop
      vertex   8.141432e+01 -6.617170e+01 1.100000e+02
      vertex   7.872299e+01 -6.574960e+01 1.100000e+02
      vertex   7.979834e+01 -6.743774e+01 1.100000e+02
    endloop
  endfacet
  facet normal 0.000000e+00 0.000000e+00 1.000000e+00
    outer loop
      vertex   7.979834e+01 -6.743774e+01 1.100000e+02
      vertex   7.872299e+01 -6.574960e+01 1.100000e+02
      vertex   7.707931e+01 -6.674601e+01 1.100000e+02
    endloop
  endfacet
  facet normal 0.000000e+00 0.000000e+00 1.000000e+00
    outer loop
      vertex   7.979834e+01 -6.743774e+01 1.100000e+02
      vertex   7.707931e+01 -6.674601e+01 1.100000e+02
      vertex   7.804153e+01 -6.849977e+01 1.100000e+02
    endloop
  endfacet
  facet normal 0.000000e+00 0.000000e+00 1.000000e+00
    outer loop
      vertex   7.804153e+01 -6.849977e+01 1.100000e+02
      vertex   7.707931e+01 -6.674601e+01 1.100000e+02
      vertex   7.616952e+01 -6.934229e+01 1.100000e+02
    endloop
  endfacet
  facet normal 0.000000e+00 -0.000000e+00 1.000000e+00
    outer loop
      vertex   7.616952e+01 -6.934229e+01 1.100000e+02
      vertex   7.707931e+01 -6.674601e+01 1.100000e+02
      vertex   7.532171e+01 -6.752404e+01 1.100000e+02
    endloop
  endfacet
  facet normal 0.000000e+00 0.000000e+00 1.000000e+00
    outer loop
      vertex   7.616952e+01 -6.934229e+01 1.100000e+02
      vertex   7.532171e+01 -6.752404e+01 1.100000e+02
      vertex   7.420960e+01 -6.995303e+01 1.100000e+02
    endloop
  endfacet
  facet normal 0.000000e+00 -0.000000e+00 1.000000e+00
    outer loop
      vertex   7.420960e+01 -6.995303e+01 1.100000e+02
      vertex   7.532171e+01 -6.752404e+01 1.100000e+02
      vertex   7.347905e+01 -6.807094e+01 1.100000e+02
    endloop
  endfacet
  facet normal 0.000000e+00 0.000000e+00 1.000000e+00
    outer loop
      vertex   7.420960e+01 -6.995303e+01 1.100000e+02
      vertex   7.347905e+01 -6.807094e+01 1.100000e+02
      vertex   7.219036e+01 -7.032307e+01 1.100000e+02
    endloop
  endfacet
  facet normal 0.000000e+00 -0.000000e+00 1.000000e+00
    outer loop
      vertex   7.219036e+01 -7.032307e+01 1.100000e+02
      vertex   7.347905e+01 -6.807094e+01 1.100000e+02
      vertex   7.158158e+01 -6.837770e+01 1.100000e+02
    endloop
  endfacet
  facet normal 0.000000e+00 0.000000e+00 1.000000e+00
    outer loop
      vertex   7.219036e+01 -7.032307e+01 1.100000e+02
      vertex   7.158158e+01 -6.837770e+01 1.100000e+02
      vertex   7.014124e+01 -7.044702e+01 1.100000e+02
    endloop
  endfacet
  facet normal 0.000000e+00 -0.000000e+00 1.000000e+00
    outer loop
      vertex   7.014124e+01 -7.044702e+01 1.100000e+02
      vertex   7.158158e+01 -6.837770e+01 1.100000e+02
      vertex   6.966046e+01 -6.843931e+01 1.100000e+02
    endloop
  endfacet
  facet normal 0.000000e+00 0.000000e+00 1.000000e+00
    outer loop
      vertex   7.014124e+01 -7.044702e+01 1.100000e+02
      vertex   6.966046e+01 -6.843931e+01 1.100000e+02
      vertex   6.809211e+01 -7.032307e+01 1.100000e+02
    endloop
  endfacet
  facet normal 0.000000e+00 -0.000000e+00 1.000000e+00
    outer loop
      vertex   6.809211e+01 -7.032307e+01 1.100000e+02
      vertex   6.966046e+01 -6.843931e+01 1.100000e+02
      vertex   6.774724e+01 -6.825474e+01 1.100000e+02
    endloop
  endfacet
  facet normal 0.000000e+00 0.000000e+00 1.000000e+00
    outer loop
      vertex   6.809211e+01 -7.032307e+01 1.100000e+02
      vertex   6.774724e+01 -6.825474e+01 1.100000e+02
      vertex   6.607287e+01 -6.995303e+01 1.100000e+02
    endloop
  endfacet
  facet normal 0.000000e+00 -0.000000e+00 1.000000e+00
    outer loop
      vertex   6.607287e+01 -6.995303e+01 1.100000e+02
      vertex   6.774724e+01 -6.825474e+01 1.100000e+02
      vertex   6.587332e+01 -6.782704e+01 1.100000e+02
    endloop
  endfacet
  facet normal 0.000000e+00 0.000000e+00 1.000000e+00
    outer loop
      vertex   6.607287e+01 -6.995303e+01 1.100000e+02
      vertex   6.587332e+01 -6.782704e+01 1.100000e+02
      vertex   6.411295e+01 -6.934229e+01 1.100000e+02
    endloop
  endfacet
  facet normal 0.000000e+00 -0.000000e+00 1.000000e+00
    outer loop
      vertex   6.411295e+01 -6.934229e+01 1.100000e+02
      vertex   6.587332e+01 -6.782704e+01 1.100000e+02
      vertex   6.406949e+01 -6.716321e+01 1.100000e+02
    endloop
  endfacet
  facet normal 0.000000e+00 0.000000e+00 1.000000e+00
    outer loop
      vertex   6.411295e+01 -6.934229e+01 1.100000e+02
      vertex   6.406949e+01 -6.716321e+01 1.100000e+02
      vertex   6.224094e+01 -6.849977e+01 1.100000e+02
    endloop
  endfacet
  facet normal 0.000000e+00 0.000000e+00 1.000000e+00
    outer loop
      vertex   6.224094e+01 -6.849977e+01 1.100000e+02
      vertex   6.406949e+01 -6.716321e+01 1.100000e+02
      vertex   6.236535e+01 -6.627416e+01 1.100000e+02
    endloop
  endfacet
  facet normal 0.000000e+00 -0.000000e+00 1.000000e+00
    outer loop
      vertex   6.224094e+01 -6.849977e+01 1.100000e+02
      vertex   6.236535e+01 -6.627416e+01 1.100000e+02
      vertex   6.048414e+01 -6.743774e+01 1.100000e+02
    endloop
  endfacet
  facet normal 0.000000e+00 0.000000e+00 1.000000e+00
    outer loop
      vertex   6.048414e+01 -6.743774e+01 1.100000e+02
      vertex   6.236535e+01 -6.627416e+01 1.100000e+02
      vertex   6.078889e+01 -6.517449e+01 1.100000e+02
    endloop
  endfacet
  facet normal 0.000000e+00 -0.000000e+00 1.000000e+00
    outer loop
      vertex   6.048414e+01 -6.743774e+01 1.100000e+02
      vertex   6.078889e+01 -6.517449e+01 1.100000e+02
      vertex   5.886815e+01 -6.617170e+01 1.100000e+02
    endloop
  endfacet
  facet normal 0.000000e+00 0.000000e+00 1.000000e+00
    outer loop
      vertex   5.886815e+01 -6.617170e+01 1.100000e+02
      vertex   6.078889e+01 -6.517449e+01 1.100000e+02
      vertex   5.936600e+01 -6.388226e+01 1.100000e+02
    endloop
  endfacet
  facet normal 0.000000e+00 -0.000000e+00 1.000000e+00
    outer loop
      vertex   5.886815e+01 -6.617170e+01 1.100000e+02
      vertex   5.936600e+01 -6.388226e+01 1.100000e+02
      vertex   5.741655e+01 -6.472010e+01 1.100000e+02
    endloop
  endfacet
  facet normal 0.000000e+00 0.000000e+00 1.000000e+00
    outer loop
      vertex   5.741655e+01 -6.472010e+01 1.100000e+02
      vertex   5.936600e+01 -6.388226e+01 1.100000e+02
      vertex   5.812003e+01 -6.241868e+01 1.100000e+02
    endloop
  endfacet
  facet normal 0.000000e+00 -0.000000e+00 1.000000e+00
    outer loop
      vertex   5.741655e+01 -6.472010e+01 1.100000e+02
      vertex   5.812003e+01 -6.241868e+01 1.100000e+02
      vertex   5.615051e+01 -6.310412e+01 1.100000e+02
    endloop
  endfacet
  facet normal 0.000000e+00 0.000000e+00 1.000000e+00
    outer loop
      vertex   5.615051e+01 -6.310412e+01 1.100000e+02
      vertex   5.812003e+01 -6.241868e+01 1.100000e+02
      vertex   5.707146e+01 -6.080778e+01 1.100000e+02
    endloop
  endfacet
  facet normal 0.000000e+00 -0.000000e+00 1.000000e+00
    outer loop
      vertex   5.615051e+01 -6.310412e+01 1.100000e+02
      vertex   5.707146e+01 -6.080778e+01 1.100000e+02
      vertex   5.508848e+01 -6.134731e+01 1.100000e+02
    endloop
  endfacet
  facet normal 0.000000e+00 0.000000e+00 1.000000e+00
    outer loop
      vertex   5.508848e+01 -6.134731e+01 1.100000e+02
      vertex   5.707146e+01 -6.080778e+01 1.100000e+02
      vertex   5.623749e+01 -5.907602e+01 1.100000e+02
    endloop
  endfacet
  facet normal 0.000000e+00 -0.000000e+00 1.000000e+00
    outer loop
      vertex   5.508848e+01 -6.134731e+01 1.100000e+02
      vertex   5.623749e+01 -5.907602e+01 1.100000e+02
      vertex   5.424596e+01 -5.947530e+01 1.100000e+02
    endloop
  endfacet
  facet normal 0.000000e+00 0.000000e+00 1.000000e+00
    outer loop
      vertex   5.424596e+01 -5.947530e+01 1.100000e+02
      vertex   5.623749e+01 -5.907602e+01 1.100000e+02
      vertex   5.563181e+01 -5.725184e+01 1.100000e+02
    endloop
  endfacet
  facet normal 0.000000e+00 -0.000000e+00 1.000000e+00
    outer loop
      vertex   5.424596e+01 -5.947530e+01 1.100000e+02
      vertex   5.563181e+01 -5.725184e+01 1.100000e+02
      vertex   5.363523e+01 -5.751538e+01 1.100000e+02
    endloop
  endfacet
  facet normal 0.000000e+00 0.000000e+00 1.000000e+00
    outer loop
      vertex   5.363523e+01 -5.751538e+01 1.100000e+02
      vertex   5.563181e+01 -5.725184e+01 1.100000e+02
      vertex   5.526439e+01 -5.536517e+01 1.100000e+02
    endloop
  endfacet
  facet normal 0.000000e+00 -0.000000e+00 1.000000e+00
    outer loop
      vertex   5.363523e+01 -5.751538e+01 1.100000e+02
      vertex   5.526439e+01 -5.536517e+01 1.100000e+02
      vertex   5.326519e+01 -5.549614e+01 1.100000e+02
    endloop
  endfacet
  facet normal 0.000000e+00 0.000000e+00 1.000000e+00
    outer loop
      vertex   5.326519e+01 -5.549614e+01 1.100000e+02
      vertex   5.526439e+01 -5.536517e+01 1.100000e+02
      vertex   5.514124e+01 -5.344702e+01 1.100000e+02
    endloop
  endfacet
  facet normal 0.000000e+00 1.000000e+00 -0.000000e+00
    outer loop
      vertex   1.171412e+02 -1.114470e+02 3.000000e+00
      vertex   1.314124e+01 -1.114470e+02 3.000000e+00
      vertex   1.171412e+02 -1.114470e+02 1.100000e+02
    endloop
  endfacet
  facet normal 0.000000e+00 1.000000e+00 0.000000e+00
    outer loop
      vertex   1.171412e+02 -1.114470e+02 1.100000e+02
      vertex   1.314124e+01 -1.114470e+02 3.000000e+00
      vertex   1.314124e+01 -1.114470e+02 1.100000e+02
    endloop
  endfacet
  facet normal 1.000000e+00 5.465713e-17 -1.660147e-17
    outer loop
      vertex   1.314124e+01 -1.114470e+02 3.000000e+00
      vertex   1.314124e+01 -4.644702e+01 3.000000e+00
      vertex   1.314124e+01 -1.114470e+02 1.100000e+02
    endloop
  endfacet
  facet normal 1.000000e+00 8.198570e-17 0.000000e+00
    outer loop
      vertex   1.314124e+01 -1.114470e+02 1.100000e+02
      vertex   1.314124e+01 -4.644702e+01 3.000000e+00
      vertex   1.314124e+01 -4.644702e+01 1.100000e+02
    endloop
  endfacet
  facet normal 9.994170e-01 -3.414111e-02 -1.035524e-04
    outer loop
      vertex   1.325780e+01 -4.303490e+01 3.000000e+00
      vertex   1.326863e+01 -4.288006e+01 5.650000e+01
      vertex   1.314124e+01 -4.644702e+01 3.000000e+00
    endloop
  endfacet
  facet normal 9.993110e-01 -3.711426e-02 9.492616e-05
    outer loop
      vertex   1.314124e+01 -4.644702e+01 3.000000e+00
      vertex   1.326863e+01 -4.288006e+01 5.650000e+01
      vertex   1.325780e+01 -4.303490e+01 1.100000e+02
    endloop
  endfacet
  facet normal 9.994170e-01 -3.414111e-02 0.000000e+00
    outer loop
      vertex   1.314124e+01 -4.644702e+01 3.000000e+00
      vertex   1.325780e+01 -4.303490e+01 1.100000e+02
      vertex   1.314124e+01 -4.644702e+01 1.100000e+02
    endloop
  endfacet
  facet normal 9.947573e-01 -1.022641e-01 9.455122e-05
    outer loop
      vertex   1.325780e+01 -4.303490e+01 3.000000e+00
      vertex   1.360694e+01 -3.963868e+01 3.000000e+00
      vertex   1.326863e+01 -4.288006e+01 5.650000e+01
    endloop
  endfacet
  facet normal 9.942703e-01 -1.068951e-01 -1.891022e-04
    outer loop
      vertex   1.326863e+01 -4.288006e+01 5.650000e+01
      vertex   1.360694e+01 -3.963868e+01 3.000000e+00
      vertex   1.365017e+01 -3.933128e+01 5.650000e+01
    endloop
  endfacet
  facet normal 9.942703e-01 -1.068951e-01 1.891022e-04
    outer loop
      vertex   1.326863e+01 -4.288006e+01 5.650000e+01
      vertex   1.365017e+01 -3.933128e+01 5.650000e+01
      vertex   1.360694e+01 -3.963868e+01 1.100000e+02
    endloop
  endfacet
  facet normal 9.854595e-01 -1.699104e-01 -1.801003e-04
    outer loop
      vertex   1.360694e+01 -3.963868e+01 1.100000e+02
      vertex   1.365017e+01 -3.933128e+01 5.650000e+01
      vertex   1.418703e+01 -3.627422e+01 1.100000e+02
    endloop
  endfacet
  facet normal 9.841112e-01 -1.775532e-01 2.701499e-04
    outer loop
      vertex   1.418703e+01 -3.627422e+01 1.100000e+02
      vertex   1.365017e+01 -3.933128e+01 5.650000e+01
      vertex   1.428389e+01 -3.581875e+01 5.650000e+01
    endloop
  endfacet
  facet normal 9.715671e-01 -2.367644e-01 -2.566465e-04
    outer loop
      vertex   1.418703e+01 -3.627422e+01 1.100000e+02
      vertex   1.428389e+01 -3.581875e+01 5.650000e+01
      vertex   1.499537e+01 -3.295718e+01 1.100000e+02
    endloop
  endfacet
  facet normal 9.689372e-01 -2.473065e-01 3.421943e-04
    outer loop
      vertex   1.499537e+01 -3.295718e+01 1.100000e+02
      vertex   1.428389e+01 -3.581875e+01 5.650000e+01
      vertex   1.516659e+01 -3.236039e+01 5.650000e+01
    endloop
  endfacet
  facet normal 9.531447e-01 -3.025145e-01 -3.241889e-04
    outer loop
      vertex   1.499537e+01 -3.295718e+01 1.100000e+02
      vertex   1.516659e+01 -3.236039e+01 5.650000e+01
      vertex   1.602819e+01 -2.970304e+01 1.100000e+02
    endloop
  endfacet
  facet normal 9.488258e-01 -3.157996e-01 4.052346e-04
    outer loop
      vertex   1.602819e+01 -2.970304e+01 1.100000e+02
      vertex   1.516659e+01 -3.236039e+01 5.650000e+01
      vertex   1.629375e+01 -2.897381e+01 5.650000e+01
    endloop
  endfacet
  facet normal 9.302784e-01 -3.668542e-01 -3.827270e-04
    outer loop
      vertex   1.602819e+01 -2.970304e+01 1.100000e+02
      vertex   1.629375e+01 -2.897381e+01 5.650000e+01
      vertex   1.728067e+01 -2.652696e+01 1.100000e+02
    endloop
  endfacet
  facet normal 9.238794e-01 -3.826834e-01 4.592703e-04
    outer loop
      vertex   1.728067e+01 -2.652696e+01 1.100000e+02
      vertex   1.629375e+01 -2.897381e+01 5.650000e+01
      vertex   1.765964e+01 -2.567627e+01 5.650000e+01
    endloop
  endfacet
  facet normal 9.030746e-01 -4.294834e-01 -4.322602e-04
    outer loop
      vertex   1.728067e+01 -2.652696e+01 1.100000e+02
      vertex   1.765964e+01 -2.567627e+01 5.650000e+01
      vertex   1.874698e+01 -2.344377e+01 1.100000e+02
    endloop
  endfacet
  facet normal 8.942252e-01 -4.476172e-01 5.043009e-04
    outer loop
      vertex   1.874698e+01 -2.344377e+01 1.100000e+02
      vertex   1.765964e+01 -2.567627e+01 5.650000e+01
      vertex   1.925729e+01 -2.248457e+01 5.650000e+01
    endloop
  endfacet
  facet normal 8.716604e-01 -4.901102e-01 -4.727880e-04
    outer loop
      vertex   1.874698e+01 -2.344377e+01 1.100000e+02
      vertex   1.925729e+01 -2.248457e+01 5.650000e+01
      vertex   2.042027e+01 -2.046782e+01 1.100000e+02
    endloop
  endfacet
  facet normal 8.600141e-01 -5.102700e-01 5.403258e-04
    outer loop
      vertex   2.042027e+01 -2.046782e+01 1.100000e+02
      vertex   1.925729e+01 -2.248457e+01 5.650000e+01
      vertex   2.107856e+01 -1.941498e+01 5.650000e+01
    endloop
  endfacet
  facet normal 8.361820e-01 -5.484518e-01 -5.043100e-04
    outer loop
      vertex   2.042027e+01 -2.046782e+01 1.100000e+02
      vertex   2.107856e+01 -1.941498e+01 5.650000e+01
      vertex   2.229274e+01 -1.761300e+01 1.100000e+02
    endloop
  endfacet
  facet normal 8.214206e-01 -5.703225e-01 5.673448e-04
    outer loop
      vertex   2.229274e+01 -1.761300e+01 1.100000e+02
      vertex   2.107856e+01 -1.941498e+01 5.650000e+01
      vertex   2.311418e+01 -1.648313e+01 5.650000e+01
    endloop
  endfacet
  facet normal 7.968050e-01 -6.042363e-01 -5.268259e-04
    outer loop
      vertex   2.229274e+01 -1.761300e+01 1.100000e+02
      vertex   2.311418e+01 -1.648313e+01 5.650000e+01
      vertex   2.435567e+01 -1.489262e+01 1.100000e+02
    endloop
  endfacet
  facet normal 7.786414e-01 -6.274689e-01 5.853577e-04
    outer loop
      vertex   2.435567e+01 -1.489262e+01 1.100000e+02
      vertex   2.311418e+01 -1.648313e+01 5.650000e+01
      vertex   2.535376e+01 -1.370398e+01 5.650000e+01
    endloop
  endfacet
  facet normal 7.537129e-01 -6.572036e-01 -5.403356e-04
    outer loop
      vertex   2.435567e+01 -1.489262e+01 1.100000e+02
      vertex   2.535376e+01 -1.370398e+01 5.650000e+01
      vertex   2.659944e+01 -1.231936e+01 1.100000e+02
    endloop
  endfacet
  facet normal 7.318944e-01 -6.814178e-01 5.943641e-04
    outer loop
      vertex   2.659944e+01 -1.231936e+01 1.100000e+02
      vertex   2.535376e+01 -1.370398e+01 5.650000e+01
      vertex   2.778590e+01 -1.109168e+01 5.650000e+01
    endloop
  endfacet
  facet normal 7.071067e-01 -7.071067e-01 -5.448388e-04
    outer loop
      vertex   2.659944e+01 -1.231936e+01 1.100000e+02
      vertex   2.778590e+01 -1.109168e+01 5.650000e+01
      vertex   2.901358e+01 -9.905219e+00 1.100000e+02
    endloop
  endfacet
  facet normal 6.814178e-01 -7.318944e-01 5.943641e-04
    outer loop
      vertex   2.901358e+01 -9.905219e+00 1.100000e+02
      vertex   2.778590e+01 -1.109168e+01 5.650000e+01
      vertex   3.039820e+01 -8.659539e+00 5.650000e+01
    endloop
  endfacet
  facet normal 6.572036e-01 -7.537129e-01 -5.403356e-04
    outer loop
      vertex   2.901358e+01 -9.905219e+00 1.100000e+02
      vertex   3.039820e+01 -8.659539e+00 5.650000e+01
      vertex   3.158684e+01 -7.661453e+00 1.100000e+02
    endloop
  endfacet
  facet normal 6.274689e-01 -7.786414e-01 5.853577e-04
    outer loop
      vertex   3.158684e+01 -7.661453e+00 1.100000e+02
      vertex   3.039820e+01 -8.659539e+00 5.650000e+01
      vertex   3.317735e+01 -6.419955e+00 5.650000e+01
    endloop
  endfacet
  facet normal 6.042363e-01 -7.968050e-01 -5.268259e-04
    outer loop
      vertex   3.158684e+01 -7.661453e+00 1.100000e+02
      vertex   3.317735e+01 -6.419955e+00 5.650000e+01
      vertex   3.430722e+01 -5.598523e+00 1.100000e+02
    endloop
  endfacet
  facet normal 5.703225e-01 -8.214206e-01 5.673448e-04
    outer loop
      vertex   3.430722e+01 -5.598523e+00 1.100000e+02
      vertex   3.317735e+01 -6.419955e+00 5.650000e+01
      vertex   3.610920e+01 -4.384341e+00 5.650000e+01
    endloop
  endfacet
  facet normal 5.484518e-01 -8.361820e-01 -5.043100e-04
    outer loop
      vertex   3.430722e+01 -5.598523e+00 1.100000e+02
      vertex   3.610920e+01 -4.384341e+00 5.650000e+01
      vertex   3.716204e+01 -3.726047e+00 1.100000e+02
    endloop
  endfacet
  facet normal 5.102700e-01 -8.600141e-01 5.403258e-04
    outer loop
      vertex   3.716204e+01 -3.726047e+00 1.100000e+02
      vertex   3.610920e+01 -4.384341e+00 5.650000e+01
      vertex   3.917879e+01 -2.563068e+00 5.650000e+01
    endloop
  endfacet
  facet normal 4.901102e-01 -8.716604e-01 -4.727880e-04
    outer loop
      vertex   3.716204e+01 -3.726047e+00 1.100000e+02
      vertex   3.917879e+01 -2.563068e+00 5.650000e+01
      vertex   4.013799e+01 -2.052756e+00 1.100000e+02
    endloop
  endfacet
  facet normal 4.476172e-01 -8.942252e-01 5.043009e-04
    outer loop
      vertex   4.013799e+01 -2.052756e+00 1.100000e+02
      vertex   3.917879e+01 -2.563068e+00 5.650000e+01
      vertex   4.237049e+01 -9.654176e-01 5.650000e+01
    endloop
  endfacet
  facet normal 4.294834e-01 -9.030746e-01 -4.322602e-04
    outer loop
      vertex   4.013799e+01 -2.052756e+00 1.100000e+02
      vertex   4.237049e+01 -9.654176e-01 5.650000e+01
      vertex   4.322118e+01 -5.864523e-01 1.100000e+02
    endloop
  endfacet
  facet normal 3.826834e-01 -9.238794e-01 4.592703e-04
    outer loop
      vertex   4.322118e+01 -5.864523e-01 1.100000e+02
      vertex   4.237049e+01 -9.654176e-01 5.650000e+01
      vertex   4.566803e+01 4.004688e-01 5.650000e+01
    endloop
  endfacet
  facet normal 3.668542e-01 -9.302784e-01 -3.827270e-04
    outer loop
      vertex   4.322118e+01 -5.864523e-01 1.100000e+02
      vertex   4.566803e+01 4.004688e-01 5.650000e+01
      vertex   4.639726e+01 6.660287e-01 1.100000e+02
    endloop
  endfacet
  facet normal 3.157996e-01 -9.488258e-01 4.052346e-04
    outer loop
      vertex   4.639726e+01 6.660287e-01 1.100000e+02
      vertex   4.566803e+01 4.004688e-01 5.650000e+01
      vertex   4.905461e+01 1.527631e+00 5.650000e+01
    endloop
  endfacet
  facet normal 3.025145e-01 -9.531447e-01 -3.241889e-04
    outer loop
      vertex   4.639726e+01 6.660287e-01 1.100000e+02
      vertex   4.905461e+01 1.527631e+00 5.650000e+01
      vertex   4.965140e+01 1.698847e+00 1.100000e+02
    endloop
  endfacet
  facet normal 2.473065e-01 -9.689372e-01 3.421943e-04
    outer loop
      vertex   4.965140e+01 1.698847e+00 1.100000e+02
      vertex   4.905461e+01 1.527631e+00 5.650000e+01
      vertex   5.251297e+01 2.410326e+00 5.650000e+01
    endloop
  endfacet
  facet normal 2.367644e-01 -9.715671e-01 -2.566465e-04
    outer loop
      vertex   4.965140e+01 1.698847e+00 1.100000e+02
      vertex   5.251297e+01 2.410326e+00 5.650000e+01
      vertex   5.296844e+01 2.507187e+00 1.100000e+02
    endloop
  endfacet
  facet normal 1.775532e-01 -9.841112e-01 2.701499e-04
    outer loop
      vertex   5.296844e+01 2.507187e+00 1.100000e+02
      vertex   5.251297e+01 2.410326e+00 5.650000e+01
      vertex   5.602550e+01 3.044055e+00 5.650000e+01
    endloop
  endfacet
  facet normal 1.699104e-01 -9.854595e-01 -1.801003e-04
    outer loop
      vertex   5.296844e+01 2.507187e+00 1.100000e+02
      vertex   5.602550e+01 3.044055e+00 5.650000e+01
      vertex   5.633290e+01 3.087280e+00 1.100000e+02
    endloop
  endfacet
  facet normal 1.068951e-01 -9.942703e-01 1.891022e-04
    outer loop
      vertex   5.633290e+01 3.087280e+00 1.100000e+02
      vertex   5.602550e+01 3.044055e+00 5.650000e+01
      vertex   5.957428e+01 3.425588e+00 5.650000e+01
    endloop
  endfacet
  facet normal 1.022641e-01 -9.947573e-01 -9.455122e-05
    outer loop
      vertex   5.633290e+01 3.087280e+00 1.100000e+02
      vertex   5.957428e+01 3.425588e+00 5.650000e+01
      vertex   5.972912e+01 3.436421e+00 1.100000e+02
    endloop
  endfacet
  facet normal 3.414111e-02 -9.994170e-01 1.035524e-04
    outer loop
      vertex   5.972912e+01 3.436421e+00 1.100000e+02
      vertex   5.957428e+01 3.425588e+00 5.650000e+01
      vertex   6.314124e+01 3.552983e+00 1.100000e+02
    endloop
  endfacet
  facet normal 3.711426e-02 -9.993110e-01 -9.492616e-05
    outer loop
      vertex   6.314124e+01 3.552983e+00 1.100000e+02
      vertex   5.957428e+01 3.425588e+00 5.650000e+01
      vertex   5.972912e+01 3.436421e+00 3.000000e+00
    endloop
  endfacet
  facet normal 3.414111e-02 -9.994170e-01 0.000000e+00
    outer loop
      vertex   6.314124e+01 3.552983e+00 1.100000e+02
      vertex   5.972912e+01 3.436421e+00 3.000000e+00
      vertex   6.314124e+01 3.552983e+00 3.000000e+00
    endloop
  endfacet
  facet normal 9.854595e-01 -1.699104e-01 1.801003e-04
    outer loop
      vertex   1.360694e+01 -3.963868e+01 3.000000e+00
      vertex   1.418703e+01 -3.627422e+01 3.000000e+00
      vertex   1.365017e+01 -3.933128e+01 5.650000e+01
    endloop
  endfacet
  facet normal 9.841112e-01 -1.775532e-01 -2.701499e-04
    outer loop
      vertex   1.365017e+01 -3.933128e+01 5.650000e+01
      vertex   1.418703e+01 -3.627422e+01 3.000000e+00
      vertex   1.428389e+01 -3.581875e+01 5.650000e+01
    endloop
  endfacet
  facet normal 9.715671e-01 -2.367644e-01 2.566465e-04
    outer loop
      vertex   1.418703e+01 -3.627422e+01 3.000000e+00
      vertex   1.499537e+01 -3.295718e+01 3.000000e+00
      vertex   1.428389e+01 -3.581875e+01 5.650000e+01
    endloop
  endfacet
  facet normal 9.689372e-01 -2.473065e-01 -3.421943e-04
    outer loop
      vertex   1.428389e+01 -3.581875e+01 5.650000e+01
      vertex   1.499537e+01 -3.295718e+01 3.000000e+00
      vertex   1.516659e+01 -3.236039e+01 5.650000e+01
    endloop
  endfacet
  facet normal 9.531447e-01 -3.025145e-01 3.241889e-04
    outer loop
      vertex   1.499537e+01 -3.295718e+01 3.000000e+00
      vertex   1.602819e+01 -2.970304e+01 3.000000e+00
      vertex   1.516659e+01 -3.236039e+01 5.650000e+01
    endloop
  endfacet
  facet normal 9.488258e-01 -3.157996e-01 -4.052346e-04
    outer loop
      vertex   1.516659e+01 -3.236039e+01 5.650000e+01
      vertex   1.602819e+01 -2.970304e+01 3.000000e+00
      vertex   1.629375e+01 -2.897381e+01 5.650000e+01
    endloop
  endfacet
  facet normal 9.302784e-01 -3.668542e-01 3.827270e-04
    outer loop
      vertex   1.602819e+01 -2.970304e+01 3.000000e+00
      vertex   1.728067e+01 -2.652696e+01 3.000000e+00
      vertex   1.629375e+01 -2.897381e+01 5.650000e+01
    endloop
  endfacet
  facet normal 9.238794e-01 -3.826834e-01 -4.592703e-04
    outer loop
      vertex   1.629375e+01 -2.897381e+01 5.650000e+01
      vertex   1.728067e+01 -2.652696e+01 3.000000e+00
      vertex   1.765964e+01 -2.567627e+01 5.650000e+01
    endloop
  endfacet
  facet normal 9.030746e-01 -4.294834e-01 4.322602e-04
    outer loop
      vertex   1.728067e+01 -2.652696e+01 3.000000e+00
      vertex   1.874698e+01 -2.344377e+01 3.000000e+00
      vertex   1.765964e+01 -2.567627e+01 5.650000e+01
    endloop
  endfacet
  facet normal 8.942252e-01 -4.476172e-01 -5.043009e-04
    outer loop
      vertex   1.765964e+01 -2.567627e+01 5.650000e+01
      vertex   1.874698e+01 -2.344377e+01 3.000000e+00
      vertex   1.925729e+01 -2.248457e+01 5.650000e+01
    endloop
  endfacet
  facet normal 8.716604e-01 -4.901102e-01 4.727880e-04
    outer loop
      vertex   1.874698e+01 -2.344377e+01 3.000000e+00
      vertex   2.042027e+01 -2.046782e+01 3.000000e+00
      vertex   1.925729e+01 -2.248457e+01 5.650000e+01
    endloop
  endfacet
  facet normal 8.600141e-01 -5.102700e-01 -5.403258e-04
    outer loop
      vertex   1.925729e+01 -2.248457e+01 5.650000e+01
      vertex   2.042027e+01 -2.046782e+01 3.000000e+00
      vertex   2.107856e+01 -1.941498e+01 5.650000e+01
    endloop
  endfacet
  facet normal 8.361820e-01 -5.484518e-01 5.043100e-04
    outer loop
      vertex   2.042027e+01 -2.046782e+01 3.000000e+00
      vertex   2.229274e+01 -1.761300e+01 3.000000e+00
      vertex   2.107856e+01 -1.941498e+01 5.650000e+01
    endloop
  endfacet
  facet normal 8.214206e-01 -5.703225e-01 -5.673448e-04
    outer loop
      vertex   2.107856e+01 -1.941498e+01 5.650000e+01
      vertex   2.229274e+01 -1.761300e+01 3.000000e+00
      vertex   2.311418e+01 -1.648313e+01 5.650000e+01
    endloop
  endfacet
  facet normal 7.968050e-01 -6.042363e-01 5.268259e-04
    outer loop
      vertex   2.229274e+01 -1.761300e+01 3.000000e+00
      vertex   2.435567e+01 -1.489262e+01 3.000000e+00
      vertex   2.311418e+01 -1.648313e+01 5.650000e+01
    endloop
  endfacet
  facet normal 7.786414e-01 -6.274689e-01 -5.853577e-04
    outer loop
      vertex   2.311418e+01 -1.648313e+01 5.650000e+01
      vertex   2.435567e+01 -1.489262e+01 3.000000e+00
      vertex   2.535376e+01 -1.370398e+01 5.650000e+01
    endloop
  endfacet
  facet normal 7.537129e-01 -6.572036e-01 5.403356e-04
    outer loop
      vertex   2.435567e+01 -1.489262e+01 3.000000e+00
      vertex   2.659944e+01 -1.231936e+01 3.000000e+00
      vertex   2.535376e+01 -1.370398e+01 5.650000e+01
    endloop
  endfacet
  facet normal 7.318944e-01 -6.814178e-01 -5.943641e-04
    outer loop
      vertex   2.535376e+01 -1.370398e+01 5.650000e+01
      vertex   2.659944e+01 -1.231936e+01 3.000000e+00
      vertex   2.778590e+01 -1.109168e+01 5.650000e+01
    endloop
  endfacet
  facet normal 7.071067e-01 -7.071067e-01 5.448388e-04
    outer loop
      vertex   2.659944e+01 -1.231936e+01 3.000000e+00
      vertex   2.901358e+01 -9.905219e+00 3.000000e+00
      vertex   2.778590e+01 -1.109168e+01 5.650000e+01
    endloop
  endfacet
  facet normal 6.814178e-01 -7.318944e-01 -5.943641e-04
    outer loop
      vertex   2.778590e+01 -1.109168e+01 5.650000e+01
      vertex   2.901358e+01 -9.905219e+00 3.000000e+00
      vertex   3.039820e+01 -8.659539e+00 5.650000e+01
    endloop
  endfacet
  facet normal 6.572036e-01 -7.537129e-01 5.403356e-04
    outer loop
      vertex   2.901358e+01 -9.905219e+00 3.000000e+00
      vertex   3.158684e+01 -7.661453e+00 3.000000e+00
      vertex   3.039820e+01 -8.659539e+00 5.650000e+01
    endloop
  endfacet
  facet normal 6.274689e-01 -7.786414e-01 -5.853577e-04
    outer loop
      vertex   3.039820e+01 -8.659539e+00 5.650000e+01
      vertex   3.158684e+01 -7.661453e+00 3.000000e+00
      vertex   3.317735e+01 -6.419955e+00 5.650000e+01
    endloop
  endfacet
  facet normal 6.042363e-01 -7.968050e-01 5.268259e-04
    outer loop
      vertex   3.158684e+01 -7.661453e+00 3.000000e+00
      vertex   3.430722e+01 -5.598523e+00 3.000000e+00
      vertex   3.317735e+01 -6.419955e+00 5.650000e+01
    endloop
  endfacet
  facet normal 5.703225e-01 -8.214206e-01 -5.673448e-04
    outer loop
      vertex   3.317735e+01 -6.419955e+00 5.650000e+01
      vertex   3.430722e+01 -5.598523e+00 3.000000e+00
      vertex   3.610920e+01 -4.384341e+00 5.650000e+01
    endloop
  endfacet
  facet normal 5.484518e-01 -8.361820e-01 5.043100e-04
    outer loop
      vertex   3.430722e+01 -5.598523e+00 3.000000e+00
      vertex   3.716204e+01 -3.726047e+00 3.000000e+00
      vertex   3.610920e+01 -4.384341e+00 5.650000e+01
    endloop
  endfacet
  facet normal 5.102700e-01 -8.600141e-01 -5.403258e-04
    outer loop
      vertex   3.610920e+01 -4.384341e+00 5.650000e+01
      vertex   3.716204e+01 -3.726047e+00 3.000000e+00
      vertex   3.917879e+01 -2.563068e+00 5.650000e+01
    endloop
  endfacet
  facet normal 4.901102e-01 -8.716604e-01 4.727880e-04
    outer loop
      vertex   3.716204e+01 -3.726047e+00 3.000000e+00
      vertex   4.013799e+01 -2.052756e+00 3.000000e+00
      vertex   3.917879e+01 -2.563068e+00 5.650000e+01
    endloop
  endfacet
  facet normal 4.476172e-01 -8.942252e-01 -5.043009e-04
    outer loop
      vertex   3.917879e+01 -2.563068e+00 5.650000e+01
      vertex   4.013799e+01 -2.052756e+00 3.000000e+00
      vertex   4.237049e+01 -9.654176e-01 5.650000e+01
    endloop
  endfacet
  facet normal 4.294834e-01 -9.030746e-01 4.322602e-04
    outer loop
      vertex   4.013799e+01 -2.052756e+00 3.000000e+00
      vertex   4.322118e+01 -5.864523e-01 3.000000e+00
      vertex   4.237049e+01 -9.654176e-01 5.650000e+01
    endloop
  endfacet
  facet normal 3.826834e-01 -9.238794e-01 -4.592703e-04
    outer loop
      vertex   4.237049e+01 -9.654176e-01 5.650000e+01
      vertex   4.322118e+01 -5.864523e-01 3.000000e+00
      vertex   4.566803e+01 4.004688e-01 5.650000e+01
    endloop
  endfacet
  facet normal 3.668542e-01 -9.302784e-01 3.827270e-04
    outer loop
      vertex   4.322118e+01 -5.864523e-01 3.000000e+00
      vertex   4.639726e+01 6.660287e-01 3.000000e+00
      vertex   4.566803e+01 4.004688e-01 5.650000e+01
    endloop
  endfacet
  facet normal 3.157996e-01 -9.488258e-01 -4.052346e-04
    outer loop
      vertex   4.566803e+01 4.004688e-01 5.650000e+01
      vertex   4.639726e+01 6.660287e-01 3.000000e+00
      vertex   4.905461e+01 1.527631e+00 5.650000e+01
    endloop
  endfacet
  facet normal 3.025145e-01 -9.531447e-01 3.241889e-04
    outer loop
      vertex   4.639726e+01 6.660287e-01 3.000000e+00
      vertex   4.965140e+01 1.698847e+00 3.000000e+00
      vertex   4.905461e+01 1.527631e+00 5.650000e+01
    endloop
  endfacet
  facet normal 2.473065e-01 -9.689372e-01 -3.421943e-04
    outer loop
      vertex   4.905461e+01 1.527631e+00 5.650000e+01
      vertex   4.965140e+01 1.698847e+00 3.000000e+00
      vertex   5.251297e+01 2.410326e+00 5.650000e+01
    endloop
  endfacet
  facet normal 2.367644e-01 -9.715671e-01 2.566465e-04
    outer loop
      vertex   4.965140e+01 1.698847e+00 3.000000e+00
      vertex   5.296844e+01 2.507187e+00 3.000000e+00
      vertex   5.251297e+01 2.410326e+00 5.650000e+01
    endloop
  endfacet
  facet normal 1.775532e-01 -9.841112e-01 -2.701499e-04
    outer loop
      vertex   5.251297e+01 2.410326e+00 5.650000e+01
      vertex   5.296844e+01 2.507187e+00 3.000000e+00
      vertex   5.602550e+01 3.044055e+00 5.650000e+01
    endloop
  endfacet
  facet normal 1.699104e-01 -9.854595e-01 1.801003e-04
    outer loop
      vertex   5.296844e+01 2.507187e+00 3.000000e+00
      vertex   5.633290e+01 3.087280e+00 3.000000e+00
      vertex   5.602550e+01 3.044055e+00 5.650000e+01
    endloop
  endfacet
  facet normal 1.068951e-01 -9.942703e-01 -1.891022e-04
    outer loop
      vertex   5.602550e+01 3.044055e+00 5.650000e+01
      vertex   5.633290e+01 3.087280e+00 3.000000e+00
      vertex   5.957428e+01 3.425588e+00 5.650000e+01
    endloop
  endfacet
  facet normal 1.022641e-01 -9.947573e-01 9.455122e-05
    outer loop
      vertex   5.633290e+01 3.087280e+00 3.000000e+00
      vertex   5.972912e+01 3.436421e+00 3.000000e+00
      vertex   5.957428e+01 3.425588e+00 5.650000e+01
    endloop
  endfacet
  facet normal 9.947573e-01 -1.022641e-01 -9.455122e-05
    outer loop
      vertex   1.360694e+01 -3.963868e+01 1.100000e+02
      vertex   1.325780e+01 -4.303490e+01 1.100000e+02
      vertex   1.326863e+01 -4.288006e+01 5.650000e+01
    endloop
  endfacet
  facet normal -3.569233e-02 9.993628e-01 0.000000e+00
    outer loop
      vertex   6.014124e+01 6.052983e+00 1.100000e+02
      vertex   6.014124e+01 6.052983e+00 1.000000e+00
      vertex   5.660995e+01 5.926862e+00 5.550000e+01
    endloop
  endfacet
  facet normal -3.569233e-02 9.993628e-01 3.257294e-17
    outer loop
      vertex   5.660995e+01 5.926862e+00 5.550000e+01
      vertex   6.014124e+01 6.052983e+00 1.000000e+00
      vertex   5.660995e+01 5.926862e+00 1.000000e+00
    endloop
  endfacet
  facet normal -1.068951e-01 9.942703e-01 3.240695e-17
    outer loop
      vertex   5.660995e+01 5.926862e+00 5.550000e+01
      vertex   5.660995e+01 5.926862e+00 1.000000e+00
      vertex   5.309665e+01 5.549144e+00 5.550000e+01
    endloop
  endfacet
  facet normal -1.068951e-01 9.942703e-01 6.481390e-17
    outer loop
      vertex   5.309665e+01 5.549144e+00 5.550000e+01
      vertex   5.660995e+01 5.926862e+00 1.000000e+00
      vertex   5.309665e+01 5.549144e+00 1.000000e+00
    endloop
  endfacet
  facet normal -1.775532e-01 9.841112e-01 6.415166e-17
    outer loop
      vertex   5.309665e+01 5.549144e+00 5.550000e+01
      vertex   5.309665e+01 5.549144e+00 1.000000e+00
      vertex   4.961926e+01 4.921752e+00 5.550000e+01
    endloop
  endfacet
  facet normal -1.775532e-01 9.841112e-01 -6.415166e-17
    outer loop
      vertex   4.961926e+01 4.921752e+00 5.550000e+01
      vertex   5.309665e+01 5.549144e+00 1.000000e+00
      vertex   4.961926e+01 4.921752e+00 1.000000e+00
    endloop
  endfacet
  facet normal -2.473065e-01 9.689373e-01 -6.316251e-17
    outer loop
      vertex   4.961926e+01 4.921752e+00 5.550000e+01
      vertex   4.961926e+01 4.921752e+00 1.000000e+00
      vertex   4.619548e+01 4.047885e+00 5.550000e+01
    endloop
  endfacet
  facet normal -2.473065e-01 9.689373e-01 -3.158126e-17
    outer loop
      vertex   4.619548e+01 4.047885e+00 5.550000e+01
      vertex   4.961926e+01 4.921752e+00 1.000000e+00
      vertex   4.619548e+01 4.047885e+00 1.000000e+00
    endloop
  endfacet
  facet normal -3.157996e-01 9.488259e-01 -3.092575e-17
    outer loop
      vertex   4.619548e+01 4.047885e+00 5.550000e+01
      vertex   4.619548e+01 4.047885e+00 1.000000e+00
      vertex   4.284276e+01 2.931994e+00 5.550000e+01
    endloop
  endfacet
  facet normal -3.157996e-01 9.488259e-01 7.731438e-18
    outer loop
      vertex   4.284276e+01 2.931994e+00 5.550000e+01
      vertex   4.619548e+01 4.047885e+00 1.000000e+00
      vertex   4.284276e+01 2.931994e+00 1.000000e+00
    endloop
  endfacet
  facet normal -3.826834e-01 9.238795e-01 7.528164e-18
    outer loop
      vertex   4.284276e+01 2.931994e+00 5.550000e+01
      vertex   4.284276e+01 2.931994e+00 1.000000e+00
      vertex   3.957819e+01 1.579766e+00 5.550000e+01
    endloop
  endfacet
  facet normal -3.826834e-01 9.238795e-01 3.387674e-17
    outer loop
      vertex   3.957819e+01 1.579766e+00 5.550000e+01
      vertex   4.284276e+01 2.931994e+00 1.000000e+00
      vertex   3.957819e+01 1.579766e+00 1.000000e+00
    endloop
  endfacet
  facet normal -4.476172e-01 8.942253e-01 3.278938e-17
    outer loop
      vertex   3.957819e+01 1.579766e+00 5.550000e+01
      vertex   3.957819e+01 1.579766e+00 1.000000e+00
      vertex   3.641841e+01 -1.907418e-03 5.550000e+01
    endloop
  endfacet
  facet normal -4.476172e-01 8.942253e-01 6.169711e-17
    outer loop
      vertex   3.641841e+01 -1.907418e-03 5.550000e+01
      vertex   3.957819e+01 1.579766e+00 1.000000e+00
      vertex   3.641841e+01 -1.907418e-03 1.000000e+00
    endloop
  endfacet
  facet normal -5.102700e-01 8.600142e-01 5.933672e-17
    outer loop
      vertex   3.641841e+01 -1.907418e-03 5.550000e+01
      vertex   3.641841e+01 -1.907418e-03 1.000000e+00
      vertex   3.337952e+01 -1.804968e+00 5.550000e+01
    endloop
  endfacet
  facet normal -5.102700e-01 8.600142e-01 -5.606210e-17
    outer loop
      vertex   3.337952e+01 -1.804968e+00 5.550000e+01
      vertex   3.641841e+01 -1.907418e-03 1.000000e+00
      vertex   3.337952e+01 -1.804968e+00 1.000000e+00
    endloop
  endfacet
  facet normal -5.703226e-01 8.214208e-01 -5.354629e-17
    outer loop
      vertex   3.337952e+01 -1.804968e+00 5.550000e+01
      vertex   3.337952e+01 -1.804968e+00 1.000000e+00
      vertex   3.047699e+01 -3.820226e+00 5.550000e+01
    endloop
  endfacet
  facet normal -5.703226e-01 8.214208e-01 -7.064429e-17
    outer loop
      vertex   3.047699e+01 -3.820226e+00 5.550000e+01
      vertex   3.337952e+01 -1.804968e+00 1.000000e+00
      vertex   3.047699e+01 -3.820226e+00 1.000000e+00
    endloop
  endfacet
  facet normal -6.274690e-01 7.786415e-01 -7.262659e-17
    outer loop
      vertex   3.047699e+01 -3.820226e+00 5.550000e+01
      vertex   3.047699e+01 -3.820226e+00 1.000000e+00
      vertex   2.772563e+01 -6.037413e+00 5.550000e+01
    endloop
  endfacet
  facet normal -6.274690e-01 7.786415e-01 -6.344703e-17
    outer loop
      vertex   2.772563e+01 -6.037413e+00 5.550000e+01
      vertex   3.047699e+01 -3.820226e+00 1.000000e+00
      vertex   2.772563e+01 -6.037413e+00 1.000000e+00
    endloop
  endfacet
  facet normal -6.814179e-01 7.318945e-01 -5.963788e-17
    outer loop
      vertex   2.772563e+01 -6.037413e+00 5.550000e+01
      vertex   2.772563e+01 -6.037413e+00 1.000000e+00
      vertex   2.513945e+01 -8.445232e+00 5.550000e+01
    endloop
  endfacet
  facet normal -6.814179e-01 7.318945e-01 2.385515e-17
    outer loop
      vertex   2.513945e+01 -8.445232e+00 5.550000e+01
      vertex   2.772563e+01 -6.037413e+00 1.000000e+00
      vertex   2.513945e+01 -8.445232e+00 1.000000e+00
    endloop
  endfacet
  facet normal -7.318945e-01 6.814179e-01 2.220993e-17
    outer loop
      vertex   2.513945e+01 -8.445232e+00 5.550000e+01
      vertex   2.513945e+01 -8.445232e+00 1.000000e+00
      vertex   2.273163e+01 -1.103141e+01 5.550000e+01
    endloop
  endfacet
  facet normal -7.318945e-01 6.814179e-01 2.220993e-17
    outer loop
      vertex   2.273163e+01 -1.103141e+01 5.550000e+01
      vertex   2.513945e+01 -8.445232e+00 1.000000e+00
      vertex   2.273163e+01 -1.103141e+01 1.000000e+00
    endloop
  endfacet
  facet normal -7.786415e-01 6.274690e-01 2.045154e-17
    outer loop
      vertex   2.273163e+01 -1.103141e+01 5.550000e+01
      vertex   2.273163e+01 -1.103141e+01 1.000000e+00
      vertex   2.051445e+01 -1.378277e+01 5.550000e+01
    endloop
  endfacet
  facet normal -7.786415e-01 6.274690e-01 4.090308e-17
    outer loop
      vertex   2.051445e+01 -1.378277e+01 5.550000e+01
      vertex   2.273163e+01 -1.103141e+01 1.000000e+00
      vertex   2.051445e+01 -1.378277e+01 1.000000e+00
    endloop
  endfacet
  facet normal -8.214208e-01 5.703226e-01 3.717785e-17
    outer loop
      vertex   2.051445e+01 -1.378277e+01 5.550000e+01
      vertex   2.051445e+01 -1.378277e+01 1.000000e+00
      vertex   1.849919e+01 -1.668530e+01 5.550000e+01
    endloop
  endfacet
  facet normal -8.214208e-01 5.703226e-01 -3.717785e-17
    outer loop
      vertex   1.849919e+01 -1.668530e+01 5.550000e+01
      vertex   2.051445e+01 -1.378277e+01 1.000000e+00
      vertex   1.849919e+01 -1.668530e+01 1.000000e+00
    endloop
  endfacet
  facet normal -8.600142e-01 5.102700e-01 -3.326318e-17
    outer loop
      vertex   1.849919e+01 -1.668530e+01 5.550000e+01
      vertex   1.849919e+01 -1.668530e+01 1.000000e+00
      vertex   1.669613e+01 -1.972419e+01 5.550000e+01
    endloop
  endfacet
  facet normal -8.600142e-01 5.102700e-01 0.000000e+00
    outer loop
      vertex   1.669613e+01 -1.972419e+01 5.550000e+01
      vertex   1.849919e+01 -1.668530e+01 1.000000e+00
      vertex   1.669613e+01 -1.972419e+01 1.000000e+00
    endloop
  endfacet
  facet normal -8.942253e-01 4.476172e-01 0.000000e+00
    outer loop
      vertex   1.669613e+01 -1.972419e+01 5.550000e+01
      vertex   1.669613e+01 -1.972419e+01 1.000000e+00
      vertex   1.511445e+01 -2.288397e+01 5.550000e+01
    endloop
  endfacet
  facet normal -8.942253e-01 4.476172e-01 0.000000e+00
    outer loop
      vertex   1.511445e+01 -2.288397e+01 5.550000e+01
      vertex   1.669613e+01 -1.972419e+01 1.000000e+00
      vertex   1.511445e+01 -2.288397e+01 1.000000e+00
    endloop
  endfacet
  facet normal -9.238795e-01 3.826834e-01 0.000000e+00
    outer loop
      vertex   1.511445e+01 -2.288397e+01 5.550000e+01
      vertex   1.511445e+01 -2.288397e+01 1.000000e+00
      vertex   1.376223e+01 -2.614854e+01 5.550000e+01
    endloop
  endfacet
  facet normal -9.238795e-01 3.826834e-01 2.494614e-17
    outer loop
      vertex   1.376223e+01 -2.614854e+01 5.550000e+01
      vertex   1.511445e+01 -2.288397e+01 1.000000e+00
      vertex   1.376223e+01 -2.614854e+01 1.000000e+00
    endloop
  endfacet
  facet normal -9.488259e-01 3.157996e-01 2.058616e-17
    outer loop
      vertex   1.376223e+01 -2.614854e+01 5.550000e+01
      vertex   1.376223e+01 -2.614854e+01 1.000000e+00
      vertex   1.264633e+01 -2.950126e+01 5.550000e+01
    endloop
  endfacet
  facet normal -9.488259e-01 3.157996e-01 0.000000e+00
    outer loop
      vertex   1.264633e+01 -2.950126e+01 5.550000e+01
      vertex   1.376223e+01 -2.614854e+01 1.000000e+00
      vertex   1.264633e+01 -2.950126e+01 1.000000e+00
    endloop
  endfacet
  facet normal -9.689373e-01 2.473065e-01 0.000000e+00
    outer loop
      vertex   1.264633e+01 -2.950126e+01 5.550000e+01
      vertex   1.264633e+01 -2.950126e+01 1.000000e+00
      vertex   1.177247e+01 -3.292504e+01 5.550000e+01
    endloop
  endfacet
  facet normal -9.689373e-01 2.473065e-01 0.000000e+00
    outer loop
      vertex   1.177247e+01 -3.292504e+01 5.550000e+01
      vertex   1.264633e+01 -2.950126e+01 1.000000e+00
      vertex   1.177247e+01 -3.292504e+01 1.000000e+00
    endloop
  endfacet
  facet normal -9.841112e-01 1.775532e-01 0.000000e+00
    outer loop
      vertex   1.177247e+01 -3.292504e+01 5.550000e+01
      vertex   1.177247e+01 -3.292504e+01 1.000000e+00
      vertex   1.114508e+01 -3.640243e+01 5.550000e+01
    endloop
  endfacet
  facet normal -9.841112e-01 1.775532e-01 0.000000e+00
    outer loop
      vertex   1.114508e+01 -3.640243e+01 5.550000e+01
      vertex   1.177247e+01 -3.292504e+01 1.000000e+00
      vertex   1.114508e+01 -3.640243e+01 1.000000e+00
    endloop
  endfacet
  facet normal -9.942703e-01 1.068951e-01 0.000000e+00
    outer loop
      vertex   1.114508e+01 -3.640243e+01 5.550000e+01
      vertex   1.114508e+01 -3.640243e+01 1.000000e+00
      vertex   1.076736e+01 -3.991573e+01 5.550000e+01
    endloop
  endfacet
  facet normal -9.942703e-01 1.068951e-01 0.000000e+00
    outer loop
      vertex   1.076736e+01 -3.991573e+01 5.550000e+01
      vertex   1.114508e+01 -3.640243e+01 1.000000e+00
      vertex   1.076736e+01 -3.991573e+01 1.000000e+00
    endloop
  endfacet
  facet normal -9.993628e-01 3.569233e-02 0.000000e+00
    outer loop
      vertex   1.076736e+01 -3.991573e+01 5.550000e+01
      vertex   1.076736e+01 -3.991573e+01 1.000000e+00
      vertex   1.064124e+01 -4.344702e+01 1.000000e+00
    endloop
  endfacet
  facet normal -9.993628e-01 3.569233e-02 6.514587e-17
    outer loop
      vertex   1.064124e+01 -4.344702e+01 1.000000e+00
      vertex   1.064124e+01 -4.344702e+01 1.100000e+02
      vertex   1.076736e+01 -3.991573e+01 5.550000e+01
    endloop
  endfacet
  facet normal -9.993628e-01 3.569233e-02 0.000000e+00
    outer loop
      vertex   1.076736e+01 -3.991573e+01 5.550000e+01
      vertex   1.064124e+01 -4.344702e+01 1.100000e+02
      vertex   1.076736e+01 -3.991573e+01 1.100000e+02
    endloop
  endfacet
  facet normal -9.942703e-01 1.068951e-01 0.000000e+00
    outer loop
      vertex   1.076736e+01 -3.991573e+01 5.550000e+01
      vertex   1.076736e+01 -3.991573e+01 1.100000e+02
      vertex   1.114508e+01 -3.640243e+01 5.550000e+01
    endloop
  endfacet
  facet normal -9.942703e-01 1.068951e-01 0.000000e+00
    outer loop
      vertex   1.114508e+01 -3.640243e+01 5.550000e+01
      vertex   1.076736e+01 -3.991573e+01 1.100000e+02
      vertex   1.114508e+01 -3.640243e+01 1.100000e+02
    endloop
  endfacet
  facet normal -9.841112e-01 1.775532e-01 0.000000e+00
    outer loop
      vertex   1.114508e+01 -3.640243e+01 5.550000e+01
      vertex   1.114508e+01 -3.640243e+01 1.100000e+02
      vertex   1.177247e+01 -3.292504e+01 5.550000e+01
    endloop
  endfacet
  facet normal -9.841112e-01 1.775532e-01 0.000000e+00
    outer loop
      vertex   1.177247e+01 -3.292504e+01 5.550000e+01
      vertex   1.114508e+01 -3.640243e+01 1.100000e+02
      vertex   1.177247e+01 -3.292504e+01 1.100000e+02
    endloop
  endfacet
  facet normal -9.689373e-01 2.473065e-01 0.000000e+00
    outer loop
      vertex   1.177247e+01 -3.292504e+01 5.550000e+01
      vertex   1.177247e+01 -3.292504e+01 1.100000e+02
      vertex   1.264633e+01 -2.950126e+01 5.550000e+01
    endloop
  endfacet
  facet normal -9.689373e-01 2.473065e-01 0.000000e+00
    outer loop
      vertex   1.264633e+01 -2.950126e+01 5.550000e+01
      vertex   1.177247e+01 -3.292504e+01 1.100000e+02
      vertex   1.264633e+01 -2.950126e+01 1.100000e+02
    endloop
  endfacet
  facet normal -9.488259e-01 3.157996e-01 0.000000e+00
    outer loop
      vertex   1.264633e+01 -2.950126e+01 5.550000e+01
      vertex   1.264633e+01 -2.950126e+01 1.100000e+02
      vertex   1.376223e+01 -2.614854e+01 5.550000e+01
    endloop
  endfacet
  facet normal -9.488259e-01 3.157996e-01 -2.058616e-17
    outer loop
      vertex   1.376223e+01 -2.614854e+01 5.550000e+01
      vertex   1.264633e+01 -2.950126e+01 1.100000e+02
      vertex   1.376223e+01 -2.614854e+01 1.100000e+02
    endloop
  endfacet
  facet normal -9.238795e-01 3.826834e-01 -2.494614e-17
    outer loop
      vertex   1.376223e+01 -2.614854e+01 5.550000e+01
      vertex   1.376223e+01 -2.614854e+01 1.100000e+02
      vertex   1.511445e+01 -2.288397e+01 5.550000e+01
    endloop
  endfacet
  facet normal -9.238795e-01 3.826834e-01 0.000000e+00
    outer loop
      vertex   1.511445e+01 -2.288397e+01 5.550000e+01
      vertex   1.376223e+01 -2.614854e+01 1.100000e+02
      vertex   1.511445e+01 -2.288397e+01 1.100000e+02
    endloop
  endfacet
  facet normal -8.942253e-01 4.476172e-01 0.000000e+00
    outer loop
      vertex   1.511445e+01 -2.288397e+01 5.550000e+01
      vertex   1.511445e+01 -2.288397e+01 1.100000e+02
      vertex   1.669613e+01 -1.972419e+01 5.550000e+01
    endloop
  endfacet
  facet normal -8.942253e-01 4.476172e-01 0.000000e+00
    outer loop
      vertex   1.669613e+01 -1.972419e+01 5.550000e+01
      vertex   1.511445e+01 -2.288397e+01 1.100000e+02
      vertex   1.669613e+01 -1.972419e+01 1.100000e+02
    endloop
  endfacet
  facet normal -8.600142e-01 5.102700e-01 0.000000e+00
    outer loop
      vertex   1.669613e+01 -1.972419e+01 5.550000e+01
      vertex   1.669613e+01 -1.972419e+01 1.100000e+02
      vertex   1.849919e+01 -1.668530e+01 5.550000e+01
    endloop
  endfacet
  facet normal -8.600142e-01 5.102700e-01 3.326318e-17
    outer loop
      vertex   1.849919e+01 -1.668530e+01 5.550000e+01
      vertex   1.669613e+01 -1.972419e+01 1.100000e+02
      vertex   1.849919e+01 -1.668530e+01 1.100000e+02
    endloop
  endfacet
  facet normal -8.214208e-01 5.703226e-01 3.717785e-17
    outer loop
      vertex   1.849919e+01 -1.668530e+01 5.550000e+01
      vertex   1.849919e+01 -1.668530e+01 1.100000e+02
      vertex   2.051445e+01 -1.378277e+01 5.550000e+01
    endloop
  endfacet
  facet normal -8.214208e-01 5.703226e-01 -3.717785e-17
    outer loop
      vertex   2.051445e+01 -1.378277e+01 5.550000e+01
      vertex   1.849919e+01 -1.668530e+01 1.100000e+02
      vertex   2.051445e+01 -1.378277e+01 1.100000e+02
    endloop
  endfacet
  facet normal -7.786415e-01 6.274690e-01 -4.090308e-17
    outer loop
      vertex   2.051445e+01 -1.378277e+01 5.550000e+01
      vertex   2.051445e+01 -1.378277e+01 1.100000e+02
      vertex   2.273163e+01 -1.103141e+01 5.550000e+01
    endloop
  endfacet
  facet normal -7.786415e-01 6.274690e-01 -2.045154e-17
    outer loop
      vertex   2.273163e+01 -1.103141e+01 5.550000e+01
      vertex   2.051445e+01 -1.378277e+01 1.100000e+02
      vertex   2.273163e+01 -1.103141e+01 1.100000e+02
    endloop
  endfacet
  facet normal -7.318945e-01 6.814179e-01 -2.220993e-17
    outer loop
      vertex   2.273163e+01 -1.103141e+01 5.550000e+01
      vertex   2.273163e+01 -1.103141e+01 1.100000e+02
      vertex   2.513945e+01 -8.445232e+00 5.550000e+01
    endloop
  endfacet
  facet normal -7.318945e-01 6.814179e-01 -2.220993e-17
    outer loop
      vertex   2.513945e+01 -8.445232e+00 5.550000e+01
      vertex   2.273163e+01 -1.103141e+01 1.100000e+02
      vertex   2.513945e+01 -8.445232e+00 1.100000e+02
    endloop
  endfacet
  facet normal -6.814179e-01 7.318945e-01 -2.385515e-17
    outer loop
      vertex   2.513945e+01 -8.445232e+00 5.550000e+01
      vertex   2.513945e+01 -8.445232e+00 1.100000e+02
      vertex   2.772563e+01 -6.037413e+00 5.550000e+01
    endloop
  endfacet
  facet normal -6.814179e-01 7.318945e-01 5.963788e-17
    outer loop
      vertex   2.772563e+01 -6.037413e+00 5.550000e+01
      vertex   2.513945e+01 -8.445232e+00 1.100000e+02
      vertex   2.772563e+01 -6.037413e+00 1.100000e+02
    endloop
  endfacet
  facet normal -6.274690e-01 7.786415e-01 6.344703e-17
    outer loop
      vertex   2.772563e+01 -6.037413e+00 5.550000e+01
      vertex   2.772563e+01 -6.037413e+00 1.100000e+02
      vertex   3.047699e+01 -3.820226e+00 5.550000e+01
    endloop
  endfacet
  facet normal -6.274690e-01 7.786415e-01 7.262659e-17
    outer loop
      vertex   3.047699e+01 -3.820226e+00 5.550000e+01
      vertex   2.772563e+01 -6.037413e+00 1.100000e+02
      vertex   3.047699e+01 -3.820226e+00 1.100000e+02
    endloop
  endfacet
  facet normal -5.703226e-01 8.214208e-01 7.064429e-17
    outer loop
      vertex   3.047699e+01 -3.820226e+00 5.550000e+01
      vertex   3.047699e+01 -3.820226e+00 1.100000e+02
      vertex   3.337952e+01 -1.804968e+00 5.550000e+01
    endloop
  endfacet
  facet normal -5.703226e-01 8.214208e-01 5.354629e-17
    outer loop
      vertex   3.337952e+01 -1.804968e+00 5.550000e+01
      vertex   3.047699e+01 -3.820226e+00 1.100000e+02
      vertex   3.337952e+01 -1.804968e+00 1.100000e+02
    endloop
  endfacet
  facet normal -5.102700e-01 8.600142e-01 5.606210e-17
    outer loop
      vertex   3.337952e+01 -1.804968e+00 5.550000e+01
      vertex   3.337952e+01 -1.804968e+00 1.100000e+02
      vertex   3.641841e+01 -1.907418e-03 5.550000e+01
    endloop
  endfacet
  facet normal -5.102700e-01 8.600142e-01 -5.933672e-17
    outer loop
      vertex   3.641841e+01 -1.907418e-03 5.550000e+01
      vertex   3.337952e+01 -1.804968e+00 1.100000e+02
      vertex   3.641841e+01 -1.907418e-03 1.100000e+02
    endloop
  endfacet
  facet normal -4.476172e-01 8.942253e-01 -6.169711e-17
    outer loop
      vertex   3.641841e+01 -1.907418e-03 5.550000e+01
      vertex   3.641841e+01 -1.907418e-03 1.100000e+02
      vertex   3.957819e+01 1.579766e+00 5.550000e+01
    endloop
  endfacet
  facet normal -4.476172e-01 8.942253e-01 -3.278938e-17
    outer loop
      vertex   3.957819e+01 1.579766e+00 5.550000e+01
      vertex   3.641841e+01 -1.907418e-03 1.100000e+02
      vertex   3.957819e+01 1.579766e+00 1.100000e+02
    endloop
  endfacet
  facet normal -3.826834e-01 9.238795e-01 -3.387674e-17
    outer loop
      vertex   3.957819e+01 1.579766e+00 5.550000e+01
      vertex   3.957819e+01 1.579766e+00 1.100000e+02
      vertex   4.284276e+01 2.931994e+00 5.550000e+01
    endloop
  endfacet
  facet normal -3.826834e-01 9.238795e-01 -7.528164e-18
    outer loop
      vertex   4.284276e+01 2.931994e+00 5.550000e+01
      vertex   3.957819e+01 1.579766e+00 1.100000e+02
      vertex   4.284276e+01 2.931994e+00 1.100000e+02
    endloop
  endfacet
  facet normal -3.157996e-01 9.488259e-01 -7.731438e-18
    outer loop
      vertex   4.284276e+01 2.931994e+00 5.550000e+01
      vertex   4.284276e+01 2.931994e+00 1.100000e+02
      vertex   4.619548e+01 4.047885e+00 5.550000e+01
    endloop
  endfacet
  facet normal -3.157996e-01 9.488259e-01 3.092575e-17
    outer loop
      vertex   4.619548e+01 4.047885e+00 5.550000e+01
      vertex   4.284276e+01 2.931994e+00 1.100000e+02
      vertex   4.619548e+01 4.047885e+00 1.100000e+02
    endloop
  endfacet
  facet normal -2.473065e-01 9.689373e-01 3.158126e-17
    outer loop
      vertex   4.619548e+01 4.047885e+00 5.550000e+01
      vertex   4.619548e+01 4.047885e+00 1.100000e+02
      vertex   4.961926e+01 4.921752e+00 5.550000e+01
    endloop
  endfacet
  facet normal -2.473065e-01 9.689373e-01 6.316251e-17
    outer loop
      vertex   4.961926e+01 4.921752e+00 5.550000e+01
      vertex   4.619548e+01 4.047885e+00 1.100000e+02
      vertex   4.961926e+01 4.921752e+00 1.100000e+02
    endloop
  endfacet
  facet normal -1.775532e-01 9.841112e-01 6.415166e-17
    outer loop
      vertex   4.961926e+01 4.921752e+00 5.550000e+01
      vertex   4.961926e+01 4.921752e+00 1.100000e+02
      vertex   5.309665e+01 5.549144e+00 5.550000e+01
    endloop
  endfacet
  facet normal -1.775532e-01 9.841112e-01 -6.415166e-17
    outer loop
      vertex   5.309665e+01 5.549144e+00 5.550000e+01
      vertex   4.961926e+01 4.921752e+00 1.100000e+02
      vertex   5.309665e+01 5.549144e+00 1.100000e+02
    endloop
  endfacet
  facet normal -1.068951e-01 9.942703e-01 -6.481390e-17
    outer loop
      vertex   5.309665e+01 5.549144e+00 5.550000e+01
      vertex   5.309665e+01 5.549144e+00 1.100000e+02
      vertex   5.660995e+01 5.926862e+00 5.550000e+01
    endloop
  endfacet
  facet normal -1.068951e-01 9.942703e-01 -3.240695e-17
    outer loop
      vertex   5.660995e+01 5.926862e+00 5.550000e+01
      vertex   5.309665e+01 5.549144e+00 1.100000e+02
      vertex   5.660995e+01 5.926862e+00 1.100000e+02
    endloop
  endfacet
  facet normal -3.569233e-02 9.993628e-01 -3.257294e-17
    outer loop
      vertex   5.660995e+01 5.926862e+00 5.550000e+01
      vertex   5.660995e+01 5.926862e+00 1.100000e+02
      vertex   6.014124e+01 6.052983e+00 1.100000e+02
    endloop
  endfacet
  facet normal -1.000000e+00 0.000000e+00 0.000000e+00
    outer loop
      vertex   1.271412e+02 -1.782572e+01 3.603777e+01
      vertex   1.271412e+02 -1.794702e+01 3.500000e+01
      vertex   1.271412e+02 -1.134470e+02 3.000000e+00
    endloop
  endfacet
  facet normal -1.000000e+00 0.000000e+00 0.000000e+00
    outer loop
      vertex   1.271412e+02 -1.134470e+02 3.000000e+00
      vertex   1.271412e+02 -1.794702e+01 3.500000e+01
      vertex   1.271412e+02 -1.782572e+01 3.396223e+01
    endloop
  endfacet
  facet normal -1.000000e+00 0.000000e+00 0.000000e+00
    outer loop
      vertex   1.271412e+02 -1.134470e+02 3.000000e+00
      vertex   1.271412e+02 -1.782572e+01 3.396223e+01
      vertex   1.271412e+02 -1.746836e+01 3.298040e+01
    endloop
  endfacet
  facet normal -1.000000e+00 0.000000e+00 -0.000000e+00
    outer loop
      vertex   1.271412e+02 -1.746836e+01 3.298040e+01
      vertex   1.271412e+02 -1.689422e+01 3.210746e+01
      vertex   1.271412e+02 -1.134470e+02 3.000000e+00
    endloop
  endfacet
  facet normal -1.000000e+00 0.000000e+00 0.000000e+00
    outer loop
      vertex   1.271412e+02 -1.134470e+02 3.000000e+00
      vertex   1.271412e+02 -1.689422e+01 3.210746e+01
      vertex   1.271412e+02 -1.613423e+01 3.139045e+01
    endloop
  endfacet
  facet normal -1.000000e+00 0.000000e+00 0.000000e+00
    outer loop
      vertex   1.271412e+02 -1.134470e+02 3.000000e+00
      vertex   1.271412e+02 -1.613423e+01 3.139045e+01
      vertex   1.271412e+02 3.552983e+00 3.000000e+00
    endloop
  endfacet
  facet normal -1.000000e+00 0.000000e+00 0.000000e+00
    outer loop
      vertex   1.271412e+02 3.552983e+00 3.000000e+00
      vertex   1.271412e+02 -1.613423e+01 3.139045e+01
      vertex   1.271412e+02 -1.522938e+01 3.086803e+01
    endloop
  endfacet
  facet normal -1.000000e+00 0.000000e+00 0.000000e+00
    outer loop
      vertex   1.271412e+02 3.552983e+00 3.000000e+00
      vertex   1.271412e+02 -1.522938e+01 3.086803e+01
      vertex   1.271412e+02 -1.422843e+01 3.056837e+01
    endloop
  endfacet
  facet normal -1.000000e+00 0.000000e+00 0.000000e+00
    outer loop
      vertex   1.271412e+02 -1.422843e+01 3.056837e+01
      vertex   1.271412e+02 -1.318537e+01 3.050761e+01
      vertex   1.271412e+02 3.552983e+00 3.000000e+00
    endloop
  endfacet
  facet normal -1.000000e+00 0.000000e+00 0.000000e+00
    outer loop
      vertex   1.271412e+02 3.552983e+00 3.000000e+00
      vertex   1.271412e+02 -1.318537e+01 3.050761e+01
      vertex   1.271412e+02 -1.215640e+01 3.068905e+01
    endloop
  endfacet
  facet normal -1.000000e+00 0.000000e+00 0.000000e+00
    outer loop
      vertex   1.271412e+02 3.552983e+00 3.000000e+00
      vertex   1.271412e+02 -1.215640e+01 3.068905e+01
      vertex   1.271412e+02 -1.119702e+01 3.110289e+01
    endloop
  endfacet
  facet normal -1.000000e+00 0.000000e+00 0.000000e+00
    outer loop
      vertex   1.271412e+02 -1.119702e+01 3.110289e+01
      vertex   1.271412e+02 -1.035893e+01 3.172682e+01
      vertex   1.271412e+02 3.552983e+00 3.000000e+00
    endloop
  endfacet
  facet normal -1.000000e+00 0.000000e+00 0.000000e+00
    outer loop
      vertex   1.271412e+02 3.552983e+00 3.000000e+00
      vertex   1.271412e+02 -1.035893e+01 3.172682e+01
      vertex   1.271412e+02 -9.687322e+00 3.252721e+01
    endloop
  endfacet
  facet normal -1.000000e+00 0.000000e+00 0.000000e+00
    outer loop
      vertex   1.271412e+02 3.552983e+00 3.000000e+00
      vertex   1.271412e+02 -9.687322e+00 3.252721e+01
      vertex   1.271412e+02 -9.218401e+00 3.346091e+01
    endloop
  endfacet
  facet normal -1.000000e+00 0.000000e+00 0.000000e+00
    outer loop
      vertex   1.271412e+02 -9.218401e+00 3.346091e+01
      vertex   1.271412e+02 -8.977445e+00 3.447758e+01
      vertex   1.271412e+02 3.552983e+00 3.000000e+00
    endloop
  endfacet
  facet normal -1.000000e+00 0.000000e+00 0.000000e+00
    outer loop
      vertex   1.271412e+02 3.552983e+00 3.000000e+00
      vertex   1.271412e+02 -8.977445e+00 3.447758e+01
      vertex   1.271412e+02 -8.977445e+00 3.552242e+01
    endloop
  endfacet
  facet normal -1.000000e+00 0.000000e+00 0.000000e+00
    outer loop
      vertex   1.271412e+02 3.552983e+00 3.000000e+00
      vertex   1.271412e+02 -8.977445e+00 3.552242e+01
      vertex   1.271412e+02 3.552983e+00 1.100000e+02
    endloop
  endfacet
  facet normal -1.000000e+00 0.000000e+00 0.000000e+00
    outer loop
      vertex   1.271412e+02 3.552983e+00 1.100000e+02
      vertex   1.271412e+02 -8.977445e+00 3.552242e+01
      vertex   1.271412e+02 -9.218401e+00 3.653909e+01
    endloop
  endfacet
  facet normal -1.000000e+00 0.000000e+00 0.000000e+00
    outer loop
      vertex   1.271412e+02 3.552983e+00 1.100000e+02
      vertex   1.271412e+02 -9.218401e+00 3.653909e+01
      vertex   1.271412e+02 -9.218401e+00 8.346091e+01
    endloop
  endfacet
  facet normal -1.000000e+00 0.000000e+00 -0.000000e+00
    outer loop
      vertex   1.271412e+02 -9.218401e+00 8.346091e+01
      vertex   1.271412e+02 -9.218401e+00 3.653909e+01
      vertex   1.271412e+02 -9.687322e+00 8.252721e+01
    endloop
  endfacet
  facet normal -1.000000e+00 0.000000e+00 0.000000e+00
    outer loop
      vertex   1.271412e+02 -9.687322e+00 8.252721e+01
      vertex   1.271412e+02 -9.218401e+00 3.653909e+01
      vertex   1.271412e+02 -9.687322e+00 3.747279e+01
    endloop
  endfacet
  facet normal -1.000000e+00 0.000000e+00 -0.000000e+00
    outer loop
      vertex   1.271412e+02 -9.687322e+00 8.252721e+01
      vertex   1.271412e+02 -9.687322e+00 3.747279e+01
      vertex   1.271412e+02 -1.035893e+01 8.172682e+01
    endloop
  endfacet
  facet normal -1.000000e+00 0.000000e+00 0.000000e+00
    outer loop
      vertex   1.271412e+02 -1.035893e+01 8.172682e+01
      vertex   1.271412e+02 -9.687322e+00 3.747279e+01
      vertex   1.271412e+02 -1.035893e+01 3.827318e+01
    endloop
  endfacet
  facet normal -1.000000e+00 0.000000e+00 -0.000000e+00
    outer loop
      vertex   1.271412e+02 -1.035893e+01 8.172682e+01
      vertex   1.271412e+02 -1.035893e+01 3.827318e+01
      vertex   1.271412e+02 -1.119702e+01 8.110289e+01
    endloop
  endfacet
  facet normal -1.000000e+00 0.000000e+00 0.000000e+00
    outer loop
      vertex   1.271412e+02 -1.119702e+01 8.110289e+01
      vertex   1.271412e+02 -1.035893e+01 3.827318e+01
      vertex   1.271412e+02 -1.119702e+01 3.889711e+01
    endloop
  endfacet
  facet normal -1.000000e+00 0.000000e+00 -0.000000e+00
    outer loop
      vertex   1.271412e+02 -1.119702e+01 8.110289e+01
      vertex   1.271412e+02 -1.119702e+01 3.889711e+01
      vertex   1.271412e+02 -1.215640e+01 8.068905e+01
    endloop
  endfacet
  facet normal -1.000000e+00 0.000000e+00 0.000000e+00
    outer loop
      vertex   1.271412e+02 -1.215640e+01 8.068905e+01
      vertex   1.271412e+02 -1.119702e+01 3.889711e+01
      vertex   1.271412e+02 -1.215640e+01 3.931095e+01
    endloop
  endfacet
  facet normal -1.000000e+00 0.000000e+00 -0.000000e+00
    outer loop
      vertex   1.271412e+02 -1.215640e+01 8.068905e+01
      vertex   1.271412e+02 -1.215640e+01 3.931095e+01
      vertex   1.271412e+02 -1.318537e+01 8.050761e+01
    endloop
  endfacet
  facet normal -1.000000e+00 0.000000e+00 0.000000e+00
    outer loop
      vertex   1.271412e+02 -1.318537e+01 8.050761e+01
      vertex   1.271412e+02 -1.215640e+01 3.931095e+01
      vertex   1.271412e+02 -1.318537e+01 3.949239e+01
    endloop
  endfacet
  facet normal -1.000000e+00 0.000000e+00 -0.000000e+00
    outer loop
      vertex   1.271412e+02 -1.318537e+01 8.050761e+01
      vertex   1.271412e+02 -1.318537e+01 3.949239e+01
      vertex   1.271412e+02 -1.422843e+01 3.943163e+01
    endloop
  endfacet
  facet normal -1.000000e+00 -0.000000e+00 0.000000e+00
    outer loop
      vertex   1.271412e+02 -1.318537e+01 8.050761e+01
      vertex   1.271412e+02 -1.422843e+01 3.943163e+01
      vertex   1.271412e+02 -1.422843e+01 8.056837e+01
    endloop
  endfacet
  facet normal -1.000000e+00 0.000000e+00 -0.000000e+00
    outer loop
      vertex   1.271412e+02 -1.422843e+01 8.056837e+01
      vertex   1.271412e+02 -1.422843e+01 3.943163e+01
      vertex   1.271412e+02 -1.522938e+01 3.913197e+01
    endloop
  endfacet
  facet normal -1.000000e+00 -0.000000e+00 0.000000e+00
    outer loop
      vertex   1.271412e+02 -1.422843e+01 8.056837e+01
      vertex   1.271412e+02 -1.522938e+01 3.913197e+01
      vertex   1.271412e+02 -1.522938e+01 8.086803e+01
    endloop
  endfacet
  facet normal -1.000000e+00 -0.000000e+00 -0.000000e+00
    outer loop
      vertex   1.271412e+02 -1.522938e+01 8.086803e+01
      vertex   1.271412e+02 -1.522938e+01 3.913197e+01
      vertex   1.271412e+02 -1.613423e+01 8.139045e+01
    endloop
  endfacet
  facet normal -1.000000e+00 0.000000e+00 0.000000e+00
    outer loop
      vertex   1.271412e+02 -1.613423e+01 8.139045e+01
      vertex   1.271412e+02 -1.522938e+01 3.913197e+01
      vertex   1.271412e+02 -1.613423e+01 3.860955e+01
    endloop
  endfacet
  facet normal -1.000000e+00 -0.000000e+00 -0.000000e+00
    outer loop
      vertex   1.271412e+02 -1.613423e+01 8.139045e+01
      vertex   1.271412e+02 -1.613423e+01 3.860955e+01
      vertex   1.271412e+02 -1.689422e+01 8.210746e+01
    endloop
  endfacet
  facet normal -1.000000e+00 0.000000e+00 0.000000e+00
    outer loop
      vertex   1.271412e+02 -1.689422e+01 8.210746e+01
      vertex   1.271412e+02 -1.613423e+01 3.860955e+01
      vertex   1.271412e+02 -1.689422e+01 3.789254e+01
    endloop
  endfacet
  facet normal -1.000000e+00 -0.000000e+00 -0.000000e+00
    outer loop
      vertex   1.271412e+02 -1.689422e+01 8.210746e+01
      vertex   1.271412e+02 -1.689422e+01 3.789254e+01
      vertex   1.271412e+02 -1.746836e+01 8.298040e+01
    endloop
  endfacet
  facet normal -1.000000e+00 0.000000e+00 0.000000e+00
    outer loop
      vertex   1.271412e+02 -1.746836e+01 8.298040e+01
      vertex   1.271412e+02 -1.689422e+01 3.789254e+01
      vertex   1.271412e+02 -1.746836e+01 3.701960e+01
    endloop
  endfacet
  facet normal -1.000000e+00 -0.000000e+00 -0.000000e+00
    outer loop
      vertex   1.271412e+02 -1.746836e+01 8.298040e+01
      vertex   1.271412e+02 -1.746836e+01 3.701960e+01
      vertex   1.271412e+02 -1.134470e+02 1.100000e+02
    endloop
  endfacet
  facet normal -1.000000e+00 0.000000e+00 0.000000e+00
    outer loop
      vertex   1.271412e+02 -1.134470e+02 1.100000e+02
      vertex   1.271412e+02 -1.746836e+01 3.701960e+01
      vertex   1.271412e+02 -1.134470e+02 3.000000e+00
    endloop
  endfacet
  facet normal -1.000000e+00 0.000000e+00 0.000000e+00
    outer loop
      vertex   1.271412e+02 -1.134470e+02 3.000000e+00
      vertex   1.271412e+02 -1.746836e+01 3.701960e+01
      vertex   1.271412e+02 -1.782572e+01 3.603777e+01
    endloop
  endfacet
  facet normal -1.000000e+00 -0.000000e+00 0.000000e+00
    outer loop
      vertex   1.271412e+02 -1.782572e+01 8.603777e+01
      vertex   1.271412e+02 -1.794702e+01 8.500000e+01
      vertex   1.271412e+02 -1.134470e+02 1.100000e+02
    endloop
  endfacet
  facet normal -1.000000e+00 0.000000e+00 0.000000e+00
    outer loop
      vertex   1.271412e+02 -1.134470e+02 1.100000e+02
      vertex   1.271412e+02 -1.794702e+01 8.500000e+01
      vertex   1.271412e+02 -1.782572e+01 8.396223e+01
    endloop
  endfacet
  facet normal -1.000000e+00 0.000000e+00 0.000000e+00
    outer loop
      vertex   1.271412e+02 -1.134470e+02 1.100000e+02
      vertex   1.271412e+02 -1.782572e+01 8.396223e+01
      vertex   1.271412e+02 -1.746836e+01 8.298040e+01
    endloop
  endfacet
  facet normal -1.000000e+00 0.000000e+00 0.000000e+00
    outer loop
      vertex   1.271412e+02 -9.218401e+00 8.346091e+01
      vertex   1.271412e+02 -8.977445e+00 8.447758e+01
      vertex   1.271412e+02 3.552983e+00 1.100000e+02
    endloop
  endfacet
  facet normal -1.000000e+00 0.000000e+00 0.000000e+00
    outer loop
      vertex   1.271412e+02 3.552983e+00 1.100000e+02
      vertex   1.271412e+02 -8.977445e+00 8.447758e+01
      vertex   1.271412e+02 -8.977445e+00 8.552242e+01
    endloop
  endfacet
  facet normal -1.000000e+00 0.000000e+00 0.000000e+00
    outer loop
      vertex   1.271412e+02 3.552983e+00 1.100000e+02
      vertex   1.271412e+02 -8.977445e+00 8.552242e+01
      vertex   1.271412e+02 -9.218401e+00 8.653909e+01
    endloop
  endfacet
  facet normal -1.000000e+00 0.000000e+00 0.000000e+00
    outer loop
      vertex   1.271412e+02 -9.218401e+00 8.653909e+01
      vertex   1.271412e+02 -9.687322e+00 8.747279e+01
      vertex   1.271412e+02 3.552983e+00 1.100000e+02
    endloop
  endfacet
  facet normal -1.000000e+00 0.000000e+00 0.000000e+00
    outer loop
      vertex   1.271412e+02 3.552983e+00 1.100000e+02
      vertex   1.271412e+02 -9.687322e+00 8.747279e+01
      vertex   1.271412e+02 -1.035893e+01 8.827318e+01
    endloop
  endfacet
  facet normal -1.000000e+00 0.000000e+00 0.000000e+00
    outer loop
      vertex   1.271412e+02 3.552983e+00 1.100000e+02
      vertex   1.271412e+02 -1.035893e+01 8.827318e+01
      vertex   1.271412e+02 -1.119702e+01 8.889711e+01
    endloop
  endfacet
  facet normal -1.000000e+00 0.000000e+00 0.000000e+00
    outer loop
      vertex   1.271412e+02 -1.119702e+01 8.889711e+01
      vertex   1.271412e+02 -1.215640e+01 8.931095e+01
      vertex   1.271412e+02 3.552983e+00 1.100000e+02
    endloop
  endfacet
  facet normal -1.000000e+00 0.000000e+00 0.000000e+00
    outer loop
      vertex   1.271412e+02 3.552983e+00 1.100000e+02
      vertex   1.271412e+02 -1.215640e+01 8.931095e+01
      vertex   1.271412e+02 -1.318537e+01 8.949239e+01
    endloop
  endfacet
  facet normal -1.000000e+00 0.000000e+00 0.000000e+00
    outer loop
      vertex   1.271412e+02 3.552983e+00 1.100000e+02
      vertex   1.271412e+02 -1.318537e+01 8.949239e+01
      vertex   1.271412e+02 -1.422843e+01 8.943163e+01
    endloop
  endfacet
  facet normal -1.000000e+00 -0.000000e+00 0.000000e+00
    outer loop
      vertex   1.271412e+02 -1.422843e+01 8.943163e+01
      vertex   1.271412e+02 -1.522938e+01 8.913197e+01
      vertex   1.271412e+02 3.552983e+00 1.100000e+02
    endloop
  endfacet
  facet normal -1.000000e+00 0.000000e+00 0.000000e+00
    outer loop
      vertex   1.271412e+02 3.552983e+00 1.100000e+02
      vertex   1.271412e+02 -1.522938e+01 8.913197e+01
      vertex   1.271412e+02 -1.613423e+01 8.860955e+01
    endloop
  endfacet
  facet normal -1.000000e+00 -0.000000e+00 0.000000e+00
    outer loop
      vertex   1.271412e+02 3.552983e+00 1.100000e+02
      vertex   1.271412e+02 -1.613423e+01 8.860955e+01
      vertex   1.271412e+02 -1.134470e+02 1.100000e+02
    endloop
  endfacet
  facet normal -1.000000e+00 0.000000e+00 0.000000e+00
    outer loop
      vertex   1.271412e+02 -1.134470e+02 1.100000e+02
      vertex   1.271412e+02 -1.613423e+01 8.860955e+01
      vertex   1.271412e+02 -1.689422e+01 8.789254e+01
    endloop
  endfacet
  facet normal -1.000000e+00 0.000000e+00 0.000000e+00
    outer loop
      vertex   1.271412e+02 -1.134470e+02 1.100000e+02
      vertex   1.271412e+02 -1.689422e+01 8.789254e+01
      vertex   1.271412e+02 -1.746836e+01 8.701960e+01
    endloop
  endfacet
  facet normal -1.000000e+00 -0.000000e+00 0.000000e+00
    outer loop
      vertex   1.271412e+02 -1.746836e+01 8.701960e+01
      vertex   1.271412e+02 -1.782572e+01 8.603777e+01
      vertex   1.271412e+02 -1.134470e+02 1.100000e+02
    endloop
  endfacet
  facet normal 2.775558e-16 -1.000000e+00 0.000000e+00
    outer loop
      vertex   6.314124e+01 3.552983e+00 3.000000e+00
      vertex   1.271412e+02 3.552983e+00 3.000000e+00
      vertex   6.314124e+01 3.552983e+00 1.100000e+02
    endloop
  endfacet
  facet normal 2.775558e-16 -1.000000e+00 0.000000e+00
    outer loop
      vertex   6.314124e+01 3.552983e+00 1.100000e+02
      vertex   1.271412e+02 3.552983e+00 3.000000e+00
      vertex   1.271412e+02 3.552983e+00 1.100000e+02
    endloop
  endfacet
endsolid
