solid ASCII
  facet normal 0.000000e+00 0.000000e+00 -1.000000e+00
    outer loop
      vertex   -1.579000e+02 2.900000e+00 -6.500000e+01
      vertex   -1.221000e+02 2.900000e+00 -6.500000e+01
      vertex   -1.579000e+02 -2.900000e+00 -6.500000e+01
    endloop
  endfacet
  facet normal 0.000000e+00 0.000000e+00 -1.000000e+00
    outer loop
      vertex   -1.579000e+02 -2.900000e+00 -6.500000e+01
      vertex   -1.221000e+02 2.900000e+00 -6.500000e+01
      vertex   -1.221000e+02 -2.900000e+00 -6.500000e+01
    endloop
  endfacet
  facet normal -1.000000e+00 0.000000e+00 0.000000e+00
    outer loop
      vertex   -1.579000e+02 -2.900000e+00 -6.500000e+01
      vertex   -1.579000e+02 -2.900000e+00 0.000000e+00
      vertex   -1.579000e+02 2.900000e+00 -6.500000e+01
    endloop
  endfacet
  facet normal -1.000000e+00 0.000000e+00 0.000000e+00
    outer loop
      vertex   -1.579000e+02 2.900000e+00 -6.500000e+01
      vertex   -1.579000e+02 -2.900000e+00 0.000000e+00
      vertex   -1.579000e+02 2.900000e+00 0.000000e+00
    endloop
  endfacet
  facet normal 0.000000e+00 -1.000000e+00 0.000000e+00
    outer loop
      vertex   -1.579000e+02 -2.900000e+00 0.000000e+00
      vertex   -1.579000e+02 -2.900000e+00 -6.500000e+01
      vertex   -1.221000e+02 -2.900000e+00 0.000000e+00
    endloop
  endfacet
  facet normal 0.000000e+00 -1.000000e+00 -0.000000e+00
    outer loop
      vertex   -1.221000e+02 -2.900000e+00 0.000000e+00
      vertex   -1.579000e+02 -2.900000e+00 -6.500000e+01
      vertex   -1.221000e+02 -2.900000e+00 -6.500000e+01
    endloop
  endfacet
  facet normal 1.000000e+00 -0.000000e+00 0.000000e+00
    outer loop
      vertex   -1.221000e+02 -2.900000e+00 0.000000e+00
      vertex   -1.221000e+02 -2.900000e+00 -6.500000e+01
      vertex   -1.221000e+02 2.900000e+00 0.000000e+00
    endloop
  endfacet
  facet normal 1.000000e+00 0.000000e+00 0.000000e+00
    outer loop
      vertex   -1.221000e+02 2.900000e+00 0.000000e+00
      vertex   -1.221000e+02 -2.900000e+00 -6.500000e+01
      vertex   -1.221000e+02 2.900000e+00 -6.500000e+01
    endloop
  endfacet
  facet normal 0.000000e+00 1.000000e+00 0.000000e+00
    outer loop
      vertex   -1.579000e+02 2.900000e+00 -6.500000e+01
      vertex   -1.579000e+02 2.900000e+00 0.000000e+00
      vertex   -1.221000e+02 2.900000e+00 -6.500000e+01
    endloop
  endfacet
  facet normal 0.000000e+00 1.000000e+00 -0.000000e+00
    outer loop
      vertex   -1.221000e+02 2.900000e+00 -6.500000e+01
      vertex   -1.579000e+02 2.900000e+00 0.000000e+00
      vertex   -1.221000e+02 2.900000e+00 0.000000e+00
    endloop
  endfacet
  facet normal -8.938794e-01 4.392838e-01 8.949536e-02
    outer loop
      vertex   -1.753690e+02 -5.750811e+00 4.440892e-15
      vertex   -1.703223e+02 -5.668075e+00 5.000000e+01
      vertex   -1.750000e+02 -5.000000e+00 0.000000e+00
    endloop
  endfacet
  facet normal -8.970326e-01 4.327653e-01 8.970326e-02
    outer loop
      vertex   -1.750000e+02 -5.000000e+00 0.000000e+00
      vertex   -1.703223e+02 -5.668075e+00 5.000000e+01
      vertex   -1.700000e+02 -5.000000e+00 5.000000e+01
    endloop
  endfacet
  facet normal 4.190882e-01 -9.079455e-01 0.000000e+00
    outer loop
      vertex   -1.200000e+02 -5.000000e+00 5.000000e+01
      vertex   -1.240624e+02 -6.875111e+00 2.500000e+01
      vertex   -1.200000e+02 -5.000000e+00 0.000000e+00
    endloop
  endfacet
  facet normal 3.894798e-01 -9.210168e-01 -5.791632e-03
    outer loop
      vertex   -1.200000e+02 -5.000000e+00 0.000000e+00
      vertex   -1.240624e+02 -6.875111e+00 2.500000e+01
      vertex   -1.241176e+02 -6.819869e+00 1.250000e+01
    endloop
  endfacet
  facet normal 3.894798e-01 -9.210168e-01 -5.791632e-03
    outer loop
      vertex   -1.200000e+02 -5.000000e+00 0.000000e+00
      vertex   -1.241176e+02 -6.819869e+00 1.250000e+01
      vertex   -1.241453e+02 -6.792247e+00 6.250000e+00
    endloop
  endfacet
  facet normal 3.968496e-01 -9.178653e-01 -5.810274e-03
    outer loop
      vertex   -1.241453e+02 -6.792247e+00 6.250000e+00
      vertex   -1.241176e+02 -6.819869e+00 1.250000e+01
      vertex   -1.282905e+02 -8.584495e+00 6.250000e+00
    endloop
  endfacet
  facet normal 3.968563e-01 -9.178808e-01 1.793620e-15
    outer loop
      vertex   -1.241453e+02 -6.792247e+00 6.250000e+00
      vertex   -1.282905e+02 -8.584495e+00 6.250000e+00
      vertex   -1.200000e+02 -5.000000e+00 0.000000e+00
    endloop
  endfacet
  facet normal 3.968563e-01 -9.178808e-01 -1.258680e-15
    outer loop
      vertex   -1.200000e+02 -5.000000e+00 0.000000e+00
      vertex   -1.282905e+02 -8.584495e+00 6.250000e+00
      vertex   -1.324358e+02 -1.037674e+01 6.250000e+00
    endloop
  endfacet
  facet normal 3.968563e-01 -9.178808e-01 3.524305e-15
    outer loop
      vertex   -1.200000e+02 -5.000000e+00 0.000000e+00
      vertex   -1.324358e+02 -1.037674e+01 6.250000e+00
      vertex   -1.365810e+02 -1.216899e+01 6.250000e+00
    endloop
  endfacet
  facet normal 3.967960e-01 -9.177414e-01 -1.742847e-02
    outer loop
      vertex   -1.365810e+02 -1.216899e+01 6.250000e+00
      vertex   -1.324358e+02 -1.037674e+01 6.250000e+00
      vertex   -1.323529e+02 -1.045961e+01 1.250000e+01
    endloop
  endfacet
  facet normal 4.041377e-01 -9.144011e-01 -2.330869e-02
    outer loop
      vertex   -1.365810e+02 -1.216899e+01 6.250000e+00
      vertex   -1.323529e+02 -1.045961e+01 1.250000e+01
      vertex   -1.364705e+02 -1.227948e+01 1.250000e+01
    endloop
  endfacet
  facet normal 4.041858e-01 -9.145098e-01 -1.748360e-02
    outer loop
      vertex   -1.364705e+02 -1.227948e+01 1.250000e+01
      vertex   -1.323529e+02 -1.045961e+01 1.250000e+01
      vertex   -1.321872e+02 -1.062533e+01 2.500000e+01
    endloop
  endfacet
  facet normal 4.189729e-01 -9.076958e-01 -2.345241e-02
    outer loop
      vertex   -1.364705e+02 -1.227948e+01 1.250000e+01
      vertex   -1.321872e+02 -1.062533e+01 2.500000e+01
      vertex   -1.362496e+02 -1.250045e+01 2.500000e+01
    endloop
  endfacet
  facet normal 4.190234e-01 -9.078050e-01 -1.759143e-02
    outer loop
      vertex   -1.362496e+02 -1.250045e+01 2.500000e+01
      vertex   -1.321872e+02 -1.062533e+01 2.500000e+01
      vertex   -1.320214e+02 -1.079106e+01 3.750000e+01
    endloop
  endfacet
  facet normal 4.338751e-01 -9.006641e-01 -2.359154e-02
    outer loop
      vertex   -1.362496e+02 -1.250045e+01 2.500000e+01
      vertex   -1.320214e+02 -1.079106e+01 3.750000e+01
      vertex   -1.360286e+02 -1.272142e+01 3.750000e+01
    endloop
  endfacet
  facet normal 4.339959e-01 -9.009148e-01 3.003286e-15
    outer loop
      vertex   -1.360286e+02 -1.272142e+01 3.750000e+01
      vertex   -1.320214e+02 -1.079106e+01 3.750000e+01
      vertex   -1.200000e+02 -5.000000e+00 5.000000e+01
    endloop
  endfacet
  facet normal 4.488311e-01 -8.933016e-01 -2.372578e-02
    outer loop
      vertex   -1.360286e+02 -1.272142e+01 3.750000e+01
      vertex   -1.200000e+02 -5.000000e+00 5.000000e+01
      vertex   -1.516152e+02 -2.088478e+01 5.000000e+01
    endloop
  endfacet
  facet normal 4.478239e-01 -8.912970e-01 -7.101761e-02
    outer loop
      vertex   -1.832304e+02 -3.676955e+01 5.000000e+01
      vertex   -1.680857e+02 -2.816425e+01 3.750000e+01
      vertex   -1.516152e+02 -2.088478e+01 5.000000e+01
    endloop
  endfacet
  facet normal 4.335133e-01 -8.999131e-01 -4.714375e-02
    outer loop
      vertex   -1.516152e+02 -2.088478e+01 5.000000e+01
      vertex   -1.680857e+02 -2.816425e+01 3.750000e+01
      vertex   -1.600715e+02 -2.430354e+01 3.750000e+01
    endloop
  endfacet
  facet normal 4.335133e-01 -8.999131e-01 -4.714375e-02
    outer loop
      vertex   -1.516152e+02 -2.088478e+01 5.000000e+01
      vertex   -1.600715e+02 -2.430354e+01 3.750000e+01
      vertex   -1.520572e+02 -2.044283e+01 3.750000e+01
    endloop
  endfacet
  facet normal 4.332426e-01 -8.993511e-01 -5.889288e-02
    outer loop
      vertex   -1.520572e+02 -2.044283e+01 3.750000e+01
      vertex   -1.600715e+02 -2.430354e+01 3.750000e+01
      vertex   -1.606239e+02 -2.375111e+01 2.500000e+01
    endloop
  endfacet
  facet normal 4.186277e-01 -9.069479e-01 -4.686617e-02
    outer loop
      vertex   -1.520572e+02 -2.044283e+01 3.750000e+01
      vertex   -1.606239e+02 -2.375111e+01 2.500000e+01
      vertex   -1.524991e+02 -2.000089e+01 2.500000e+01
    endloop
  endfacet
  facet normal 4.183693e-01 -9.063881e-01 -5.854656e-02
    outer loop
      vertex   -1.524991e+02 -2.000089e+01 2.500000e+01
      vertex   -1.606239e+02 -2.375111e+01 2.500000e+01
      vertex   -1.611763e+02 -2.319869e+01 1.250000e+01
    endloop
  endfacet
  facet normal 4.038088e-01 -9.136568e-01 -4.657944e-02
    outer loop
      vertex   -1.524991e+02 -2.000089e+01 2.500000e+01
      vertex   -1.611763e+02 -2.319869e+01 1.250000e+01
      vertex   -1.529411e+02 -1.955895e+01 1.250000e+01
    endloop
  endfacet
  facet normal 4.035626e-01 -9.130998e-01 -5.818881e-02
    outer loop
      vertex   -1.529411e+02 -1.955895e+01 1.250000e+01
      vertex   -1.611763e+02 -2.319869e+01 1.250000e+01
      vertex   -1.614525e+02 -2.292247e+01 6.250000e+00
    endloop
  endfacet
  facet normal 3.964282e-01 -9.168908e-01 -4.643284e-02
    outer loop
      vertex   -1.529411e+02 -1.955895e+01 1.250000e+01
      vertex   -1.614525e+02 -2.292247e+01 6.250000e+00
      vertex   -1.531620e+02 -1.933798e+01 6.250000e+00
    endloop
  endfacet
  facet normal 3.964282e-01 -9.168908e-01 -4.643284e-02
    outer loop
      vertex   -1.531620e+02 -1.933798e+01 6.250000e+00
      vertex   -1.614525e+02 -2.292247e+01 6.250000e+00
      vertex   -1.533830e+02 -1.911701e+01 0.000000e+00
    endloop
  endfacet
  facet normal 3.964282e-01 -9.168908e-01 -4.643284e-02
    outer loop
      vertex   -1.531620e+02 -1.933798e+01 6.250000e+00
      vertex   -1.533830e+02 -1.911701e+01 0.000000e+00
      vertex   -1.490168e+02 -1.754573e+01 6.250000e+00
    endloop
  endfacet
  facet normal 3.964282e-01 -9.168908e-01 -4.643284e-02
    outer loop
      vertex   -1.490168e+02 -1.754573e+01 6.250000e+00
      vertex   -1.533830e+02 -1.911701e+01 0.000000e+00
      vertex   -1.448715e+02 -1.575348e+01 6.250000e+00
    endloop
  endfacet
  facet normal 3.966153e-01 -9.173235e-01 -3.484106e-02
    outer loop
      vertex   -1.490168e+02 -1.754573e+01 6.250000e+00
      vertex   -1.448715e+02 -1.575348e+01 6.250000e+00
      vertex   -1.447058e+02 -1.591921e+01 1.250000e+01
    endloop
  endfacet
  facet normal 4.040006e-01 -9.140908e-01 -3.495117e-02
    outer loop
      vertex   -1.447058e+02 -1.591921e+01 1.250000e+01
      vertex   -1.448715e+02 -1.575348e+01 6.250000e+00
      vertex   -1.405882e+02 -1.409934e+01 1.250000e+01
    endloop
  endfacet
  facet normal 4.040760e-01 -9.142614e-01 -2.913142e-02
    outer loop
      vertex   -1.447058e+02 -1.591921e+01 1.250000e+01
      vertex   -1.405882e+02 -1.409934e+01 1.250000e+01
      vertex   -1.403119e+02 -1.437556e+01 2.500000e+01
    endloop
  endfacet
  facet normal 4.189081e-01 -9.075554e-01 -2.931098e-02
    outer loop
      vertex   -1.403119e+02 -1.437556e+01 2.500000e+01
      vertex   -1.405882e+02 -1.409934e+01 1.250000e+01
      vertex   -1.362496e+02 -1.250045e+01 2.500000e+01
    endloop
  endfacet
  facet normal 4.189729e-01 -9.076958e-01 -2.345241e-02
    outer loop
      vertex   -1.403119e+02 -1.437556e+01 2.500000e+01
      vertex   -1.362496e+02 -1.250045e+01 2.500000e+01
      vertex   -1.360286e+02 -1.272142e+01 3.750000e+01
    endloop
  endfacet
  facet normal 4.172553e-01 -9.039745e-01 -9.342505e-02
    outer loop
      vertex   -1.867660e+02 -3.323402e+01 0.000000e+00
      vertex   -1.768734e+02 -3.125156e+01 2.500000e+01
      vertex   -1.832304e+02 -3.676955e+01 5.000000e+01
    endloop
  endfacet
  facet normal 4.474166e-01 -8.904864e-01 -8.277853e-02
    outer loop
      vertex   -1.832304e+02 -3.676955e+01 5.000000e+01
      vertex   -1.768734e+02 -3.125156e+01 2.500000e+01
      vertex   -1.761000e+02 -3.202496e+01 3.750000e+01
    endloop
  endfacet
  facet normal 4.320753e-01 -8.969279e-01 -9.397472e-02
    outer loop
      vertex   -1.832304e+02 -3.676955e+01 5.000000e+01
      vertex   -1.761000e+02 -3.202496e+01 3.750000e+01
      vertex   -1.680857e+02 -2.816425e+01 3.750000e+01
    endloop
  endfacet
  facet normal 4.325231e-01 -8.978576e-01 -8.231311e-02
    outer loop
      vertex   -1.680857e+02 -2.816425e+01 3.750000e+01
      vertex   -1.761000e+02 -3.202496e+01 3.750000e+01
      vertex   -1.768734e+02 -3.125156e+01 2.500000e+01
    endloop
  endfacet
  facet normal 4.180542e-01 -9.057054e-01 -7.020295e-02
    outer loop
      vertex   -1.680857e+02 -2.816425e+01 3.750000e+01
      vertex   -1.768734e+02 -3.125156e+01 2.500000e+01
      vertex   -1.687487e+02 -2.750134e+01 2.500000e+01
    endloop
  endfacet
  facet normal 4.176827e-01 -9.049005e-01 -8.183066e-02
    outer loop
      vertex   -1.687487e+02 -2.750134e+01 2.500000e+01
      vertex   -1.768734e+02 -3.125156e+01 2.500000e+01
      vertex   -1.776468e+02 -3.047816e+01 1.250000e+01
    endloop
  endfacet
  facet normal 4.032623e-01 -9.124204e-01 -6.977461e-02
    outer loop
      vertex   -1.687487e+02 -2.750134e+01 2.500000e+01
      vertex   -1.776468e+02 -3.047816e+01 1.250000e+01
      vertex   -1.694116e+02 -2.683843e+01 1.250000e+01
    endloop
  endfacet
  facet normal 4.029083e-01 -9.116194e-01 -8.133225e-02
    outer loop
      vertex   -1.694116e+02 -2.683843e+01 1.250000e+01
      vertex   -1.776468e+02 -3.047816e+01 1.250000e+01
      vertex   -1.780335e+02 -3.009146e+01 6.250000e+00
    endloop
  endfacet
  facet normal 3.958951e-01 -9.156577e-01 -6.955559e-02
    outer loop
      vertex   -1.694116e+02 -2.683843e+01 1.250000e+01
      vertex   -1.780335e+02 -3.009146e+01 6.250000e+00
      vertex   -1.697430e+02 -2.650697e+01 6.250000e+00
    endloop
  endfacet
  facet normal 3.951524e-01 -9.139398e-01 -9.256680e-02
    outer loop
      vertex   -1.697430e+02 -2.650697e+01 6.250000e+00
      vertex   -1.780335e+02 -3.009146e+01 6.250000e+00
      vertex   -1.867660e+02 -3.323402e+01 0.000000e+00
    endloop
  endfacet
  facet normal 3.885491e-01 -9.188158e-01 -6.933349e-02
    outer loop
      vertex   -1.697430e+02 -2.650697e+01 6.250000e+00
      vertex   -1.867660e+02 -3.323402e+01 0.000000e+00
      vertex   -1.533830e+02 -1.911701e+01 0.000000e+00
    endloop
  endfacet
  facet normal 3.893819e-01 -9.207852e-01 -2.316070e-02
    outer loop
      vertex   -1.200000e+02 -5.000000e+00 0.000000e+00
      vertex   -1.365810e+02 -1.216899e+01 6.250000e+00
      vertex   -1.533830e+02 -1.911701e+01 0.000000e+00
    endloop
  endfacet
  facet normal 3.964282e-01 -9.168908e-01 -4.643284e-02
    outer loop
      vertex   -1.533830e+02 -1.911701e+01 0.000000e+00
      vertex   -1.365810e+02 -1.216899e+01 6.250000e+00
      vertex   -1.407263e+02 -1.396124e+01 6.250000e+00
    endloop
  endfacet
  facet normal 3.964282e-01 -9.168908e-01 -4.643284e-02
    outer loop
      vertex   -1.533830e+02 -1.911701e+01 0.000000e+00
      vertex   -1.407263e+02 -1.396124e+01 6.250000e+00
      vertex   -1.448715e+02 -1.575348e+01 6.250000e+00
    endloop
  endfacet
  facet normal 3.966889e-01 -9.174937e-01 -2.903961e-02
    outer loop
      vertex   -1.448715e+02 -1.575348e+01 6.250000e+00
      vertex   -1.407263e+02 -1.396124e+01 6.250000e+00
      vertex   -1.405882e+02 -1.409934e+01 1.250000e+01
    endloop
  endfacet
  facet normal 4.335133e-01 -8.999131e-01 -4.714375e-02
    outer loop
      vertex   -1.440429e+02 -1.658213e+01 3.750000e+01
      vertex   -1.516152e+02 -2.088478e+01 5.000000e+01
      vertex   -1.480500e+02 -1.851248e+01 3.750000e+01
    endloop
  endfacet
  facet normal 4.335133e-01 -8.999131e-01 -4.714375e-02
    outer loop
      vertex   -1.480500e+02 -1.851248e+01 3.750000e+01
      vertex   -1.516152e+02 -2.088478e+01 5.000000e+01
      vertex   -1.520572e+02 -2.044283e+01 3.750000e+01
    endloop
  endfacet
  facet normal 4.335133e-01 -8.999131e-01 -4.714375e-02
    outer loop
      vertex   -1.480500e+02 -1.851248e+01 3.750000e+01
      vertex   -1.520572e+02 -2.044283e+01 3.750000e+01
      vertex   -1.524991e+02 -2.000089e+01 2.500000e+01
    endloop
  endfacet
  facet normal 3.964282e-01 -9.168908e-01 -4.643284e-02
    outer loop
      vertex   -1.697430e+02 -2.650697e+01 6.250000e+00
      vertex   -1.533830e+02 -1.911701e+01 0.000000e+00
      vertex   -1.614525e+02 -2.292247e+01 6.250000e+00
    endloop
  endfacet
  facet normal 4.489496e-01 -8.935374e-01 -5.933010e-03
    outer loop
      vertex   -1.240624e+02 -6.875111e+00 2.500000e+01
      vertex   -1.200000e+02 -5.000000e+00 5.000000e+01
      vertex   -1.240071e+02 -6.930354e+00 3.750000e+01
    endloop
  endfacet
  facet normal 4.339959e-01 -9.009148e-01 0.000000e+00
    outer loop
      vertex   -1.240071e+02 -6.930354e+00 3.750000e+01
      vertex   -1.200000e+02 -5.000000e+00 5.000000e+01
      vertex   -1.280143e+02 -8.860708e+00 3.750000e+01
    endloop
  endfacet
  facet normal 4.339657e-01 -9.008521e-01 -1.179823e-02
    outer loop
      vertex   -1.240071e+02 -6.930354e+00 3.750000e+01
      vertex   -1.280143e+02 -8.860708e+00 3.750000e+01
      vertex   -1.281248e+02 -8.750223e+00 2.500000e+01
    endloop
  endfacet
  facet normal 4.190594e-01 -9.078831e-01 -1.172863e-02
    outer loop
      vertex   -1.281248e+02 -8.750223e+00 2.500000e+01
      vertex   -1.280143e+02 -8.860708e+00 3.750000e+01
      vertex   -1.321872e+02 -1.062533e+01 2.500000e+01
    endloop
  endfacet
  facet normal 4.190234e-01 -9.078050e-01 -1.759143e-02
    outer loop
      vertex   -1.281248e+02 -8.750223e+00 2.500000e+01
      vertex   -1.321872e+02 -1.062533e+01 2.500000e+01
      vertex   -1.323529e+02 -1.045961e+01 1.250000e+01
    endloop
  endfacet
  facet normal 4.190810e-01 -9.079299e-01 -5.864615e-03
    outer loop
      vertex   -1.240071e+02 -6.930354e+00 3.750000e+01
      vertex   -1.281248e+02 -8.750223e+00 2.500000e+01
      vertex   -1.240624e+02 -6.875111e+00 2.500000e+01
    endloop
  endfacet
  facet normal 4.190594e-01 -9.078831e-01 -1.172863e-02
    outer loop
      vertex   -1.240624e+02 -6.875111e+00 2.500000e+01
      vertex   -1.281248e+02 -8.750223e+00 2.500000e+01
      vertex   -1.282353e+02 -8.639738e+00 1.250000e+01
    endloop
  endfacet
  facet normal 4.042407e-01 -9.146341e-01 -5.828658e-03
    outer loop
      vertex   -1.240624e+02 -6.875111e+00 2.500000e+01
      vertex   -1.282353e+02 -8.639738e+00 1.250000e+01
      vertex   -1.241176e+02 -6.819869e+00 1.250000e+01
    endloop
  endfacet
  facet normal 4.042201e-01 -9.145875e-01 -1.165672e-02
    outer loop
      vertex   -1.241176e+02 -6.819869e+00 1.250000e+01
      vertex   -1.282353e+02 -8.639738e+00 1.250000e+01
      vertex   -1.282905e+02 -8.584495e+00 6.250000e+00
    endloop
  endfacet
  facet normal 4.329124e-01 -8.986657e-01 -7.061759e-02
    outer loop
      vertex   -1.680857e+02 -2.816425e+01 3.750000e+01
      vertex   -1.687487e+02 -2.750134e+01 2.500000e+01
      vertex   -1.600715e+02 -2.430354e+01 3.750000e+01
    endloop
  endfacet
  facet normal 4.183693e-01 -9.063881e-01 -5.854656e-02
    outer loop
      vertex   -1.600715e+02 -2.430354e+01 3.750000e+01
      vertex   -1.687487e+02 -2.750134e+01 2.500000e+01
      vertex   -1.606239e+02 -2.375111e+01 2.500000e+01
    endloop
  endfacet
  facet normal 3.961881e-01 -9.163353e-01 -5.800588e-02
    outer loop
      vertex   -1.697430e+02 -2.650697e+01 6.250000e+00
      vertex   -1.614525e+02 -2.292247e+01 6.250000e+00
      vertex   -1.611763e+02 -2.319869e+01 1.250000e+01
    endloop
  endfacet
  facet normal 4.180542e-01 -9.057054e-01 -7.020295e-02
    outer loop
      vertex   -1.687487e+02 -2.750134e+01 2.500000e+01
      vertex   -1.694116e+02 -2.683843e+01 1.250000e+01
      vertex   -1.606239e+02 -2.375111e+01 2.500000e+01
    endloop
  endfacet
  facet normal 4.035626e-01 -9.130998e-01 -5.818881e-02
    outer loop
      vertex   -1.606239e+02 -2.375111e+01 2.500000e+01
      vertex   -1.694116e+02 -2.683843e+01 1.250000e+01
      vertex   -1.611763e+02 -2.319869e+01 1.250000e+01
    endloop
  endfacet
  facet normal 4.032623e-01 -9.124204e-01 -6.977461e-02
    outer loop
      vertex   -1.694116e+02 -2.683843e+01 1.250000e+01
      vertex   -1.697430e+02 -2.650697e+01 6.250000e+00
      vertex   -1.611763e+02 -2.319869e+01 1.250000e+01
    endloop
  endfacet
  facet normal 4.038088e-01 -9.136568e-01 -4.657944e-02
    outer loop
      vertex   -1.529411e+02 -1.955895e+01 1.250000e+01
      vertex   -1.531620e+02 -1.933798e+01 6.250000e+00
      vertex   -1.488234e+02 -1.773908e+01 1.250000e+01
    endloop
  endfacet
  facet normal 3.965284e-01 -9.171225e-01 -4.063900e-02
    outer loop
      vertex   -1.488234e+02 -1.773908e+01 1.250000e+01
      vertex   -1.531620e+02 -1.933798e+01 6.250000e+00
      vertex   -1.490168e+02 -1.754573e+01 6.250000e+00
    endloop
  endfacet
  facet normal 4.039115e-01 -9.138892e-01 -4.076738e-02
    outer loop
      vertex   -1.488234e+02 -1.773908e+01 1.250000e+01
      vertex   -1.490168e+02 -1.754573e+01 6.250000e+00
      vertex   -1.447058e+02 -1.591921e+01 1.250000e+01
    endloop
  endfacet
  facet normal 4.186277e-01 -9.069479e-01 -4.686617e-02
    outer loop
      vertex   -1.524991e+02 -2.000089e+01 2.500000e+01
      vertex   -1.529411e+02 -1.955895e+01 1.250000e+01
      vertex   -1.484367e+02 -1.812578e+01 2.500000e+01
    endloop
  endfacet
  facet normal 4.039115e-01 -9.138892e-01 -4.076738e-02
    outer loop
      vertex   -1.484367e+02 -1.812578e+01 2.500000e+01
      vertex   -1.529411e+02 -1.955895e+01 1.250000e+01
      vertex   -1.488234e+02 -1.773908e+01 1.250000e+01
    endloop
  endfacet
  facet normal 4.187355e-01 -9.071814e-01 -4.101846e-02
    outer loop
      vertex   -1.484367e+02 -1.812578e+01 2.500000e+01
      vertex   -1.488234e+02 -1.773908e+01 1.250000e+01
      vertex   -1.443743e+02 -1.625067e+01 2.500000e+01
    endloop
  endfacet
  facet normal 4.040006e-01 -9.140908e-01 -3.495117e-02
    outer loop
      vertex   -1.443743e+02 -1.625067e+01 2.500000e+01
      vertex   -1.488234e+02 -1.773908e+01 1.250000e+01
      vertex   -1.447058e+02 -1.591921e+01 1.250000e+01
    endloop
  endfacet
  facet normal 4.188290e-01 -9.073839e-01 -3.516653e-02
    outer loop
      vertex   -1.443743e+02 -1.625067e+01 2.500000e+01
      vertex   -1.447058e+02 -1.591921e+01 1.250000e+01
      vertex   -1.403119e+02 -1.437556e+01 2.500000e+01
    endloop
  endfacet
  facet normal 3.882123e-01 -9.180193e-01 -8.081896e-02
    outer loop
      vertex   -1.768734e+02 -3.125156e+01 2.500000e+01
      vertex   -1.867660e+02 -3.323402e+01 0.000000e+00
      vertex   -1.776468e+02 -3.047816e+01 1.250000e+01
    endloop
  endfacet
  facet normal 3.882123e-01 -9.180193e-01 -8.081896e-02
    outer loop
      vertex   -1.776468e+02 -3.047816e+01 1.250000e+01
      vertex   -1.867660e+02 -3.323402e+01 0.000000e+00
      vertex   -1.780335e+02 -3.009146e+01 6.250000e+00
    endloop
  endfacet
  facet normal 4.336263e-01 -9.001476e-01 -4.126153e-02
    outer loop
      vertex   -1.440429e+02 -1.658213e+01 3.750000e+01
      vertex   -1.480500e+02 -1.851248e+01 3.750000e+01
      vertex   -1.484367e+02 -1.812578e+01 2.500000e+01
    endloop
  endfacet
  facet normal 4.187355e-01 -9.071814e-01 -4.101846e-02
    outer loop
      vertex   -1.484367e+02 -1.812578e+01 2.500000e+01
      vertex   -1.480500e+02 -1.851248e+01 3.750000e+01
      vertex   -1.524991e+02 -2.000089e+01 2.500000e+01
    endloop
  endfacet
  facet normal 4.188290e-01 -9.073839e-01 -3.516653e-02
    outer loop
      vertex   -1.440429e+02 -1.658213e+01 3.750000e+01
      vertex   -1.484367e+02 -1.812578e+01 2.500000e+01
      vertex   -1.443743e+02 -1.625067e+01 2.500000e+01
    endloop
  endfacet
  facet normal 4.335133e-01 -8.999131e-01 -4.714375e-02
    outer loop
      vertex   -1.516152e+02 -2.088478e+01 5.000000e+01
      vertex   -1.440429e+02 -1.658213e+01 3.750000e+01
      vertex   -1.400357e+02 -1.465177e+01 3.750000e+01
    endloop
  endfacet
  facet normal 4.337243e-01 -9.003510e-01 -3.537501e-02
    outer loop
      vertex   -1.400357e+02 -1.465177e+01 3.750000e+01
      vertex   -1.440429e+02 -1.658213e+01 3.750000e+01
      vertex   -1.443743e+02 -1.625067e+01 2.500000e+01
    endloop
  endfacet
  facet normal 4.189081e-01 -9.075554e-01 -2.931098e-02
    outer loop
      vertex   -1.400357e+02 -1.465177e+01 3.750000e+01
      vertex   -1.443743e+02 -1.625067e+01 2.500000e+01
      vertex   -1.403119e+02 -1.437556e+01 2.500000e+01
    endloop
  endfacet
  facet normal 4.339279e-01 -9.007738e-01 -1.769581e-02
    outer loop
      vertex   -1.320214e+02 -1.079106e+01 3.750000e+01
      vertex   -1.321872e+02 -1.062533e+01 2.500000e+01
      vertex   -1.280143e+02 -8.860708e+00 3.750000e+01
    endloop
  endfacet
  facet normal 3.968295e-01 -9.178188e-01 -1.161996e-02
    outer loop
      vertex   -1.324358e+02 -1.037674e+01 6.250000e+00
      vertex   -1.282905e+02 -8.584495e+00 6.250000e+00
      vertex   -1.282353e+02 -8.639738e+00 1.250000e+01
    endloop
  endfacet
  facet normal 4.041858e-01 -9.145098e-01 -1.748360e-02
    outer loop
      vertex   -1.324358e+02 -1.037674e+01 6.250000e+00
      vertex   -1.282353e+02 -8.639738e+00 1.250000e+01
      vertex   -1.323529e+02 -1.045961e+01 1.250000e+01
    endloop
  endfacet
  facet normal 4.042201e-01 -9.145875e-01 -1.165672e-02
    outer loop
      vertex   -1.323529e+02 -1.045961e+01 1.250000e+01
      vertex   -1.282353e+02 -8.639738e+00 1.250000e+01
      vertex   -1.281248e+02 -8.750223e+00 2.500000e+01
    endloop
  endfacet
  facet normal 4.339959e-01 -9.009148e-01 0.000000e+00
    outer loop
      vertex   -1.320214e+02 -1.079106e+01 3.750000e+01
      vertex   -1.280143e+02 -8.860708e+00 3.750000e+01
      vertex   -1.200000e+02 -5.000000e+00 5.000000e+01
    endloop
  endfacet
  facet normal 4.338072e-01 -9.005232e-01 -2.948481e-02
    outer loop
      vertex   -1.400357e+02 -1.465177e+01 3.750000e+01
      vertex   -1.403119e+02 -1.437556e+01 2.500000e+01
      vertex   -1.360286e+02 -1.272142e+01 3.750000e+01
    endloop
  endfacet
  facet normal 3.967491e-01 -9.176330e-01 -2.323521e-02
    outer loop
      vertex   -1.407263e+02 -1.396124e+01 6.250000e+00
      vertex   -1.365810e+02 -1.216899e+01 6.250000e+00
      vertex   -1.364705e+02 -1.227948e+01 1.250000e+01
    endloop
  endfacet
  facet normal 4.040760e-01 -9.142614e-01 -2.913142e-02
    outer loop
      vertex   -1.407263e+02 -1.396124e+01 6.250000e+00
      vertex   -1.364705e+02 -1.227948e+01 1.250000e+01
      vertex   -1.405882e+02 -1.409934e+01 1.250000e+01
    endloop
  endfacet
  facet normal 4.041377e-01 -9.144011e-01 -2.330869e-02
    outer loop
      vertex   -1.405882e+02 -1.409934e+01 1.250000e+01
      vertex   -1.364705e+02 -1.227948e+01 1.250000e+01
      vertex   -1.362496e+02 -1.250045e+01 2.500000e+01
    endloop
  endfacet
  facet normal 4.335133e-01 -8.999131e-01 -4.714375e-02
    outer loop
      vertex   -1.516152e+02 -2.088478e+01 5.000000e+01
      vertex   -1.400357e+02 -1.465177e+01 3.750000e+01
      vertex   -1.360286e+02 -1.272142e+01 3.750000e+01
    endloop
  endfacet
  facet normal -1.490116e-08 0.000000e+00 1.000000e+00
    outer loop
      vertex   -1.200000e+02 5.000000e+00 5.000000e+01
      vertex   -1.700000e+02 0.000000e+00 5.000000e+01
      vertex   -1.200000e+02 -5.000000e+00 5.000000e+01
    endloop
  endfacet
  facet normal 0.000000e+00 1.490116e-07 1.000000e+00
    outer loop
      vertex   -1.200000e+02 -5.000000e+00 5.000000e+01
      vertex   -1.700000e+02 0.000000e+00 5.000000e+01
      vertex   -1.700000e+02 -5.000000e+00 5.000000e+01
    endloop
  endfacet
  facet normal 0.000000e+00 0.000000e+00 1.000000e+00
    outer loop
      vertex   -1.200000e+02 -5.000000e+00 5.000000e+01
      vertex   -1.700000e+02 -5.000000e+00 5.000000e+01
      vertex   -1.516152e+02 -2.088478e+01 5.000000e+01
    endloop
  endfacet
  facet normal 6.485856e-15 7.506623e-15 1.000000e+00
    outer loop
      vertex   -1.516152e+02 -2.088478e+01 5.000000e+01
      vertex   -1.700000e+02 -5.000000e+00 5.000000e+01
      vertex   -1.703223e+02 -5.668075e+00 5.000000e+01
    endloop
  endfacet
  facet normal -6.968215e-08 -8.566574e-08 1.000000e+00
    outer loop
      vertex   -1.516152e+02 -2.088478e+01 5.000000e+01
      vertex   -1.703223e+02 -5.668075e+00 5.000000e+01
      vertex   -1.743307e+02 -1.110483e+01 5.000000e+01
    endloop
  endfacet
  facet normal -2.689849e-07 6.127647e-08 1.000000e+00
    outer loop
      vertex   -1.743307e+02 -1.110483e+01 5.000000e+01
      vertex   -1.703223e+02 -5.668075e+00 5.000000e+01
      vertex   -1.740271e+02 -9.771849e+00 5.000000e+01
    endloop
  endfacet
  facet normal -1.113647e-07 -8.101798e-08 1.000000e+00
    outer loop
      vertex   -1.740271e+02 -9.771849e+00 5.000000e+01
      vertex   -1.703223e+02 -5.668075e+00 5.000000e+01
      vertex   -1.756389e+02 -7.556215e+00 5.000000e+01
    endloop
  endfacet
  facet normal 0.000000e+00 0.000000e+00 1.000000e+00
    outer loop
      vertex   -1.740271e+02 -9.771849e+00 5.000000e+01
      vertex   -1.756389e+02 -7.556215e+00 5.000000e+01
      vertex   -1.759834e+02 -9.356026e+00 5.000000e+01
    endloop
  endfacet
  facet normal 0.000000e+00 -1.490116e-07 1.000000e+00
    outer loop
      vertex   -1.700000e+02 0.000000e+00 5.000000e+01
      vertex   -1.200000e+02 5.000000e+00 5.000000e+01
      vertex   -1.700000e+02 5.000000e+00 5.000000e+01
    endloop
  endfacet
  facet normal 0.000000e+00 0.000000e+00 1.000000e+00
    outer loop
      vertex   -1.700000e+02 5.000000e+00 5.000000e+01
      vertex   -1.200000e+02 5.000000e+00 5.000000e+01
      vertex   -1.516152e+02 2.088478e+01 5.000000e+01
    endloop
  endfacet
  facet normal 0.000000e+00 -0.000000e+00 1.000000e+00
    outer loop
      vertex   -1.700000e+02 5.000000e+00 5.000000e+01
      vertex   -1.516152e+02 2.088478e+01 5.000000e+01
      vertex   -1.703223e+02 5.668075e+00 5.000000e+01
    endloop
  endfacet
  facet normal -8.515100e-08 1.046828e-07 1.000000e+00
    outer loop
      vertex   -1.703223e+02 5.668075e+00 5.000000e+01
      vertex   -1.516152e+02 2.088478e+01 5.000000e+01
      vertex   -1.740271e+02 9.771849e+00 5.000000e+01
    endloop
  endfacet
  facet normal -2.573901e-07 -5.080901e-08 1.000000e+00
    outer loop
      vertex   -1.703223e+02 5.668075e+00 5.000000e+01
      vertex   -1.740271e+02 9.771849e+00 5.000000e+01
      vertex   -1.737623e+02 8.430606e+00 5.000000e+01
    endloop
  endfacet
  facet normal -4.397126e-08 -8.751532e-08 1.000000e+00
    outer loop
      vertex   -1.832304e+02 3.676955e+01 5.000000e+01
      vertex   -1.819762e+02 2.762591e+01 5.000000e+01
      vertex   -1.516152e+02 2.088478e+01 5.000000e+01
    endloop
  endfacet
  facet normal -2.909076e-08 -2.049594e-08 1.000000e+00
    outer loop
      vertex   -1.516152e+02 2.088478e+01 5.000000e+01
      vertex   -1.819762e+02 2.762591e+01 5.000000e+01
      vertex   -1.811888e+02 2.650831e+01 5.000000e+01
    endloop
  endfacet
  facet normal -2.882076e-08 -1.907605e-08 1.000000e+00
    outer loop
      vertex   -1.516152e+02 2.088478e+01 5.000000e+01
      vertex   -1.811888e+02 2.650831e+01 5.000000e+01
      vertex   -1.804342e+02 2.536828e+01 5.000000e+01
    endloop
  endfacet
  facet normal 0.000000e+00 0.000000e+00 1.000000e+00
    outer loop
      vertex   -1.836608e+02 3.719489e+01 5.000000e+01
      vertex   -1.859001e+02 3.656768e+01 5.000000e+01
      vertex   -1.832304e+02 3.676955e+01 5.000000e+01
    endloop
  endfacet
  facet normal 2.304504e-08 -3.047634e-07 1.000000e+00
    outer loop
      vertex   -1.832304e+02 3.676955e+01 5.000000e+01
      vertex   -1.859001e+02 3.656768e+01 5.000000e+01
      vertex   -1.875483e+02 3.399834e+01 5.000000e+01
    endloop
  endfacet
  facet normal -1.043812e-07 -1.062191e-07 1.000000e+00
    outer loop
      vertex   -1.832304e+02 3.676955e+01 5.000000e+01
      vertex   -1.875483e+02 3.399834e+01 5.000000e+01
      vertex   -1.865732e+02 3.304011e+01 5.000000e+01
    endloop
  endfacet
  facet normal 0.000000e+00 0.000000e+00 1.000000e+00
    outer loop
      vertex   -1.836608e+02 3.719489e+01 5.000000e+01
      vertex   -1.840960e+02 3.761518e+01 5.000000e+01
      vertex   -1.859001e+02 3.656768e+01 5.000000e+01
    endloop
  endfacet
  facet normal 0.000000e+00 0.000000e+00 1.000000e+00
    outer loop
      vertex   -1.859001e+02 3.656768e+01 5.000000e+01
      vertex   -1.840960e+02 3.761518e+01 5.000000e+01
      vertex   -1.845361e+02 3.803039e+01 5.000000e+01
    endloop
  endfacet
  facet normal -1.685797e-07 -1.818372e-07 1.000000e+00
    outer loop
      vertex   -1.875483e+02 3.399834e+01 5.000000e+01
      vertex   -1.859001e+02 3.656768e+01 5.000000e+01
      vertex   -1.885509e+02 3.492781e+01 5.000000e+01
    endloop
  endfacet
  facet normal -2.772608e-07 -6.159760e-09 1.000000e+00
    outer loop
      vertex   -1.885509e+02 3.492781e+01 5.000000e+01
      vertex   -1.859001e+02 3.656768e+01 5.000000e+01
      vertex   -1.886401e+02 3.894296e+01 5.000000e+01
    endloop
  endfacet
  facet normal 0.000000e+00 0.000000e+00 1.000000e+00
    outer loop
      vertex   -1.885509e+02 3.492781e+01 5.000000e+01
      vertex   -1.886401e+02 3.894296e+01 5.000000e+01
      vertex   -1.927097e+02 3.578044e+01 5.000000e+01
    endloop
  endfacet
  facet normal 0.000000e+00 -0.000000e+00 1.000000e+00
    outer loop
      vertex   -1.927097e+02 3.578044e+01 5.000000e+01
      vertex   -1.886401e+02 3.894296e+01 5.000000e+01
      vertex   -1.930419e+02 3.850015e+01 5.000000e+01
    endloop
  endfacet
  facet normal 0.000000e+00 0.000000e+00 1.000000e+00
    outer loop
      vertex   -1.927097e+02 3.578044e+01 5.000000e+01
      vertex   -1.930419e+02 3.850015e+01 5.000000e+01
      vertex   -1.941891e+02 3.686184e+01 5.000000e+01
    endloop
  endfacet
  facet normal 0.000000e+00 0.000000e+00 1.000000e+00
    outer loop
      vertex   -1.886401e+02 3.894296e+01 5.000000e+01
      vertex   -1.915450e+02 4.111341e+01 5.000000e+01
      vertex   -1.930419e+02 3.850015e+01 5.000000e+01
    endloop
  endfacet
  facet normal 0.000000e+00 -0.000000e+00 1.000000e+00
    outer loop
      vertex   -1.930419e+02 3.850015e+01 5.000000e+01
      vertex   -1.915450e+02 4.111341e+01 5.000000e+01
      vertex   -1.941731e+02 3.926793e+01 5.000000e+01
    endloop
  endfacet
  facet normal 0.000000e+00 -0.000000e+00 1.000000e+00
    outer loop
      vertex   -1.941731e+02 3.926793e+01 5.000000e+01
      vertex   -1.915450e+02 4.111341e+01 5.000000e+01
      vertex   -1.953261e+02 4.000248e+01 5.000000e+01
    endloop
  endfacet
  facet normal 0.000000e+00 0.000000e+00 1.000000e+00
    outer loop
      vertex   -1.953261e+02 4.000248e+01 5.000000e+01
      vertex   -1.915450e+02 4.111341e+01 5.000000e+01
      vertex   -1.945996e+02 4.306761e+01 5.000000e+01
    endloop
  endfacet
  facet normal 0.000000e+00 -0.000000e+00 1.000000e+00
    outer loop
      vertex   -1.953261e+02 4.000248e+01 5.000000e+01
      vertex   -1.945996e+02 4.306761e+01 5.000000e+01
      vertex   -1.965000e+02 4.070319e+01 5.000000e+01
    endloop
  endfacet
  facet normal 0.000000e+00 -0.000000e+00 1.000000e+00
    outer loop
      vertex   -1.965000e+02 4.070319e+01 5.000000e+01
      vertex   -1.945996e+02 4.306761e+01 5.000000e+01
      vertex   -1.977878e+02 4.479528e+01 5.000000e+01
    endloop
  endfacet
  facet normal 0.000000e+00 0.000000e+00 1.000000e+00
    outer loop
      vertex   -1.965000e+02 4.070319e+01 5.000000e+01
      vertex   -1.977878e+02 4.479528e+01 5.000000e+01
      vertex   -2.016356e+02 4.326373e+01 5.000000e+01
    endloop
  endfacet
  facet normal 0.000000e+00 0.000000e+00 1.000000e+00
    outer loop
      vertex   -2.016356e+02 4.326373e+01 5.000000e+01
      vertex   -1.977878e+02 4.479528e+01 5.000000e+01
      vertex   -2.010928e+02 4.628734e+01 5.000000e+01
    endloop
  endfacet
  facet normal 0.000000e+00 -0.000000e+00 1.000000e+00
    outer loop
      vertex   -2.016356e+02 4.326373e+01 5.000000e+01
      vertex   -2.010928e+02 4.628734e+01 5.000000e+01
      vertex   -2.029017e+02 4.377955e+01 5.000000e+01
    endloop
  endfacet
  facet normal 0.000000e+00 -0.000000e+00 1.000000e+00
    outer loop
      vertex   -2.029017e+02 4.377955e+01 5.000000e+01
      vertex   -2.010928e+02 4.628734e+01 5.000000e+01
      vertex   -2.041823e+02 4.425833e+01 5.000000e+01
    endloop
  endfacet
  facet normal 0.000000e+00 -0.000000e+00 1.000000e+00
    outer loop
      vertex   -2.041823e+02 4.425833e+01 5.000000e+01
      vertex   -2.010928e+02 4.628734e+01 5.000000e+01
      vertex   -2.044973e+02 4.753594e+01 5.000000e+01
    endloop
  endfacet
  facet normal 0.000000e+00 0.000000e+00 1.000000e+00
    outer loop
      vertex   -2.041823e+02 4.425833e+01 5.000000e+01
      vertex   -2.044973e+02 4.753594e+01 5.000000e+01
      vertex   -2.054762e+02 4.469966e+01 5.000000e+01
    endloop
  endfacet
  facet normal 0.000000e+00 -0.000000e+00 1.000000e+00
    outer loop
      vertex   -2.054762e+02 4.469966e+01 5.000000e+01
      vertex   -2.044973e+02 4.753594e+01 5.000000e+01
      vertex   -2.079833e+02 4.853451e+01 5.000000e+01
    endloop
  endfacet
  facet normal 0.000000e+00 0.000000e+00 1.000000e+00
    outer loop
      vertex   -2.054762e+02 4.469966e+01 5.000000e+01
      vertex   -2.079833e+02 4.853451e+01 5.000000e+01
      vertex   -2.110320e+02 4.613648e+01 5.000000e+01
    endloop
  endfacet
  facet normal 0.000000e+00 -0.000000e+00 1.000000e+00
    outer loop
      vertex   -2.110320e+02 4.613648e+01 5.000000e+01
      vertex   -2.079833e+02 4.853451e+01 5.000000e+01
      vertex   -2.115325e+02 4.927780e+01 5.000000e+01
    endloop
  endfacet
  facet normal 0.000000e+00 0.000000e+00 1.000000e+00
    outer loop
      vertex   -2.110320e+02 4.613648e+01 5.000000e+01
      vertex   -2.115325e+02 4.927780e+01 5.000000e+01
      vertex   -2.123776e+02 4.637779e+01 5.000000e+01
    endloop
  endfacet
  facet normal 0.000000e+00 -0.000000e+00 1.000000e+00
    outer loop
      vertex   -2.123776e+02 4.637779e+01 5.000000e+01
      vertex   -2.115325e+02 4.927780e+01 5.000000e+01
      vertex   -2.137297e+02 4.657987e+01 5.000000e+01
    endloop
  endfacet
  facet normal 0.000000e+00 -0.000000e+00 1.000000e+00
    outer loop
      vertex   -2.137297e+02 4.657987e+01 5.000000e+01
      vertex   -2.115325e+02 4.927780e+01 5.000000e+01
      vertex   -2.151263e+02 4.976190e+01 5.000000e+01
    endloop
  endfacet
  facet normal 0.000000e+00 0.000000e+00 1.000000e+00
    outer loop
      vertex   -2.137297e+02 4.657987e+01 5.000000e+01
      vertex   -2.151263e+02 4.976190e+01 5.000000e+01
      vertex   -2.150872e+02 4.674253e+01 5.000000e+01
    endloop
  endfacet
  facet normal 0.000000e+00 0.000000e+00 1.000000e+00
    outer loop
      vertex   -2.150872e+02 4.674253e+01 5.000000e+01
      vertex   -2.151263e+02 4.976190e+01 5.000000e+01
      vertex   -2.187457e+02 4.998426e+01 5.000000e+01
    endloop
  endfacet
  facet normal 0.000000e+00 0.000000e+00 1.000000e+00
    outer loop
      vertex   -2.150872e+02 4.674253e+01 5.000000e+01
      vertex   -2.187457e+02 4.998426e+01 5.000000e+01
      vertex   -2.208203e+02 4.699284e+01 5.000000e+01
    endloop
  endfacet
  facet normal 0.000000e+00 -0.000000e+00 1.000000e+00
    outer loop
      vertex   -2.208203e+02 4.699284e+01 5.000000e+01
      vertex   -2.187457e+02 4.998426e+01 5.000000e+01
      vertex   -2.223717e+02 4.994372e+01 5.000000e+01
    endloop
  endfacet
  facet normal 0.000000e+00 0.000000e+00 1.000000e+00
    outer loop
      vertex   -2.208203e+02 4.699284e+01 5.000000e+01
      vertex   -2.223717e+02 4.994372e+01 5.000000e+01
      vertex   -2.221867e+02 4.694910e+01 5.000000e+01
    endloop
  endfacet
  facet normal 0.000000e+00 0.000000e+00 1.000000e+00
    outer loop
      vertex   -2.221867e+02 4.694910e+01 5.000000e+01
      vertex   -2.223717e+02 4.994372e+01 5.000000e+01
      vertex   -2.235513e+02 4.686564e+01 5.000000e+01
    endloop
  endfacet
  facet normal 0.000000e+00 -0.000000e+00 1.000000e+00
    outer loop
      vertex   -2.235513e+02 4.686564e+01 5.000000e+01
      vertex   -2.223717e+02 4.994372e+01 5.000000e+01
      vertex   -2.259852e+02 4.964048e+01 5.000000e+01
    endloop
  endfacet
  facet normal 0.000000e+00 0.000000e+00 1.000000e+00
    outer loop
      vertex   -2.235513e+02 4.686564e+01 5.000000e+01
      vertex   -2.259852e+02 4.964048e+01 5.000000e+01
      vertex   -2.249128e+02 4.674253e+01 5.000000e+01
    endloop
  endfacet
  facet normal 0.000000e+00 0.000000e+00 1.000000e+00
    outer loop
      vertex   -2.249128e+02 4.674253e+01 5.000000e+01
      vertex   -2.259852e+02 4.964048e+01 5.000000e+01
      vertex   -2.295672e+02 4.907615e+01 5.000000e+01
    endloop
  endfacet
  facet normal 0.000000e+00 0.000000e+00 1.000000e+00
    outer loop
      vertex   -2.249128e+02 4.674253e+01 5.000000e+01
      vertex   -2.295672e+02 4.907615e+01 5.000000e+01
      vertex   -2.305727e+02 4.579539e+01 5.000000e+01
    endloop
  endfacet
  facet normal 0.000000e+00 -0.000000e+00 1.000000e+00
    outer loop
      vertex   -2.305727e+02 4.579539e+01 5.000000e+01
      vertex   -2.295672e+02 4.907615e+01 5.000000e+01
      vertex   -2.330989e+02 4.825368e+01 5.000000e+01
    endloop
  endfacet
  facet normal 0.000000e+00 0.000000e+00 1.000000e+00
    outer loop
      vertex   -2.305727e+02 4.579539e+01 5.000000e+01
      vertex   -2.330989e+02 4.825368e+01 5.000000e+01
      vertex   -2.319002e+02 4.546852e+01 5.000000e+01
    endloop
  endfacet
  facet normal 0.000000e+00 0.000000e+00 1.000000e+00
    outer loop
      vertex   -2.319002e+02 4.546852e+01 5.000000e+01
      vertex   -2.330989e+02 4.825368e+01 5.000000e+01
      vertex   -2.332176e+02 4.510317e+01 5.000000e+01
    endloop
  endfacet
  facet normal 0.000000e+00 -0.000000e+00 1.000000e+00
    outer loop
      vertex   -2.332176e+02 4.510317e+01 5.000000e+01
      vertex   -2.330989e+02 4.825368e+01 5.000000e+01
      vertex   -2.365617e+02 4.717742e+01 5.000000e+01
    endloop
  endfacet
  facet normal 0.000000e+00 0.000000e+00 1.000000e+00
    outer loop
      vertex   -2.332176e+02 4.510317e+01 5.000000e+01
      vertex   -2.365617e+02 4.717742e+01 5.000000e+01
      vertex   -2.345238e+02 4.469966e+01 5.000000e+01
    endloop
  endfacet
  facet normal 0.000000e+00 0.000000e+00 1.000000e+00
    outer loop
      vertex   -2.345238e+02 4.469966e+01 5.000000e+01
      vertex   -2.365617e+02 4.717742e+01 5.000000e+01
      vertex   -2.399375e+02 4.585300e+01 5.000000e+01
    endloop
  endfacet
  facet normal 0.000000e+00 0.000000e+00 1.000000e+00
    outer loop
      vertex   -2.345238e+02 4.469966e+01 5.000000e+01
      vertex   -2.399375e+02 4.585300e+01 5.000000e+01
      vertex   -2.398631e+02 4.259647e+01 5.000000e+01
    endloop
  endfacet
  facet normal 0.000000e+00 0.000000e+00 1.000000e+00
    outer loop
      vertex   -2.398631e+02 4.259647e+01 5.000000e+01
      vertex   -2.399375e+02 4.585300e+01 5.000000e+01
      vertex   -2.432083e+02 4.428742e+01 5.000000e+01
    endloop
  endfacet
  facet normal 0.000000e+00 0.000000e+00 1.000000e+00
    outer loop
      vertex   -2.398631e+02 4.259647e+01 5.000000e+01
      vertex   -2.432083e+02 4.428742e+01 5.000000e+01
      vertex   -2.410936e+02 4.200073e+01 5.000000e+01
    endloop
  endfacet
  facet normal 0.000000e+00 0.000000e+00 1.000000e+00
    outer loop
      vertex   -2.410936e+02 4.200073e+01 5.000000e+01
      vertex   -2.432083e+02 4.428742e+01 5.000000e+01
      vertex   -2.423062e+02 4.136947e+01 5.000000e+01
    endloop
  endfacet
  facet normal 0.000000e+00 0.000000e+00 1.000000e+00
    outer loop
      vertex   -2.423062e+02 4.136947e+01 5.000000e+01
      vertex   -2.432083e+02 4.428742e+01 5.000000e+01
      vertex   -2.463571e+02 4.248889e+01 5.000000e+01
    endloop
  endfacet
  facet normal 0.000000e+00 0.000000e+00 1.000000e+00
    outer loop
      vertex   -2.423062e+02 4.136947e+01 5.000000e+01
      vertex   -2.463571e+02 4.248889e+01 5.000000e+01
      vertex   -2.435000e+02 4.070319e+01 5.000000e+01
    endloop
  endfacet
  facet normal 0.000000e+00 0.000000e+00 1.000000e+00
    outer loop
      vertex   -2.435000e+02 4.070319e+01 5.000000e+01
      vertex   -2.463571e+02 4.248889e+01 5.000000e+01
      vertex   -2.493672e+02 4.046687e+01 5.000000e+01
    endloop
  endfacet
  facet normal 0.000000e+00 0.000000e+00 1.000000e+00
    outer loop
      vertex   -2.435000e+02 4.070319e+01 5.000000e+01
      vertex   -2.493672e+02 4.046687e+01 5.000000e+01
      vertex   -2.440680e+02 3.802279e+01 5.000000e+01
    endloop
  endfacet
  facet normal 0.000000e+00 0.000000e+00 1.000000e+00
    outer loop
      vertex   -2.440680e+02 3.802279e+01 5.000000e+01
      vertex   -2.493672e+02 4.046687e+01 5.000000e+01
      vertex   -2.482853e+02 3.753587e+01 5.000000e+01
    endloop
  endfacet
  facet normal 0.000000e+00 0.000000e+00 1.000000e+00
    outer loop
      vertex   -2.440680e+02 3.802279e+01 5.000000e+01
      vertex   -2.482853e+02 3.753587e+01 5.000000e+01
      vertex   -2.455961e+02 3.701138e+01 5.000000e+01
    endloop
  endfacet
  facet normal 0.000000e+00 0.000000e+00 1.000000e+00
    outer loop
      vertex   -2.455961e+02 3.701138e+01 5.000000e+01
      vertex   -2.482853e+02 3.753587e+01 5.000000e+01
      vertex   -2.470817e+02 3.593860e+01 5.000000e+01
    endloop
  endfacet
  facet normal 0.000000e+00 0.000000e+00 1.000000e+00
    outer loop
      vertex   -2.493672e+02 4.046687e+01 5.000000e+01
      vertex   -2.522229e+02 3.823201e+01 5.000000e+01
      vertex   -2.482853e+02 3.753587e+01 5.000000e+01
    endloop
  endfacet
  facet normal 0.000000e+00 0.000000e+00 1.000000e+00
    outer loop
      vertex   -2.482853e+02 3.753587e+01 5.000000e+01
      vertex   -2.522229e+02 3.823201e+01 5.000000e+01
      vertex   -2.493651e+02 3.669732e+01 5.000000e+01
    endloop
  endfacet
  facet normal 0.000000e+00 0.000000e+00 1.000000e+00
    outer loop
      vertex   -2.493651e+02 3.669732e+01 5.000000e+01
      vertex   -2.522229e+02 3.823201e+01 5.000000e+01
      vertex   -2.504200e+02 3.582772e+01 5.000000e+01
    endloop
  endfacet
  facet normal 0.000000e+00 0.000000e+00 1.000000e+00
    outer loop
      vertex   -2.504200e+02 3.582772e+01 5.000000e+01
      vertex   -2.522229e+02 3.823201e+01 5.000000e+01
      vertex   -2.549091e+02 3.579606e+01 5.000000e+01
    endloop
  endfacet
  facet normal 0.000000e+00 0.000000e+00 1.000000e+00
    outer loop
      vertex   -2.504200e+02 3.582772e+01 5.000000e+01
      vertex   -2.549091e+02 3.579606e+01 5.000000e+01
      vertex   -2.514491e+02 3.492781e+01 5.000000e+01
    endloop
  endfacet
  facet normal 0.000000e+00 0.000000e+00 1.000000e+00
    outer loop
      vertex   -2.514491e+02 3.492781e+01 5.000000e+01
      vertex   -2.549091e+02 3.579606e+01 5.000000e+01
      vertex   -2.574116e+02 3.317183e+01 5.000000e+01
    endloop
  endfacet
  facet normal 0.000000e+00 0.000000e+00 1.000000e+00
    outer loop
      vertex   -2.514491e+02 3.492781e+01 5.000000e+01
      vertex   -2.574116e+02 3.317183e+01 5.000000e+01
      vertex   -2.514474e+02 3.218788e+01 5.000000e+01
    endloop
  endfacet
  facet normal 0.000000e+00 0.000000e+00 1.000000e+00
    outer loop
      vertex   -2.514474e+02 3.218788e+01 5.000000e+01
      vertex   -2.574116e+02 3.317183e+01 5.000000e+01
      vertex   -2.527318e+02 3.088087e+01 5.000000e+01
    endloop
  endfacet
  facet normal 0.000000e+00 0.000000e+00 1.000000e+00
    outer loop
      vertex   -2.527318e+02 3.088087e+01 5.000000e+01
      vertex   -2.574116e+02 3.317183e+01 5.000000e+01
      vertex   -2.554714e+02 3.083477e+01 5.000000e+01
    endloop
  endfacet
  facet normal 0.000000e+00 0.000000e+00 1.000000e+00
    outer loop
      vertex   -2.527318e+02 3.088087e+01 5.000000e+01
      vertex   -2.554714e+02 3.083477e+01 5.000000e+01
      vertex   -2.539619e+02 2.952266e+01 5.000000e+01
    endloop
  endfacet
  facet normal 0.000000e+00 0.000000e+00 1.000000e+00
    outer loop
      vertex   -2.574116e+02 3.317183e+01 5.000000e+01
      vertex   -2.597174e+02 3.037312e+01 5.000000e+01
      vertex   -2.554714e+02 3.083477e+01 5.000000e+01
    endloop
  endfacet
  facet normal 0.000000e+00 0.000000e+00 1.000000e+00
    outer loop
      vertex   -2.554714e+02 3.083477e+01 5.000000e+01
      vertex   -2.597174e+02 3.037312e+01 5.000000e+01
      vertex   -2.563532e+02 2.979006e+01 5.000000e+01
    endloop
  endfacet
  facet normal 0.000000e+00 0.000000e+00 1.000000e+00
    outer loop
      vertex   -2.563532e+02 2.979006e+01 5.000000e+01
      vertex   -2.597174e+02 3.037312e+01 5.000000e+01
      vertex   -2.572042e+02 2.872013e+01 5.000000e+01
    endloop
  endfacet
  facet normal 0.000000e+00 0.000000e+00 1.000000e+00
    outer loop
      vertex   -2.572042e+02 2.872013e+01 5.000000e+01
      vertex   -2.597174e+02 3.037312e+01 5.000000e+01
      vertex   -2.580238e+02 2.762591e+01 5.000000e+01
    endloop
  endfacet
  facet normal 0.000000e+00 0.000000e+00 1.000000e+00
    outer loop
      vertex   -2.580238e+02 2.762591e+01 5.000000e+01
      vertex   -2.597174e+02 3.037312e+01 5.000000e+01
      vertex   -2.618143e+02 2.741466e+01 5.000000e+01
    endloop
  endfacet
  facet normal 0.000000e+00 0.000000e+00 1.000000e+00
    outer loop
      vertex   -2.580238e+02 2.762591e+01 5.000000e+01
      vertex   -2.618143e+02 2.741466e+01 5.000000e+01
      vertex   -2.574525e+02 2.494621e+01 5.000000e+01
    endloop
  endfacet
  facet normal 0.000000e+00 0.000000e+00 1.000000e+00
    outer loop
      vertex   -2.574525e+02 2.494621e+01 5.000000e+01
      vertex   -2.618143e+02 2.741466e+01 5.000000e+01
      vertex   -2.636913e+02 2.431200e+01 5.000000e+01
    endloop
  endfacet
  facet normal 0.000000e+00 0.000000e+00 1.000000e+00
    outer loop
      vertex   -2.574525e+02 2.494621e+01 5.000000e+01
      vertex   -2.636913e+02 2.431200e+01 5.000000e+01
      vertex   -2.584370e+02 2.340073e+01 5.000000e+01
    endloop
  endfacet
  facet normal 0.000000e+00 0.000000e+00 1.000000e+00
    outer loop
      vertex   -2.584370e+02 2.340073e+01 5.000000e+01
      vertex   -2.636913e+02 2.431200e+01 5.000000e+01
      vertex   -2.611071e+02 2.278605e+01 5.000000e+01
    endloop
  endfacet
  facet normal 0.000000e+00 0.000000e+00 1.000000e+00
    outer loop
      vertex   -2.584370e+02 2.340073e+01 5.000000e+01
      vertex   -2.611071e+02 2.278605e+01 5.000000e+01
      vertex   -2.593579e+02 2.181643e+01 5.000000e+01
    endloop
  endfacet
  facet normal 0.000000e+00 0.000000e+00 1.000000e+00
    outer loop
      vertex   -2.611071e+02 2.278605e+01 5.000000e+01
      vertex   -2.636913e+02 2.431200e+01 5.000000e+01
      vertex   -2.617525e+02 2.158082e+01 5.000000e+01
    endloop
  endfacet
  facet normal 0.000000e+00 0.000000e+00 1.000000e+00
    outer loop
      vertex   -2.617525e+02 2.158082e+01 5.000000e+01
      vertex   -2.636913e+02 2.431200e+01 5.000000e+01
      vertex   -2.653384e+02 2.108147e+01 5.000000e+01
    endloop
  endfacet
  facet normal 0.000000e+00 0.000000e+00 1.000000e+00
    outer loop
      vertex   -2.617525e+02 2.158082e+01 5.000000e+01
      vertex   -2.653384e+02 2.108147e+01 5.000000e+01
      vertex   -2.623625e+02 2.035733e+01 5.000000e+01
    endloop
  endfacet
  facet normal 0.000000e+00 0.000000e+00 1.000000e+00
    outer loop
      vertex   -2.623625e+02 2.035733e+01 5.000000e+01
      vertex   -2.653384e+02 2.108147e+01 5.000000e+01
      vertex   -2.629366e+02 1.911662e+01 5.000000e+01
    endloop
  endfacet
  facet normal 0.000000e+00 0.000000e+00 1.000000e+00
    outer loop
      vertex   -2.629366e+02 1.911662e+01 5.000000e+01
      vertex   -2.653384e+02 2.108147e+01 5.000000e+01
      vertex   -2.667471e+02 1.774005e+01 5.000000e+01
    endloop
  endfacet
  facet normal 0.000000e+00 0.000000e+00 1.000000e+00
    outer loop
      vertex   -2.629366e+02 1.911662e+01 5.000000e+01
      vertex   -2.667471e+02 1.774005e+01 5.000000e+01
      vertex   -2.618206e+02 1.661428e+01 5.000000e+01
    endloop
  endfacet
  facet normal 0.000000e+00 0.000000e+00 1.000000e+00
    outer loop
      vertex   -2.618206e+02 1.661428e+01 5.000000e+01
      vertex   -2.667471e+02 1.774005e+01 5.000000e+01
      vertex   -2.624624e+02 1.489785e+01 5.000000e+01
    endloop
  endfacet
  facet normal 0.000000e+00 0.000000e+00 1.000000e+00
    outer loop
      vertex   -2.624624e+02 1.489785e+01 5.000000e+01
      vertex   -2.667471e+02 1.774005e+01 5.000000e+01
      vertex   -2.649463e+02 1.374147e+01 5.000000e+01
    endloop
  endfacet
  facet normal 0.000000e+00 0.000000e+00 1.000000e+00
    outer loop
      vertex   -2.624624e+02 1.489785e+01 5.000000e+01
      vertex   -2.649463e+02 1.374147e+01 5.000000e+01
      vertex   -2.630337e+02 1.315673e+01 5.000000e+01
    endloop
  endfacet
  facet normal 0.000000e+00 0.000000e+00 1.000000e+00
    outer loop
      vertex   -2.667471e+02 1.774005e+01 5.000000e+01
      vertex   -2.679099e+02 1.430532e+01 5.000000e+01
      vertex   -2.649463e+02 1.374147e+01 5.000000e+01
    endloop
  endfacet
  facet normal 0.000000e+00 0.000000e+00 1.000000e+00
    outer loop
      vertex   -2.649463e+02 1.374147e+01 5.000000e+01
      vertex   -2.679099e+02 1.430532e+01 5.000000e+01
      vertex   -2.653270e+02 1.242841e+01 5.000000e+01
    endloop
  endfacet
  facet normal 0.000000e+00 0.000000e+00 1.000000e+00
    outer loop
      vertex   -2.653270e+02 1.242841e+01 5.000000e+01
      vertex   -2.679099e+02 1.430532e+01 5.000000e+01
      vertex   -2.688207e+02 1.079535e+01 5.000000e+01
    endloop
  endfacet
  facet normal 0.000000e+00 0.000000e+00 1.000000e+00
    outer loop
      vertex   -2.653270e+02 1.242841e+01 5.000000e+01
      vertex   -2.688207e+02 1.079535e+01 5.000000e+01
      vertex   -2.656693e+02 1.110483e+01 5.000000e+01
    endloop
  endfacet
  facet normal 0.000000e+00 0.000000e+00 1.000000e+00
    outer loop
      vertex   -2.656693e+02 1.110483e+01 5.000000e+01
      vertex   -2.688207e+02 1.079535e+01 5.000000e+01
      vertex   -2.659729e+02 9.771849e+00 5.000000e+01
    endloop
  endfacet
  facet normal 0.000000e+00 0.000000e+00 1.000000e+00
    outer loop
      vertex   -2.659729e+02 9.771849e+00 5.000000e+01
      vertex   -2.688207e+02 1.079535e+01 5.000000e+01
      vertex   -2.694747e+02 7.228604e+00 5.000000e+01
    endloop
  endfacet
  facet normal 0.000000e+00 0.000000e+00 1.000000e+00
    outer loop
      vertex   -2.659729e+02 9.771849e+00 5.000000e+01
      vertex   -2.694747e+02 7.228604e+00 5.000000e+01
      vertex   -2.643611e+02 7.556215e+00 5.000000e+01
    endloop
  endfacet
  facet normal 0.000000e+00 0.000000e+00 1.000000e+00
    outer loop
      vertex   -2.643611e+02 7.556215e+00 5.000000e+01
      vertex   -2.694747e+02 7.228604e+00 5.000000e+01
      vertex   -2.646319e+02 5.743874e+00 5.000000e+01
    endloop
  endfacet
  facet normal 0.000000e+00 0.000000e+00 1.000000e+00
    outer loop
      vertex   -2.646319e+02 5.743874e+00 5.000000e+01
      vertex   -2.694747e+02 7.228604e+00 5.000000e+01
      vertex   -2.668212e+02 4.096320e+00 5.000000e+01
    endloop
  endfacet
  facet normal 0.000000e+00 0.000000e+00 1.000000e+00
    outer loop
      vertex   -2.646319e+02 5.743874e+00 5.000000e+01
      vertex   -2.668212e+02 4.096320e+00 5.000000e+01
      vertex   -2.648288e+02 3.922008e+00 5.000000e+01
    endloop
  endfacet
  facet normal 0.000000e+00 0.000000e+00 1.000000e+00
    outer loop
      vertex   -2.694747e+02 7.228604e+00 5.000000e+01
      vertex   -2.698685e+02 3.623832e+00 5.000000e+01
      vertex   -2.668212e+02 4.096320e+00 5.000000e+01
    endloop
  endfacet
  facet normal 0.000000e+00 0.000000e+00 1.000000e+00
    outer loop
      vertex   -2.668212e+02 4.096320e+00 5.000000e+01
      vertex   -2.698685e+02 3.623832e+00 5.000000e+01
      vertex   -2.669205e+02 2.732807e+00 5.000000e+01
    endloop
  endfacet
  facet normal 0.000000e+00 0.000000e+00 1.000000e+00
    outer loop
      vertex   -2.669205e+02 2.732807e+00 5.000000e+01
      vertex   -2.698685e+02 3.623832e+00 5.000000e+01
      vertex   -2.669801e+02 1.366982e+00 5.000000e+01
    endloop
  endfacet
  facet normal 0.000000e+00 0.000000e+00 1.000000e+00
    outer loop
      vertex   -2.669801e+02 1.366982e+00 5.000000e+01
      vertex   -2.698685e+02 3.623832e+00 5.000000e+01
      vertex   -2.700000e+02 -1.608123e-14 5.000000e+01
    endloop
  endfacet
  facet normal 0.000000e+00 0.000000e+00 1.000000e+00
    outer loop
      vertex   -2.669801e+02 1.366982e+00 5.000000e+01
      vertex   -2.700000e+02 -1.608123e-14 5.000000e+01
      vertex   -2.670000e+02 5.755840e-15 5.000000e+01
    endloop
  endfacet
  facet normal 0.000000e+00 0.000000e+00 1.000000e+00
    outer loop
      vertex   -2.670000e+02 5.755840e-15 5.000000e+01
      vertex   -2.700000e+02 -1.608123e-14 5.000000e+01
      vertex   -2.698685e+02 -3.623832e+00 5.000000e+01
    endloop
  endfacet
  facet normal 0.000000e+00 0.000000e+00 1.000000e+00
    outer loop
      vertex   -2.670000e+02 5.755840e-15 5.000000e+01
      vertex   -2.698685e+02 -3.623832e+00 5.000000e+01
      vertex   -2.649627e+02 -1.832089e+00 5.000000e+01
    endloop
  endfacet
  facet normal 0.000000e+00 0.000000e+00 1.000000e+00
    outer loop
      vertex   -2.649627e+02 -1.832089e+00 5.000000e+01
      vertex   -2.698685e+02 -3.623832e+00 5.000000e+01
      vertex   -2.648508e+02 -3.661140e+00 5.000000e+01
    endloop
  endfacet
  facet normal 0.000000e+00 0.000000e+00 1.000000e+00
    outer loop
      vertex   -2.648508e+02 -3.661140e+00 5.000000e+01
      vertex   -2.698685e+02 -3.623832e+00 5.000000e+01
      vertex   -2.666497e+02 -5.727859e+00 5.000000e+01
    endloop
  endfacet
  facet normal 0.000000e+00 0.000000e+00 1.000000e+00
    outer loop
      vertex   -2.648508e+02 -3.661140e+00 5.000000e+01
      vertex   -2.666497e+02 -5.727859e+00 5.000000e+01
      vertex   -2.646646e+02 -5.484120e+00 5.000000e+01
    endloop
  endfacet
  facet normal 0.000000e+00 0.000000e+00 1.000000e+00
    outer loop
      vertex   -2.698685e+02 -3.623832e+00 5.000000e+01
      vertex   -2.694747e+02 -7.228604e+00 5.000000e+01
      vertex   -2.666497e+02 -5.727859e+00 5.000000e+01
    endloop
  endfacet
  facet normal 0.000000e+00 0.000000e+00 1.000000e+00
    outer loop
      vertex   -2.666497e+02 -5.727859e+00 5.000000e+01
      vertex   -2.694747e+02 -7.228604e+00 5.000000e+01
      vertex   -2.664633e+02 -7.082228e+00 5.000000e+01
    endloop
  endfacet
  facet normal 0.000000e+00 0.000000e+00 1.000000e+00
    outer loop
      vertex   -2.664633e+02 -7.082228e+00 5.000000e+01
      vertex   -2.694747e+02 -7.228604e+00 5.000000e+01
      vertex   -2.662377e+02 -8.430606e+00 5.000000e+01
    endloop
  endfacet
  facet normal 0.000000e+00 0.000000e+00 1.000000e+00
    outer loop
      vertex   -2.662377e+02 -8.430606e+00 5.000000e+01
      vertex   -2.694747e+02 -7.228604e+00 5.000000e+01
      vertex   -2.688207e+02 -1.079535e+01 5.000000e+01
    endloop
  endfacet
  facet normal 0.000000e+00 0.000000e+00 1.000000e+00
    outer loop
      vertex   -2.662377e+02 -8.430606e+00 5.000000e+01
      vertex   -2.688207e+02 -1.079535e+01 5.000000e+01
      vertex   -2.659729e+02 -9.771849e+00 5.000000e+01
    endloop
  endfacet
  facet normal 0.000000e+00 0.000000e+00 1.000000e+00
    outer loop
      vertex   -2.659729e+02 -9.771849e+00 5.000000e+01
      vertex   -2.688207e+02 -1.079535e+01 5.000000e+01
      vertex   -2.635992e+02 -1.114032e+01 5.000000e+01
    endloop
  endfacet
  facet normal -0.000000e+00 0.000000e+00 1.000000e+00
    outer loop
      vertex   -2.659729e+02 -9.771849e+00 5.000000e+01
      vertex   -2.635992e+02 -1.114032e+01 5.000000e+01
      vertex   -2.640166e+02 -9.356026e+00 5.000000e+01
    endloop
  endfacet
  facet normal 0.000000e+00 0.000000e+00 1.000000e+00
    outer loop
      vertex   -2.688207e+02 -1.079535e+01 5.000000e+01
      vertex   -2.679099e+02 -1.430532e+01 5.000000e+01
      vertex   -2.635992e+02 -1.114032e+01 5.000000e+01
    endloop
  endfacet
  facet normal 0.000000e+00 0.000000e+00 1.000000e+00
    outer loop
      vertex   -2.635992e+02 -1.114032e+01 5.000000e+01
      vertex   -2.679099e+02 -1.430532e+01 5.000000e+01
      vertex   -2.631095e+02 -1.290615e+01 5.000000e+01
    endloop
  endfacet
  facet normal 0.000000e+00 0.000000e+00 1.000000e+00
    outer loop
      vertex   -2.631095e+02 -1.290615e+01 5.000000e+01
      vertex   -2.679099e+02 -1.430532e+01 5.000000e+01
      vertex   -2.644394e+02 -1.530170e+01 5.000000e+01
    endloop
  endfacet
  facet normal 0.000000e+00 0.000000e+00 1.000000e+00
    outer loop
      vertex   -2.631095e+02 -1.290615e+01 5.000000e+01
      vertex   -2.644394e+02 -1.530170e+01 5.000000e+01
      vertex   -2.625483e+02 -1.465057e+01 5.000000e+01
    endloop
  endfacet
  facet normal 0.000000e+00 0.000000e+00 1.000000e+00
    outer loop
      vertex   -2.679099e+02 -1.430532e+01 5.000000e+01
      vertex   -2.667471e+02 -1.774005e+01 5.000000e+01
      vertex   -2.644394e+02 -1.530170e+01 5.000000e+01
    endloop
  endfacet
  facet normal 0.000000e+00 0.000000e+00 1.000000e+00
    outer loop
      vertex   -2.644394e+02 -1.530170e+01 5.000000e+01
      vertex   -2.667471e+02 -1.774005e+01 5.000000e+01
      vertex   -2.639755e+02 -1.658774e+01 5.000000e+01
    endloop
  endfacet
  facet normal 0.000000e+00 0.000000e+00 1.000000e+00
    outer loop
      vertex   -2.639755e+02 -1.658774e+01 5.000000e+01
      vertex   -2.667471e+02 -1.774005e+01 5.000000e+01
      vertex   -2.634745e+02 -1.785973e+01 5.000000e+01
    endloop
  endfacet
  facet normal 0.000000e+00 0.000000e+00 1.000000e+00
    outer loop
      vertex   -2.634745e+02 -1.785973e+01 5.000000e+01
      vertex   -2.667471e+02 -1.774005e+01 5.000000e+01
      vertex   -2.629366e+02 -1.911662e+01 5.000000e+01
    endloop
  endfacet
  facet normal 0.000000e+00 0.000000e+00 1.000000e+00
    outer loop
      vertex   -2.629366e+02 -1.911662e+01 5.000000e+01
      vertex   -2.667471e+02 -1.774005e+01 5.000000e+01
      vertex   -2.653384e+02 -2.108147e+01 5.000000e+01
    endloop
  endfacet
  facet normal 0.000000e+00 0.000000e+00 1.000000e+00
    outer loop
      vertex   -2.629366e+02 -1.911662e+01 5.000000e+01
      vertex   -2.653384e+02 -2.108147e+01 5.000000e+01
      vertex   -2.603303e+02 -1.996167e+01 5.000000e+01
    endloop
  endfacet
  facet normal 0.000000e+00 0.000000e+00 1.000000e+00
    outer loop
      vertex   -2.603303e+02 -1.996167e+01 5.000000e+01
      vertex   -2.653384e+02 -2.108147e+01 5.000000e+01
      vertex   -2.594841e+02 -2.158709e+01 5.000000e+01
    endloop
  endfacet
  facet normal 0.000000e+00 0.000000e+00 1.000000e+00
    outer loop
      vertex   -2.594841e+02 -2.158709e+01 5.000000e+01
      vertex   -2.653384e+02 -2.108147e+01 5.000000e+01
      vertex   -2.636913e+02 -2.431200e+01 5.000000e+01
    endloop
  endfacet
  facet normal 0.000000e+00 0.000000e+00 1.000000e+00
    outer loop
      vertex   -2.594841e+02 -2.158709e+01 5.000000e+01
      vertex   -2.636913e+02 -2.431200e+01 5.000000e+01
      vertex   -2.602869e+02 -2.420679e+01 5.000000e+01
    endloop
  endfacet
  facet normal 0.000000e+00 0.000000e+00 1.000000e+00
    outer loop
      vertex   -2.602869e+02 -2.420679e+01 5.000000e+01
      vertex   -2.636913e+02 -2.431200e+01 5.000000e+01
      vertex   -2.595658e+02 -2.536828e+01 5.000000e+01
    endloop
  endfacet
  facet normal 0.000000e+00 0.000000e+00 1.000000e+00
    outer loop
      vertex   -2.595658e+02 -2.536828e+01 5.000000e+01
      vertex   -2.636913e+02 -2.431200e+01 5.000000e+01
      vertex   -2.618143e+02 -2.741466e+01 5.000000e+01
    endloop
  endfacet
  facet normal 0.000000e+00 0.000000e+00 1.000000e+00
    outer loop
      vertex   -2.595658e+02 -2.536828e+01 5.000000e+01
      vertex   -2.618143e+02 -2.741466e+01 5.000000e+01
      vertex   -2.588112e+02 -2.650831e+01 5.000000e+01
    endloop
  endfacet
  facet normal 0.000000e+00 0.000000e+00 1.000000e+00
    outer loop
      vertex   -2.588112e+02 -2.650831e+01 5.000000e+01
      vertex   -2.618143e+02 -2.741466e+01 5.000000e+01
      vertex   -2.580238e+02 -2.762591e+01 5.000000e+01
    endloop
  endfacet
  facet normal 0.000000e+00 0.000000e+00 1.000000e+00
    outer loop
      vertex   -2.580238e+02 -2.762591e+01 5.000000e+01
      vertex   -2.618143e+02 -2.741466e+01 5.000000e+01
      vertex   -2.597174e+02 -3.037312e+01 5.000000e+01
    endloop
  endfacet
  facet normal 0.000000e+00 0.000000e+00 1.000000e+00
    outer loop
      vertex   -2.580238e+02 -2.762591e+01 5.000000e+01
      vertex   -2.597174e+02 -3.037312e+01 5.000000e+01
      vertex   -2.552987e+02 -2.791060e+01 5.000000e+01
    endloop
  endfacet
  facet normal 0.000000e+00 0.000000e+00 1.000000e+00
    outer loop
      vertex   -2.552987e+02 -2.791060e+01 5.000000e+01
      vertex   -2.597174e+02 -3.037312e+01 5.000000e+01
      vertex   -2.541331e+02 -2.932458e+01 5.000000e+01
    endloop
  endfacet
  facet normal 0.000000e+00 0.000000e+00 1.000000e+00
    outer loop
      vertex   -2.541331e+02 -2.932458e+01 5.000000e+01
      vertex   -2.597174e+02 -3.037312e+01 5.000000e+01
      vertex   -2.543736e+02 -3.205392e+01 5.000000e+01
    endloop
  endfacet
  facet normal 0.000000e+00 0.000000e+00 1.000000e+00
    outer loop
      vertex   -2.541331e+02 -2.932458e+01 5.000000e+01
      vertex   -2.543736e+02 -3.205392e+01 5.000000e+01
      vertex   -2.529109e+02 -3.068993e+01 5.000000e+01
    endloop
  endfacet
  facet normal 0.000000e+00 0.000000e+00 1.000000e+00
    outer loop
      vertex   -2.597174e+02 -3.037312e+01 5.000000e+01
      vertex   -2.574116e+02 -3.317183e+01 5.000000e+01
      vertex   -2.543736e+02 -3.205392e+01 5.000000e+01
    endloop
  endfacet
  facet normal 0.000000e+00 0.000000e+00 1.000000e+00
    outer loop
      vertex   -2.543736e+02 -3.205392e+01 5.000000e+01
      vertex   -2.574116e+02 -3.317183e+01 5.000000e+01
      vertex   -2.534268e+02 -3.304011e+01 5.000000e+01
    endloop
  endfacet
  facet normal 0.000000e+00 0.000000e+00 1.000000e+00
    outer loop
      vertex   -2.534268e+02 -3.304011e+01 5.000000e+01
      vertex   -2.574116e+02 -3.317183e+01 5.000000e+01
      vertex   -2.549091e+02 -3.579606e+01 5.000000e+01
    endloop
  endfacet
  facet normal 0.000000e+00 0.000000e+00 1.000000e+00
    outer loop
      vertex   -2.534268e+02 -3.304011e+01 5.000000e+01
      vertex   -2.549091e+02 -3.579606e+01 5.000000e+01
      vertex   -2.524517e+02 -3.399834e+01 5.000000e+01
    endloop
  endfacet
  facet normal 0.000000e+00 0.000000e+00 1.000000e+00
    outer loop
      vertex   -2.524517e+02 -3.399834e+01 5.000000e+01
      vertex   -2.549091e+02 -3.579606e+01 5.000000e+01
      vertex   -2.514491e+02 -3.492781e+01 5.000000e+01
    endloop
  endfacet
  facet normal 0.000000e+00 0.000000e+00 1.000000e+00
    outer loop
      vertex   -2.514491e+02 -3.492781e+01 5.000000e+01
      vertex   -2.549091e+02 -3.579606e+01 5.000000e+01
      vertex   -2.522229e+02 -3.823201e+01 5.000000e+01
    endloop
  endfacet
  facet normal 0.000000e+00 0.000000e+00 1.000000e+00
    outer loop
      vertex   -2.514491e+02 -3.492781e+01 5.000000e+01
      vertex   -2.522229e+02 -3.823201e+01 5.000000e+01
      vertex   -2.472903e+02 -3.578044e+01 5.000000e+01
    endloop
  endfacet
  facet normal 0.000000e+00 0.000000e+00 1.000000e+00
    outer loop
      vertex   -2.472903e+02 -3.578044e+01 5.000000e+01
      vertex   -2.522229e+02 -3.823201e+01 5.000000e+01
      vertex   -2.469581e+02 -3.850015e+01 5.000000e+01
    endloop
  endfacet
  facet normal 0.000000e+00 0.000000e+00 1.000000e+00
    outer loop
      vertex   -2.472903e+02 -3.578044e+01 5.000000e+01
      vertex   -2.469581e+02 -3.850015e+01 5.000000e+01
      vertex   -2.458109e+02 -3.686184e+01 5.000000e+01
    endloop
  endfacet
  facet normal 0.000000e+00 0.000000e+00 1.000000e+00
    outer loop
      vertex   -2.522229e+02 -3.823201e+01 5.000000e+01
      vertex   -2.493672e+02 -4.046687e+01 5.000000e+01
      vertex   -2.469581e+02 -3.850015e+01 5.000000e+01
    endloop
  endfacet
  facet normal 0.000000e+00 0.000000e+00 1.000000e+00
    outer loop
      vertex   -2.469581e+02 -3.850015e+01 5.000000e+01
      vertex   -2.493672e+02 -4.046687e+01 5.000000e+01
      vertex   -2.458269e+02 -3.926793e+01 5.000000e+01
    endloop
  endfacet
  facet normal 0.000000e+00 0.000000e+00 1.000000e+00
    outer loop
      vertex   -2.458269e+02 -3.926793e+01 5.000000e+01
      vertex   -2.493672e+02 -4.046687e+01 5.000000e+01
      vertex   -2.446739e+02 -4.000248e+01 5.000000e+01
    endloop
  endfacet
  facet normal 0.000000e+00 0.000000e+00 1.000000e+00
    outer loop
      vertex   -2.446739e+02 -4.000248e+01 5.000000e+01
      vertex   -2.493672e+02 -4.046687e+01 5.000000e+01
      vertex   -2.463571e+02 -4.248889e+01 5.000000e+01
    endloop
  endfacet
  facet normal 0.000000e+00 0.000000e+00 1.000000e+00
    outer loop
      vertex   -2.446739e+02 -4.000248e+01 5.000000e+01
      vertex   -2.463571e+02 -4.248889e+01 5.000000e+01
      vertex   -2.435000e+02 -4.070319e+01 5.000000e+01
    endloop
  endfacet
  facet normal 0.000000e+00 0.000000e+00 1.000000e+00
    outer loop
      vertex   -2.435000e+02 -4.070319e+01 5.000000e+01
      vertex   -2.463571e+02 -4.248889e+01 5.000000e+01
      vertex   -2.432083e+02 -4.428742e+01 5.000000e+01
    endloop
  endfacet
  facet normal -0.000000e+00 0.000000e+00 1.000000e+00
    outer loop
      vertex   -2.435000e+02 -4.070319e+01 5.000000e+01
      vertex   -2.432083e+02 -4.428742e+01 5.000000e+01
      vertex   -2.392548e+02 -4.067252e+01 5.000000e+01
    endloop
  endfacet
  facet normal 0.000000e+00 0.000000e+00 1.000000e+00
    outer loop
      vertex   -2.392548e+02 -4.067252e+01 5.000000e+01
      vertex   -2.432083e+02 -4.428742e+01 5.000000e+01
      vertex   -2.383644e+02 -4.326373e+01 5.000000e+01
    endloop
  endfacet
  facet normal 0.000000e+00 0.000000e+00 1.000000e+00
    outer loop
      vertex   -2.392548e+02 -4.067252e+01 5.000000e+01
      vertex   -2.383644e+02 -4.326373e+01 5.000000e+01
      vertex   -2.375829e+02 -4.142272e+01 5.000000e+01
    endloop
  endfacet
  facet normal -0.000000e+00 0.000000e+00 1.000000e+00
    outer loop
      vertex   -2.432083e+02 -4.428742e+01 5.000000e+01
      vertex   -2.399375e+02 -4.585300e+01 5.000000e+01
      vertex   -2.383644e+02 -4.326373e+01 5.000000e+01
    endloop
  endfacet
  facet normal 0.000000e+00 0.000000e+00 1.000000e+00
    outer loop
      vertex   -2.383644e+02 -4.326373e+01 5.000000e+01
      vertex   -2.399375e+02 -4.585300e+01 5.000000e+01
      vertex   -2.370983e+02 -4.377955e+01 5.000000e+01
    endloop
  endfacet
  facet normal 0.000000e+00 0.000000e+00 1.000000e+00
    outer loop
      vertex   -2.370983e+02 -4.377955e+01 5.000000e+01
      vertex   -2.399375e+02 -4.585300e+01 5.000000e+01
      vertex   -2.358177e+02 -4.425833e+01 5.000000e+01
    endloop
  endfacet
  facet normal 0.000000e+00 0.000000e+00 1.000000e+00
    outer loop
      vertex   -2.358177e+02 -4.425833e+01 5.000000e+01
      vertex   -2.399375e+02 -4.585300e+01 5.000000e+01
      vertex   -2.365617e+02 -4.717742e+01 5.000000e+01
    endloop
  endfacet
  facet normal 0.000000e+00 0.000000e+00 1.000000e+00
    outer loop
      vertex   -2.358177e+02 -4.425833e+01 5.000000e+01
      vertex   -2.365617e+02 -4.717742e+01 5.000000e+01
      vertex   -2.345238e+02 -4.469966e+01 5.000000e+01
    endloop
  endfacet
  facet normal 0.000000e+00 0.000000e+00 1.000000e+00
    outer loop
      vertex   -2.345238e+02 -4.469966e+01 5.000000e+01
      vertex   -2.365617e+02 -4.717742e+01 5.000000e+01
      vertex   -2.330989e+02 -4.825368e+01 5.000000e+01
    endloop
  endfacet
  facet normal 0.000000e+00 0.000000e+00 1.000000e+00
    outer loop
      vertex   -2.345238e+02 -4.469966e+01 5.000000e+01
      vertex   -2.330989e+02 -4.825368e+01 5.000000e+01
      vertex   -2.289680e+02 -4.613648e+01 5.000000e+01
    endloop
  endfacet
  facet normal 0.000000e+00 0.000000e+00 1.000000e+00
    outer loop
      vertex   -2.289680e+02 -4.613648e+01 5.000000e+01
      vertex   -2.330989e+02 -4.825368e+01 5.000000e+01
      vertex   -2.295672e+02 -4.907615e+01 5.000000e+01
    endloop
  endfacet
  facet normal 0.000000e+00 0.000000e+00 1.000000e+00
    outer loop
      vertex   -2.289680e+02 -4.613648e+01 5.000000e+01
      vertex   -2.295672e+02 -4.907615e+01 5.000000e+01
      vertex   -2.276224e+02 -4.637779e+01 5.000000e+01
    endloop
  endfacet
  facet normal 0.000000e+00 0.000000e+00 1.000000e+00
    outer loop
      vertex   -2.276224e+02 -4.637779e+01 5.000000e+01
      vertex   -2.295672e+02 -4.907615e+01 5.000000e+01
      vertex   -2.262703e+02 -4.657987e+01 5.000000e+01
    endloop
  endfacet
  facet normal 0.000000e+00 0.000000e+00 1.000000e+00
    outer loop
      vertex   -2.262703e+02 -4.657987e+01 5.000000e+01
      vertex   -2.295672e+02 -4.907615e+01 5.000000e+01
      vertex   -2.259852e+02 -4.964048e+01 5.000000e+01
    endloop
  endfacet
  facet normal 0.000000e+00 0.000000e+00 1.000000e+00
    outer loop
      vertex   -2.262703e+02 -4.657987e+01 5.000000e+01
      vertex   -2.259852e+02 -4.964048e+01 5.000000e+01
      vertex   -2.249128e+02 -4.674253e+01 5.000000e+01
    endloop
  endfacet
  facet normal 0.000000e+00 0.000000e+00 1.000000e+00
    outer loop
      vertex   -2.249128e+02 -4.674253e+01 5.000000e+01
      vertex   -2.259852e+02 -4.964048e+01 5.000000e+01
      vertex   -2.223717e+02 -4.994372e+01 5.000000e+01
    endloop
  endfacet
  facet normal 0.000000e+00 0.000000e+00 1.000000e+00
    outer loop
      vertex   -2.249128e+02 -4.674253e+01 5.000000e+01
      vertex   -2.223717e+02 -4.994372e+01 5.000000e+01
      vertex   -2.191797e+02 -4.699284e+01 5.000000e+01
    endloop
  endfacet
  facet normal 0.000000e+00 0.000000e+00 1.000000e+00
    outer loop
      vertex   -2.191797e+02 -4.699284e+01 5.000000e+01
      vertex   -2.223717e+02 -4.994372e+01 5.000000e+01
      vertex   -2.187457e+02 -4.998426e+01 5.000000e+01
    endloop
  endfacet
  facet normal -0.000000e+00 0.000000e+00 1.000000e+00
    outer loop
      vertex   -2.191797e+02 -4.699284e+01 5.000000e+01
      vertex   -2.187457e+02 -4.998426e+01 5.000000e+01
      vertex   -2.178133e+02 -4.694910e+01 5.000000e+01
    endloop
  endfacet
  facet normal 0.000000e+00 0.000000e+00 1.000000e+00
    outer loop
      vertex   -2.178133e+02 -4.694910e+01 5.000000e+01
      vertex   -2.187457e+02 -4.998426e+01 5.000000e+01
      vertex   -2.151263e+02 -4.976190e+01 5.000000e+01
    endloop
  endfacet
  facet normal -0.000000e+00 0.000000e+00 1.000000e+00
    outer loop
      vertex   -2.178133e+02 -4.694910e+01 5.000000e+01
      vertex   -2.151263e+02 -4.976190e+01 5.000000e+01
      vertex   -2.164487e+02 -4.686564e+01 5.000000e+01
    endloop
  endfacet
  facet normal -0.000000e+00 0.000000e+00 1.000000e+00
    outer loop
      vertex   -2.164487e+02 -4.686564e+01 5.000000e+01
      vertex   -2.151263e+02 -4.976190e+01 5.000000e+01
      vertex   -2.150872e+02 -4.674253e+01 5.000000e+01
    endloop
  endfacet
  facet normal 0.000000e+00 0.000000e+00 1.000000e+00
    outer loop
      vertex   -2.150872e+02 -4.674253e+01 5.000000e+01
      vertex   -2.151263e+02 -4.976190e+01 5.000000e+01
      vertex   -2.115325e+02 -4.927780e+01 5.000000e+01
    endloop
  endfacet
  facet normal -0.000000e+00 0.000000e+00 1.000000e+00
    outer loop
      vertex   -2.150872e+02 -4.674253e+01 5.000000e+01
      vertex   -2.115325e+02 -4.927780e+01 5.000000e+01
      vertex   -2.094273e+02 -4.579539e+01 5.000000e+01
    endloop
  endfacet
  facet normal 0.000000e+00 0.000000e+00 1.000000e+00
    outer loop
      vertex   -2.094273e+02 -4.579539e+01 5.000000e+01
      vertex   -2.115325e+02 -4.927780e+01 5.000000e+01
      vertex   -2.079833e+02 -4.853451e+01 5.000000e+01
    endloop
  endfacet
  facet normal -0.000000e+00 0.000000e+00 1.000000e+00
    outer loop
      vertex   -2.094273e+02 -4.579539e+01 5.000000e+01
      vertex   -2.079833e+02 -4.853451e+01 5.000000e+01
      vertex   -2.080998e+02 -4.546852e+01 5.000000e+01
    endloop
  endfacet
  facet normal 0.000000e+00 0.000000e+00 1.000000e+00
    outer loop
      vertex   -2.080998e+02 -4.546852e+01 5.000000e+01
      vertex   -2.079833e+02 -4.853451e+01 5.000000e+01
      vertex   -2.044973e+02 -4.753594e+01 5.000000e+01
    endloop
  endfacet
  facet normal -0.000000e+00 0.000000e+00 1.000000e+00
    outer loop
      vertex   -2.080998e+02 -4.546852e+01 5.000000e+01
      vertex   -2.044973e+02 -4.753594e+01 5.000000e+01
      vertex   -2.067824e+02 -4.510317e+01 5.000000e+01
    endloop
  endfacet
  facet normal -0.000000e+00 0.000000e+00 1.000000e+00
    outer loop
      vertex   -2.067824e+02 -4.510317e+01 5.000000e+01
      vertex   -2.044973e+02 -4.753594e+01 5.000000e+01
      vertex   -2.054762e+02 -4.469966e+01 5.000000e+01
    endloop
  endfacet
  facet normal 0.000000e+00 0.000000e+00 1.000000e+00
    outer loop
      vertex   -2.054762e+02 -4.469966e+01 5.000000e+01
      vertex   -2.044973e+02 -4.753594e+01 5.000000e+01
      vertex   -2.010928e+02 -4.628734e+01 5.000000e+01
    endloop
  endfacet
  facet normal -0.000000e+00 0.000000e+00 1.000000e+00
    outer loop
      vertex   -2.054762e+02 -4.469966e+01 5.000000e+01
      vertex   -2.010928e+02 -4.628734e+01 5.000000e+01
      vertex   -2.001369e+02 -4.259647e+01 5.000000e+01
    endloop
  endfacet
  facet normal 0.000000e+00 0.000000e+00 1.000000e+00
    outer loop
      vertex   -2.001369e+02 -4.259647e+01 5.000000e+01
      vertex   -2.010928e+02 -4.628734e+01 5.000000e+01
      vertex   -1.977878e+02 -4.479528e+01 5.000000e+01
    endloop
  endfacet
  facet normal -0.000000e+00 0.000000e+00 1.000000e+00
    outer loop
      vertex   -2.001369e+02 -4.259647e+01 5.000000e+01
      vertex   -1.977878e+02 -4.479528e+01 5.000000e+01
      vertex   -1.989064e+02 -4.200073e+01 5.000000e+01
    endloop
  endfacet
  facet normal 0.000000e+00 0.000000e+00 1.000000e+00
    outer loop
      vertex   -1.989064e+02 -4.200073e+01 5.000000e+01
      vertex   -1.977878e+02 -4.479528e+01 5.000000e+01
      vertex   -1.945996e+02 -4.306761e+01 5.000000e+01
    endloop
  endfacet
  facet normal -0.000000e+00 0.000000e+00 1.000000e+00
    outer loop
      vertex   -1.989064e+02 -4.200073e+01 5.000000e+01
      vertex   -1.945996e+02 -4.306761e+01 5.000000e+01
      vertex   -1.976938e+02 -4.136947e+01 5.000000e+01
    endloop
  endfacet
  facet normal -0.000000e+00 0.000000e+00 1.000000e+00
    outer loop
      vertex   -1.976938e+02 -4.136947e+01 5.000000e+01
      vertex   -1.945996e+02 -4.306761e+01 5.000000e+01
      vertex   -1.965000e+02 -4.070319e+01 5.000000e+01
    endloop
  endfacet
  facet normal 0.000000e+00 0.000000e+00 1.000000e+00
    outer loop
      vertex   -1.965000e+02 -4.070319e+01 5.000000e+01
      vertex   -1.945996e+02 -4.306761e+01 5.000000e+01
      vertex   -1.915450e+02 -4.111341e+01 5.000000e+01
    endloop
  endfacet
  facet normal -0.000000e+00 0.000000e+00 1.000000e+00
    outer loop
      vertex   -1.965000e+02 -4.070319e+01 5.000000e+01
      vertex   -1.915450e+02 -4.111341e+01 5.000000e+01
      vertex   -1.959320e+02 -3.802279e+01 5.000000e+01
    endloop
  endfacet
  facet normal -0.000000e+00 0.000000e+00 1.000000e+00
    outer loop
      vertex   -1.959320e+02 -3.802279e+01 5.000000e+01
      vertex   -1.915450e+02 -4.111341e+01 5.000000e+01
      vertex   -1.917147e+02 -3.753587e+01 5.000000e+01
    endloop
  endfacet
  facet normal 0.000000e+00 0.000000e+00 1.000000e+00
    outer loop
      vertex   -1.959320e+02 -3.802279e+01 5.000000e+01
      vertex   -1.917147e+02 -3.753587e+01 5.000000e+01
      vertex   -1.944039e+02 -3.701138e+01 5.000000e+01
    endloop
  endfacet
  facet normal -0.000000e+00 0.000000e+00 1.000000e+00
    outer loop
      vertex   -1.944039e+02 -3.701138e+01 5.000000e+01
      vertex   -1.917147e+02 -3.753587e+01 5.000000e+01
      vertex   -1.929183e+02 -3.593860e+01 5.000000e+01
    endloop
  endfacet
  facet normal 0.000000e+00 -0.000000e+00 1.000000e+00
    outer loop
      vertex   -1.915450e+02 -4.111341e+01 5.000000e+01
      vertex   -1.886401e+02 -3.894296e+01 5.000000e+01
      vertex   -1.917147e+02 -3.753587e+01 5.000000e+01
    endloop
  endfacet
  facet normal -0.000000e+00 0.000000e+00 1.000000e+00
    outer loop
      vertex   -1.917147e+02 -3.753587e+01 5.000000e+01
      vertex   -1.886401e+02 -3.894296e+01 5.000000e+01
      vertex   -1.906349e+02 -3.669732e+01 5.000000e+01
    endloop
  endfacet
  facet normal -0.000000e+00 0.000000e+00 1.000000e+00
    outer loop
      vertex   -1.906349e+02 -3.669732e+01 5.000000e+01
      vertex   -1.886401e+02 -3.894296e+01 5.000000e+01
      vertex   -1.895800e+02 -3.582772e+01 5.000000e+01
    endloop
  endfacet
  facet normal -2.155417e-07 -6.503572e-08 1.000000e+00
    outer loop
      vertex   -1.895800e+02 -3.582772e+01 5.000000e+01
      vertex   -1.886401e+02 -3.894296e+01 5.000000e+01
      vertex   -1.859001e+02 -3.656768e+01 5.000000e+01
    endloop
  endfacet
  facet normal -1.646103e-07 1.882537e-07 1.000000e+00
    outer loop
      vertex   -1.895800e+02 -3.582772e+01 5.000000e+01
      vertex   -1.859001e+02 -3.656768e+01 5.000000e+01
      vertex   -1.885509e+02 -3.492781e+01 5.000000e+01
    endloop
  endfacet
  facet normal -1.748027e-07 1.717781e-07 1.000000e+00
    outer loop
      vertex   -1.885509e+02 -3.492781e+01 5.000000e+01
      vertex   -1.859001e+02 -3.656768e+01 5.000000e+01
      vertex   -1.845286e+02 -3.083477e+01 5.000000e+01
    endloop
  endfacet
  facet normal 0.000000e+00 -0.000000e+00 1.000000e+00
    outer loop
      vertex   -1.885509e+02 -3.492781e+01 5.000000e+01
      vertex   -1.845286e+02 -3.083477e+01 5.000000e+01
      vertex   -1.885526e+02 -3.218788e+01 5.000000e+01
    endloop
  endfacet
  facet normal 0.000000e+00 0.000000e+00 1.000000e+00
    outer loop
      vertex   -1.885526e+02 -3.218788e+01 5.000000e+01
      vertex   -1.845286e+02 -3.083477e+01 5.000000e+01
      vertex   -1.872682e+02 -3.088087e+01 5.000000e+01
    endloop
  endfacet
  facet normal 0.000000e+00 0.000000e+00 1.000000e+00
    outer loop
      vertex   -1.872682e+02 -3.088087e+01 5.000000e+01
      vertex   -1.845286e+02 -3.083477e+01 5.000000e+01
      vertex   -1.860381e+02 -2.952266e+01 5.000000e+01
    endloop
  endfacet
  facet normal 0.000000e+00 -0.000000e+00 1.000000e+00
    outer loop
      vertex   -1.845361e+02 -3.803039e+01 5.000000e+01
      vertex   -1.840960e+02 -3.761518e+01 5.000000e+01
      vertex   -1.859001e+02 -3.656768e+01 5.000000e+01
    endloop
  endfacet
  facet normal 0.000000e+00 0.000000e+00 1.000000e+00
    outer loop
      vertex   -1.859001e+02 -3.656768e+01 5.000000e+01
      vertex   -1.840960e+02 -3.761518e+01 5.000000e+01
      vertex   -1.836608e+02 -3.719489e+01 5.000000e+01
    endloop
  endfacet
  facet normal 0.000000e+00 0.000000e+00 1.000000e+00
    outer loop
      vertex   -1.859001e+02 -3.656768e+01 5.000000e+01
      vertex   -1.836608e+02 -3.719489e+01 5.000000e+01
      vertex   -1.832304e+02 -3.676955e+01 5.000000e+01
    endloop
  endfacet
  facet normal -4.397126e-08 8.751532e-08 1.000000e+00
    outer loop
      vertex   -1.516152e+02 -2.088478e+01 5.000000e+01
      vertex   -1.819762e+02 -2.762591e+01 5.000000e+01
      vertex   -1.832304e+02 -3.676955e+01 5.000000e+01
    endloop
  endfacet
  facet normal -1.331799e-07 9.975221e-08 1.000000e+00
    outer loop
      vertex   -1.832304e+02 -3.676955e+01 5.000000e+01
      vertex   -1.819762e+02 -2.762591e+01 5.000000e+01
      vertex   -1.827958e+02 -2.872013e+01 5.000000e+01
    endloop
  endfacet
  facet normal -1.248395e-07 9.930183e-08 1.000000e+00
    outer loop
      vertex   -1.832304e+02 -3.676955e+01 5.000000e+01
      vertex   -1.827958e+02 -2.872013e+01 5.000000e+01
      vertex   -1.836468e+02 -2.979006e+01 5.000000e+01
    endloop
  endfacet
  facet normal -4.117333e-08 3.992000e-07 1.000000e+00
    outer loop
      vertex   -1.701433e+02 -3.783238e+00 5.000000e+01
      vertex   -1.731788e+02 -4.096320e+00 5.000000e+01
      vertex   -1.703223e+02 -5.668075e+00 5.000000e+01
    endloop
  endfacet
  facet normal -1.506673e-07 2.002035e-07 1.000000e+00
    outer loop
      vertex   -1.703223e+02 -5.668075e+00 5.000000e+01
      vertex   -1.731788e+02 -4.096320e+00 5.000000e+01
      vertex   -1.753681e+02 -5.743874e+00 5.000000e+01
    endloop
  endfacet
  facet normal -1.479921e-07 2.211756e-08 1.000000e+00
    outer loop
      vertex   -1.703223e+02 -5.668075e+00 5.000000e+01
      vertex   -1.753681e+02 -5.743874e+00 5.000000e+01
      vertex   -1.756389e+02 -7.556215e+00 5.000000e+01
    endloop
  endfacet
  facet normal 0.000000e+00 0.000000e+00 1.000000e+00
    outer loop
      vertex   -1.731788e+02 -4.096320e+00 5.000000e+01
      vertex   -1.701433e+02 -3.783238e+00 5.000000e+01
      vertex   -1.730795e+02 -2.732807e+00 5.000000e+01
    endloop
  endfacet
  facet normal -0.000000e+00 0.000000e+00 1.000000e+00
    outer loop
      vertex   -1.730795e+02 -2.732807e+00 5.000000e+01
      vertex   -1.701433e+02 -3.783238e+00 5.000000e+01
      vertex   -1.700358e+02 -1.892976e+00 5.000000e+01
    endloop
  endfacet
  facet normal 0.000000e+00 0.000000e+00 1.000000e+00
    outer loop
      vertex   -1.730795e+02 -2.732807e+00 5.000000e+01
      vertex   -1.700358e+02 -1.892976e+00 5.000000e+01
      vertex   -1.730199e+02 -1.366982e+00 5.000000e+01
    endloop
  endfacet
  facet normal -0.000000e+00 0.000000e+00 1.000000e+00
    outer loop
      vertex   -1.730199e+02 -1.366982e+00 5.000000e+01
      vertex   -1.700358e+02 -1.892976e+00 5.000000e+01
      vertex   -1.700000e+02 0.000000e+00 5.000000e+01
    endloop
  endfacet
  facet normal 0.000000e+00 0.000000e+00 1.000000e+00
    outer loop
      vertex   -1.730199e+02 -1.366982e+00 5.000000e+01
      vertex   -1.700000e+02 0.000000e+00 5.000000e+01
      vertex   -1.730000e+02 0.000000e+00 5.000000e+01
    endloop
  endfacet
  facet normal 0.000000e+00 0.000000e+00 1.000000e+00
    outer loop
      vertex   -1.730000e+02 0.000000e+00 5.000000e+01
      vertex   -1.700000e+02 0.000000e+00 5.000000e+01
      vertex   -1.700358e+02 1.892976e+00 5.000000e+01
    endloop
  endfacet
  facet normal 0.000000e+00 -0.000000e+00 1.000000e+00
    outer loop
      vertex   -1.730000e+02 0.000000e+00 5.000000e+01
      vertex   -1.700358e+02 1.892976e+00 5.000000e+01
      vertex   -1.750373e+02 1.832089e+00 5.000000e+01
    endloop
  endfacet
  facet normal 0.000000e+00 0.000000e+00 1.000000e+00
    outer loop
      vertex   -1.750373e+02 1.832089e+00 5.000000e+01
      vertex   -1.700358e+02 1.892976e+00 5.000000e+01
      vertex   -1.701433e+02 3.783238e+00 5.000000e+01
    endloop
  endfacet
  facet normal 0.000000e+00 -0.000000e+00 1.000000e+00
    outer loop
      vertex   -1.750373e+02 1.832089e+00 5.000000e+01
      vertex   -1.701433e+02 3.783238e+00 5.000000e+01
      vertex   -1.751492e+02 3.661140e+00 5.000000e+01
    endloop
  endfacet
  facet normal 0.000000e+00 0.000000e+00 1.000000e+00
    outer loop
      vertex   -1.751492e+02 3.661140e+00 5.000000e+01
      vertex   -1.701433e+02 3.783238e+00 5.000000e+01
      vertex   -1.733503e+02 5.727859e+00 5.000000e+01
    endloop
  endfacet
  facet normal 0.000000e+00 -0.000000e+00 1.000000e+00
    outer loop
      vertex   -1.751492e+02 3.661140e+00 5.000000e+01
      vertex   -1.733503e+02 5.727859e+00 5.000000e+01
      vertex   -1.753354e+02 5.484120e+00 5.000000e+01
    endloop
  endfacet
  facet normal -2.543357e-07 -4.194409e-07 1.000000e+00
    outer loop
      vertex   -1.701433e+02 3.783238e+00 5.000000e+01
      vertex   -1.703223e+02 5.668075e+00 5.000000e+01
      vertex   -1.733503e+02 5.727859e+00 5.000000e+01
    endloop
  endfacet
  facet normal -2.467246e-07 -3.394331e-08 1.000000e+00
    outer loop
      vertex   -1.733503e+02 5.727859e+00 5.000000e+01
      vertex   -1.703223e+02 5.668075e+00 5.000000e+01
      vertex   -1.735367e+02 7.082228e+00 5.000000e+01
    endloop
  endfacet
  facet normal -2.502125e-07 -4.187121e-08 1.000000e+00
    outer loop
      vertex   -1.735367e+02 7.082228e+00 5.000000e+01
      vertex   -1.703223e+02 5.668075e+00 5.000000e+01
      vertex   -1.737623e+02 8.430606e+00 5.000000e+01
    endloop
  endfacet
  facet normal 0.000000e+00 0.000000e+00 1.000000e+00
    outer loop
      vertex   -1.731788e+02 -4.096320e+00 5.000000e+01
      vertex   -1.751712e+02 -3.922008e+00 5.000000e+01
      vertex   -1.753681e+02 -5.743874e+00 5.000000e+01
    endloop
  endfacet
  facet normal -2.951337e-08 7.632676e-09 1.000000e+00
    outer loop
      vertex   -1.743307e+02 -1.110483e+01 5.000000e+01
      vertex   -1.746730e+02 -1.242841e+01 5.000000e+01
      vertex   -1.516152e+02 -2.088478e+01 5.000000e+01
    endloop
  endfacet
  facet normal -2.920735e-08 8.467096e-09 1.000000e+00
    outer loop
      vertex   -1.516152e+02 -2.088478e+01 5.000000e+01
      vertex   -1.746730e+02 -1.242841e+01 5.000000e+01
      vertex   -1.750537e+02 -1.374147e+01 5.000000e+01
    endloop
  endfacet
  facet normal -2.853620e-08 1.066925e-08 1.000000e+00
    outer loop
      vertex   -1.516152e+02 -2.088478e+01 5.000000e+01
      vertex   -1.750537e+02 -1.374147e+01 5.000000e+01
      vertex   -1.770634e+02 -1.911662e+01 5.000000e+01
    endloop
  endfacet
  facet normal 0.000000e+00 -0.000000e+00 1.000000e+00
    outer loop
      vertex   -1.770634e+02 -1.911662e+01 5.000000e+01
      vertex   -1.750537e+02 -1.374147e+01 5.000000e+01
      vertex   -1.781794e+02 -1.661428e+01 5.000000e+01
    endloop
  endfacet
  facet normal 0.000000e+00 0.000000e+00 1.000000e+00
    outer loop
      vertex   -1.770634e+02 -1.911662e+01 5.000000e+01
      vertex   -1.781794e+02 -1.661428e+01 5.000000e+01
      vertex   -1.788905e+02 -1.830315e+01 5.000000e+01
    endloop
  endfacet
  facet normal 0.000000e+00 0.000000e+00 1.000000e+00
    outer loop
      vertex   -1.769663e+02 -1.315673e+01 5.000000e+01
      vertex   -1.775376e+02 -1.489785e+01 5.000000e+01
      vertex   -1.750537e+02 -1.374147e+01 5.000000e+01
    endloop
  endfacet
  facet normal 0.000000e+00 0.000000e+00 1.000000e+00
    outer loop
      vertex   -1.750537e+02 -1.374147e+01 5.000000e+01
      vertex   -1.775376e+02 -1.489785e+01 5.000000e+01
      vertex   -1.781794e+02 -1.661428e+01 5.000000e+01
    endloop
  endfacet
  facet normal -2.836546e-08 1.312671e-08 1.000000e+00
    outer loop
      vertex   -1.770634e+02 -1.911662e+01 5.000000e+01
      vertex   -1.776375e+02 -2.035733e+01 5.000000e+01
      vertex   -1.516152e+02 -2.088478e+01 5.000000e+01
    endloop
  endfacet
  facet normal -2.834507e-08 1.413233e-08 1.000000e+00
    outer loop
      vertex   -1.516152e+02 -2.088478e+01 5.000000e+01
      vertex   -1.776375e+02 -2.035733e+01 5.000000e+01
      vertex   -1.782475e+02 -2.158082e+01 5.000000e+01
    endloop
  endfacet
  facet normal -2.837277e-08 1.519210e-08 1.000000e+00
    outer loop
      vertex   -1.516152e+02 -2.088478e+01 5.000000e+01
      vertex   -1.782475e+02 -2.158082e+01 5.000000e+01
      vertex   -1.788929e+02 -2.278605e+01 5.000000e+01
    endloop
  endfacet
  facet normal 0.000000e+00 0.000000e+00 1.000000e+00
    outer loop
      vertex   -1.806421e+02 -2.181643e+01 5.000000e+01
      vertex   -1.815630e+02 -2.340073e+01 5.000000e+01
      vertex   -1.788929e+02 -2.278605e+01 5.000000e+01
    endloop
  endfacet
  facet normal 0.000000e+00 0.000000e+00 1.000000e+00
    outer loop
      vertex   -1.788929e+02 -2.278605e+01 5.000000e+01
      vertex   -1.815630e+02 -2.340073e+01 5.000000e+01
      vertex   -1.825475e+02 -2.494621e+01 5.000000e+01
    endloop
  endfacet
  facet normal 0.000000e+00 0.000000e+00 1.000000e+00
    outer loop
      vertex   -1.788929e+02 -2.278605e+01 5.000000e+01
      vertex   -1.825475e+02 -2.494621e+01 5.000000e+01
      vertex   -1.819762e+02 -2.762591e+01 5.000000e+01
    endloop
  endfacet
  facet normal 0.000000e+00 0.000000e+00 1.000000e+00
    outer loop
      vertex   -1.819762e+02 -2.762591e+01 5.000000e+01
      vertex   -1.825475e+02 -2.494621e+01 5.000000e+01
      vertex   -1.835942e+02 -2.645034e+01 5.000000e+01
    endloop
  endfacet
  facet normal -1.181214e-07 9.970262e-08 1.000000e+00
    outer loop
      vertex   -1.836468e+02 -2.979006e+01 5.000000e+01
      vertex   -1.845286e+02 -3.083477e+01 5.000000e+01
      vertex   -1.832304e+02 -3.676955e+01 5.000000e+01
    endloop
  endfacet
  facet normal 9.652596e-09 1.276525e-07 1.000000e+00
    outer loop
      vertex   -1.832304e+02 -3.676955e+01 5.000000e+01
      vertex   -1.845286e+02 -3.083477e+01 5.000000e+01
      vertex   -1.859001e+02 -3.656768e+01 5.000000e+01
    endloop
  endfacet
  facet normal 0.000000e+00 0.000000e+00 1.000000e+00
    outer loop
      vertex   -1.885526e+02 -3.218788e+01 5.000000e+01
      vertex   -1.898891e+02 -3.344152e+01 5.000000e+01
      vertex   -1.885509e+02 -3.492781e+01 5.000000e+01
    endloop
  endfacet
  facet normal 0.000000e+00 0.000000e+00 1.000000e+00
    outer loop
      vertex   -1.959320e+02 -3.802279e+01 5.000000e+01
      vertex   -1.975000e+02 -3.897114e+01 5.000000e+01
      vertex   -1.965000e+02 -4.070319e+01 5.000000e+01
    endloop
  endfacet
  facet normal 0.000000e+00 0.000000e+00 1.000000e+00
    outer loop
      vertex   -2.009822e+02 -4.078385e+01 5.000000e+01
      vertex   -2.026584e+02 -4.152431e+01 5.000000e+01
      vertex   -2.001369e+02 -4.259647e+01 5.000000e+01
    endloop
  endfacet
  facet normal 0.000000e+00 0.000000e+00 1.000000e+00
    outer loop
      vertex   -2.001369e+02 -4.259647e+01 5.000000e+01
      vertex   -2.026584e+02 -4.152431e+01 5.000000e+01
      vertex   -2.043633e+02 -4.219591e+01 5.000000e+01
    endloop
  endfacet
  facet normal 0.000000e+00 0.000000e+00 1.000000e+00
    outer loop
      vertex   -2.001369e+02 -4.259647e+01 5.000000e+01
      vertex   -2.043633e+02 -4.219591e+01 5.000000e+01
      vertex   -2.054762e+02 -4.469966e+01 5.000000e+01
    endloop
  endfacet
  facet normal 0.000000e+00 -0.000000e+00 1.000000e+00
    outer loop
      vertex   -2.054762e+02 -4.469966e+01 5.000000e+01
      vertex   -2.043633e+02 -4.219591e+01 5.000000e+01
      vertex   -2.060942e+02 -4.279754e+01 5.000000e+01
    endloop
  endfacet
  facet normal 0.000000e+00 0.000000e+00 1.000000e+00
    outer loop
      vertex   -2.098772e+02 -4.384665e+01 5.000000e+01
      vertex   -2.116707e+02 -4.422243e+01 5.000000e+01
      vertex   -2.094273e+02 -4.579539e+01 5.000000e+01
    endloop
  endfacet
  facet normal 0.000000e+00 0.000000e+00 1.000000e+00
    outer loop
      vertex   -2.094273e+02 -4.579539e+01 5.000000e+01
      vertex   -2.116707e+02 -4.422243e+01 5.000000e+01
      vertex   -2.134781e+02 -4.452487e+01 5.000000e+01
    endloop
  endfacet
  facet normal 0.000000e+00 0.000000e+00 1.000000e+00
    outer loop
      vertex   -2.094273e+02 -4.579539e+01 5.000000e+01
      vertex   -2.134781e+02 -4.452487e+01 5.000000e+01
      vertex   -2.150872e+02 -4.674253e+01 5.000000e+01
    endloop
  endfacet
  facet normal 0.000000e+00 -0.000000e+00 1.000000e+00
    outer loop
      vertex   -2.150872e+02 -4.674253e+01 5.000000e+01
      vertex   -2.134781e+02 -4.452487e+01 5.000000e+01
      vertex   -2.152962e+02 -4.475349e+01 5.000000e+01
    endloop
  endfacet
  facet normal 0.000000e+00 0.000000e+00 1.000000e+00
    outer loop
      vertex   -2.192146e+02 -4.499315e+01 5.000000e+01
      vertex   -2.210471e+02 -4.498782e+01 5.000000e+01
      vertex   -2.191797e+02 -4.699284e+01 5.000000e+01
    endloop
  endfacet
  facet normal 0.000000e+00 0.000000e+00 1.000000e+00
    outer loop
      vertex   -2.191797e+02 -4.699284e+01 5.000000e+01
      vertex   -2.210471e+02 -4.498782e+01 5.000000e+01
      vertex   -2.249128e+02 -4.674253e+01 5.000000e+01
    endloop
  endfacet
  facet normal 0.000000e+00 0.000000e+00 1.000000e+00
    outer loop
      vertex   -2.210471e+02 -4.498782e+01 5.000000e+01
      vertex   -2.228778e+02 -4.490788e+01 5.000000e+01
      vertex   -2.249128e+02 -4.674253e+01 5.000000e+01
    endloop
  endfacet
  facet normal 0.000000e+00 0.000000e+00 1.000000e+00
    outer loop
      vertex   -2.249128e+02 -4.674253e+01 5.000000e+01
      vertex   -2.228778e+02 -4.490788e+01 5.000000e+01
      vertex   -2.247038e+02 -4.475349e+01 5.000000e+01
    endloop
  endfacet
  facet normal 0.000000e+00 0.000000e+00 1.000000e+00
    outer loop
      vertex   -2.285864e+02 -4.417322e+01 5.000000e+01
      vertex   -2.303777e+02 -4.378702e+01 5.000000e+01
      vertex   -2.289680e+02 -4.613648e+01 5.000000e+01
    endloop
  endfacet
  facet normal 0.000000e+00 0.000000e+00 1.000000e+00
    outer loop
      vertex   -2.289680e+02 -4.613648e+01 5.000000e+01
      vertex   -2.303777e+02 -4.378702e+01 5.000000e+01
      vertex   -2.345238e+02 -4.469966e+01 5.000000e+01
    endloop
  endfacet
  facet normal 0.000000e+00 0.000000e+00 1.000000e+00
    outer loop
      vertex   -2.303777e+02 -4.378702e+01 5.000000e+01
      vertex   -2.321518e+02 -4.332821e+01 5.000000e+01
      vertex   -2.345238e+02 -4.469966e+01 5.000000e+01
    endloop
  endfacet
  facet normal 0.000000e+00 0.000000e+00 1.000000e+00
    outer loop
      vertex   -2.345238e+02 -4.469966e+01 5.000000e+01
      vertex   -2.321518e+02 -4.332821e+01 5.000000e+01
      vertex   -2.339058e+02 -4.279754e+01 5.000000e+01
    endloop
  endfacet
  facet normal 0.000000e+00 0.000000e+00 1.000000e+00
    outer loop
      vertex   -2.392548e+02 -4.067252e+01 5.000000e+01
      vertex   -2.408947e+02 -3.985488e+01 5.000000e+01
      vertex   -2.435000e+02 -4.070319e+01 5.000000e+01
    endloop
  endfacet
  facet normal 0.000000e+00 0.000000e+00 1.000000e+00
    outer loop
      vertex   -2.435000e+02 -4.070319e+01 5.000000e+01
      vertex   -2.408947e+02 -3.985488e+01 5.000000e+01
      vertex   -2.425000e+02 -3.897114e+01 5.000000e+01
    endloop
  endfacet
  facet normal 0.000000e+00 0.000000e+00 1.000000e+00
    outer loop
      vertex   -2.472903e+02 -3.578044e+01 5.000000e+01
      vertex   -2.487244e+02 -3.463970e+01 5.000000e+01
      vertex   -2.514491e+02 -3.492781e+01 5.000000e+01
    endloop
  endfacet
  facet normal 0.000000e+00 0.000000e+00 1.000000e+00
    outer loop
      vertex   -2.514491e+02 -3.492781e+01 5.000000e+01
      vertex   -2.487244e+02 -3.463970e+01 5.000000e+01
      vertex   -2.501109e+02 -3.344152e+01 5.000000e+01
    endloop
  endfacet
  facet normal 0.000000e+00 0.000000e+00 1.000000e+00
    outer loop
      vertex   -2.552987e+02 -2.791060e+01 5.000000e+01
      vertex   -2.564058e+02 -2.645034e+01 5.000000e+01
      vertex   -2.580238e+02 -2.762591e+01 5.000000e+01
    endloop
  endfacet
  facet normal 0.000000e+00 0.000000e+00 1.000000e+00
    outer loop
      vertex   -2.602869e+02 -2.420679e+01 5.000000e+01
      vertex   -2.585725e+02 -2.317671e+01 5.000000e+01
      vertex   -2.594841e+02 -2.158709e+01 5.000000e+01
    endloop
  endfacet
  facet normal 0.000000e+00 0.000000e+00 1.000000e+00
    outer loop
      vertex   -2.603303e+02 -1.996167e+01 5.000000e+01
      vertex   -2.611095e+02 -1.830315e+01 5.000000e+01
      vertex   -2.629366e+02 -1.911662e+01 5.000000e+01
    endloop
  endfacet
  facet normal 0.000000e+00 0.000000e+00 1.000000e+00
    outer loop
      vertex   -2.649627e+02 -1.832089e+00 5.000000e+01
      vertex   -2.650000e+02 5.510911e-15 5.000000e+01
      vertex   -2.670000e+02 5.755840e-15 5.000000e+01
    endloop
  endfacet
  facet normal 0.000000e+00 -0.000000e+00 1.000000e+00
    outer loop
      vertex   -2.643611e+02 7.556215e+00 5.000000e+01
      vertex   -2.640166e+02 9.356026e+00 5.000000e+01
      vertex   -2.659729e+02 9.771849e+00 5.000000e+01
    endloop
  endfacet
  facet normal 0.000000e+00 -0.000000e+00 1.000000e+00
    outer loop
      vertex   -2.618206e+02 1.661428e+01 5.000000e+01
      vertex   -2.611095e+02 1.830315e+01 5.000000e+01
      vertex   -2.629366e+02 1.911662e+01 5.000000e+01
    endloop
  endfacet
  facet normal 0.000000e+00 -0.000000e+00 1.000000e+00
    outer loop
      vertex   -2.574525e+02 2.494621e+01 5.000000e+01
      vertex   -2.564058e+02 2.645034e+01 5.000000e+01
      vertex   -2.580238e+02 2.762591e+01 5.000000e+01
    endloop
  endfacet
  facet normal 0.000000e+00 -0.000000e+00 1.000000e+00
    outer loop
      vertex   -2.514474e+02 3.218788e+01 5.000000e+01
      vertex   -2.501109e+02 3.344152e+01 5.000000e+01
      vertex   -2.514491e+02 3.492781e+01 5.000000e+01
    endloop
  endfacet
  facet normal 0.000000e+00 0.000000e+00 1.000000e+00
    outer loop
      vertex   -2.440680e+02 3.802279e+01 5.000000e+01
      vertex   -2.425000e+02 3.897114e+01 5.000000e+01
      vertex   -2.435000e+02 4.070319e+01 5.000000e+01
    endloop
  endfacet
  facet normal 0.000000e+00 -0.000000e+00 1.000000e+00
    outer loop
      vertex   -2.390178e+02 4.078385e+01 5.000000e+01
      vertex   -2.373416e+02 4.152431e+01 5.000000e+01
      vertex   -2.398631e+02 4.259647e+01 5.000000e+01
    endloop
  endfacet
  facet normal 0.000000e+00 0.000000e+00 1.000000e+00
    outer loop
      vertex   -2.398631e+02 4.259647e+01 5.000000e+01
      vertex   -2.373416e+02 4.152431e+01 5.000000e+01
      vertex   -2.356367e+02 4.219591e+01 5.000000e+01
    endloop
  endfacet
  facet normal -0.000000e+00 0.000000e+00 1.000000e+00
    outer loop
      vertex   -2.398631e+02 4.259647e+01 5.000000e+01
      vertex   -2.356367e+02 4.219591e+01 5.000000e+01
      vertex   -2.345238e+02 4.469966e+01 5.000000e+01
    endloop
  endfacet
  facet normal 0.000000e+00 0.000000e+00 1.000000e+00
    outer loop
      vertex   -2.345238e+02 4.469966e+01 5.000000e+01
      vertex   -2.356367e+02 4.219591e+01 5.000000e+01
      vertex   -2.339058e+02 4.279754e+01 5.000000e+01
    endloop
  endfacet
  facet normal 0.000000e+00 -0.000000e+00 1.000000e+00
    outer loop
      vertex   -2.301228e+02 4.384665e+01 5.000000e+01
      vertex   -2.283293e+02 4.422243e+01 5.000000e+01
      vertex   -2.305727e+02 4.579539e+01 5.000000e+01
    endloop
  endfacet
  facet normal 0.000000e+00 0.000000e+00 1.000000e+00
    outer loop
      vertex   -2.305727e+02 4.579539e+01 5.000000e+01
      vertex   -2.283293e+02 4.422243e+01 5.000000e+01
      vertex   -2.265219e+02 4.452487e+01 5.000000e+01
    endloop
  endfacet
  facet normal -0.000000e+00 0.000000e+00 1.000000e+00
    outer loop
      vertex   -2.305727e+02 4.579539e+01 5.000000e+01
      vertex   -2.265219e+02 4.452487e+01 5.000000e+01
      vertex   -2.249128e+02 4.674253e+01 5.000000e+01
    endloop
  endfacet
  facet normal 0.000000e+00 0.000000e+00 1.000000e+00
    outer loop
      vertex   -2.249128e+02 4.674253e+01 5.000000e+01
      vertex   -2.265219e+02 4.452487e+01 5.000000e+01
      vertex   -2.247038e+02 4.475349e+01 5.000000e+01
    endloop
  endfacet
  facet normal -0.000000e+00 -0.000000e+00 1.000000e+00
    outer loop
      vertex   -2.207854e+02 4.499315e+01 5.000000e+01
      vertex   -2.189529e+02 4.498782e+01 5.000000e+01
      vertex   -2.208203e+02 4.699284e+01 5.000000e+01
    endloop
  endfacet
  facet normal 0.000000e+00 0.000000e+00 1.000000e+00
    outer loop
      vertex   -2.208203e+02 4.699284e+01 5.000000e+01
      vertex   -2.189529e+02 4.498782e+01 5.000000e+01
      vertex   -2.150872e+02 4.674253e+01 5.000000e+01
    endloop
  endfacet
  facet normal -0.000000e+00 0.000000e+00 1.000000e+00
    outer loop
      vertex   -2.189529e+02 4.498782e+01 5.000000e+01
      vertex   -2.171222e+02 4.490788e+01 5.000000e+01
      vertex   -2.150872e+02 4.674253e+01 5.000000e+01
    endloop
  endfacet
  facet normal 0.000000e+00 0.000000e+00 1.000000e+00
    outer loop
      vertex   -2.150872e+02 4.674253e+01 5.000000e+01
      vertex   -2.171222e+02 4.490788e+01 5.000000e+01
      vertex   -2.152962e+02 4.475349e+01 5.000000e+01
    endloop
  endfacet
  facet normal -0.000000e+00 0.000000e+00 1.000000e+00
    outer loop
      vertex   -2.114136e+02 4.417322e+01 5.000000e+01
      vertex   -2.096223e+02 4.378702e+01 5.000000e+01
      vertex   -2.110320e+02 4.613648e+01 5.000000e+01
    endloop
  endfacet
  facet normal 0.000000e+00 0.000000e+00 1.000000e+00
    outer loop
      vertex   -2.110320e+02 4.613648e+01 5.000000e+01
      vertex   -2.096223e+02 4.378702e+01 5.000000e+01
      vertex   -2.054762e+02 4.469966e+01 5.000000e+01
    endloop
  endfacet
  facet normal -0.000000e+00 0.000000e+00 1.000000e+00
    outer loop
      vertex   -2.096223e+02 4.378702e+01 5.000000e+01
      vertex   -2.078482e+02 4.332821e+01 5.000000e+01
      vertex   -2.054762e+02 4.469966e+01 5.000000e+01
    endloop
  endfacet
  facet normal 0.000000e+00 0.000000e+00 1.000000e+00
    outer loop
      vertex   -2.054762e+02 4.469966e+01 5.000000e+01
      vertex   -2.078482e+02 4.332821e+01 5.000000e+01
      vertex   -2.060942e+02 4.279754e+01 5.000000e+01
    endloop
  endfacet
  facet normal -0.000000e+00 0.000000e+00 1.000000e+00
    outer loop
      vertex   -2.024171e+02 4.142272e+01 5.000000e+01
      vertex   -2.007452e+02 4.067252e+01 5.000000e+01
      vertex   -2.016356e+02 4.326373e+01 5.000000e+01
    endloop
  endfacet
  facet normal 0.000000e+00 0.000000e+00 1.000000e+00
    outer loop
      vertex   -2.016356e+02 4.326373e+01 5.000000e+01
      vertex   -2.007452e+02 4.067252e+01 5.000000e+01
      vertex   -1.965000e+02 4.070319e+01 5.000000e+01
    endloop
  endfacet
  facet normal -0.000000e+00 0.000000e+00 1.000000e+00
    outer loop
      vertex   -2.007452e+02 4.067252e+01 5.000000e+01
      vertex   -1.991053e+02 3.985488e+01 5.000000e+01
      vertex   -1.965000e+02 4.070319e+01 5.000000e+01
    endloop
  endfacet
  facet normal 0.000000e+00 0.000000e+00 1.000000e+00
    outer loop
      vertex   -1.965000e+02 4.070319e+01 5.000000e+01
      vertex   -1.991053e+02 3.985488e+01 5.000000e+01
      vertex   -1.975000e+02 3.897114e+01 5.000000e+01
    endloop
  endfacet
  facet normal 0.000000e+00 0.000000e+00 1.000000e+00
    outer loop
      vertex   -1.927097e+02 3.578044e+01 5.000000e+01
      vertex   -1.912756e+02 3.463970e+01 5.000000e+01
      vertex   -1.885509e+02 3.492781e+01 5.000000e+01
    endloop
  endfacet
  facet normal 0.000000e+00 0.000000e+00 1.000000e+00
    outer loop
      vertex   -1.885509e+02 3.492781e+01 5.000000e+01
      vertex   -1.912756e+02 3.463970e+01 5.000000e+01
      vertex   -1.898891e+02 3.344152e+01 5.000000e+01
    endloop
  endfacet
  facet normal -1.076157e-07 -1.033200e-07 1.000000e+00
    outer loop
      vertex   -1.865732e+02 3.304011e+01 5.000000e+01
      vertex   -1.856264e+02 3.205392e+01 5.000000e+01
      vertex   -1.832304e+02 3.676955e+01 5.000000e+01
    endloop
  endfacet
  facet normal -1.185796e-07 -9.774946e-08 1.000000e+00
    outer loop
      vertex   -1.832304e+02 3.676955e+01 5.000000e+01
      vertex   -1.856264e+02 3.205392e+01 5.000000e+01
      vertex   -1.819762e+02 2.762591e+01 5.000000e+01
    endloop
  endfacet
  facet normal -0.000000e+00 0.000000e+00 1.000000e+00
    outer loop
      vertex   -1.870891e+02 3.068993e+01 5.000000e+01
      vertex   -1.858669e+02 2.932458e+01 5.000000e+01
      vertex   -1.856264e+02 3.205392e+01 5.000000e+01
    endloop
  endfacet
  facet normal 0.000000e+00 0.000000e+00 1.000000e+00
    outer loop
      vertex   -1.856264e+02 3.205392e+01 5.000000e+01
      vertex   -1.858669e+02 2.932458e+01 5.000000e+01
      vertex   -1.819762e+02 2.762591e+01 5.000000e+01
    endloop
  endfacet
  facet normal 0.000000e+00 0.000000e+00 1.000000e+00
    outer loop
      vertex   -1.858669e+02 2.932458e+01 5.000000e+01
      vertex   -1.847013e+02 2.791060e+01 5.000000e+01
      vertex   -1.819762e+02 2.762591e+01 5.000000e+01
    endloop
  endfacet
  facet normal 0.000000e+00 0.000000e+00 1.000000e+00
    outer loop
      vertex   -1.819762e+02 2.762591e+01 5.000000e+01
      vertex   -1.847013e+02 2.791060e+01 5.000000e+01
      vertex   -1.835942e+02 2.645034e+01 5.000000e+01
    endloop
  endfacet
  facet normal -2.861701e-08 -1.776635e-08 1.000000e+00
    outer loop
      vertex   -1.804342e+02 2.536828e+01 5.000000e+01
      vertex   -1.797131e+02 2.420679e+01 5.000000e+01
      vertex   -1.516152e+02 2.088478e+01 5.000000e+01
    endloop
  endfacet
  facet normal -2.825552e-08 -1.470889e-08 1.000000e+00
    outer loop
      vertex   -1.516152e+02 2.088478e+01 5.000000e+01
      vertex   -1.797131e+02 2.420679e+01 5.000000e+01
      vertex   -1.770634e+02 1.911662e+01 5.000000e+01
    endloop
  endfacet
  facet normal -2.843217e-08 -1.216647e-08 1.000000e+00
    outer loop
      vertex   -1.516152e+02 2.088478e+01 5.000000e+01
      vertex   -1.770634e+02 1.911662e+01 5.000000e+01
      vertex   -1.765255e+02 1.785973e+01 5.000000e+01
    endloop
  endfacet
  facet normal -0.000000e+00 0.000000e+00 1.000000e+00
    outer loop
      vertex   -1.814275e+02 2.317671e+01 5.000000e+01
      vertex   -1.805159e+02 2.158709e+01 5.000000e+01
      vertex   -1.797131e+02 2.420679e+01 5.000000e+01
    endloop
  endfacet
  facet normal 0.000000e+00 0.000000e+00 1.000000e+00
    outer loop
      vertex   -1.797131e+02 2.420679e+01 5.000000e+01
      vertex   -1.805159e+02 2.158709e+01 5.000000e+01
      vertex   -1.770634e+02 1.911662e+01 5.000000e+01
    endloop
  endfacet
  facet normal 0.000000e+00 0.000000e+00 1.000000e+00
    outer loop
      vertex   -1.805159e+02 2.158709e+01 5.000000e+01
      vertex   -1.796697e+02 1.996167e+01 5.000000e+01
      vertex   -1.770634e+02 1.911662e+01 5.000000e+01
    endloop
  endfacet
  facet normal 0.000000e+00 0.000000e+00 1.000000e+00
    outer loop
      vertex   -1.770634e+02 1.911662e+01 5.000000e+01
      vertex   -1.796697e+02 1.996167e+01 5.000000e+01
      vertex   -1.788905e+02 1.830315e+01 5.000000e+01
    endloop
  endfacet
  facet normal -2.854421e-08 -1.124386e-08 1.000000e+00
    outer loop
      vertex   -1.765255e+02 1.785973e+01 5.000000e+01
      vertex   -1.760245e+02 1.658774e+01 5.000000e+01
      vertex   -1.516152e+02 2.088478e+01 5.000000e+01
    endloop
  endfacet
  facet normal -2.870123e-08 -1.035194e-08 1.000000e+00
    outer loop
      vertex   -1.516152e+02 2.088478e+01 5.000000e+01
      vertex   -1.760245e+02 1.658774e+01 5.000000e+01
      vertex   -1.755606e+02 1.530170e+01 5.000000e+01
    endloop
  endfacet
  facet normal -2.922516e-08 -8.104853e-09 1.000000e+00
    outer loop
      vertex   -1.516152e+02 2.088478e+01 5.000000e+01
      vertex   -1.755606e+02 1.530170e+01 5.000000e+01
      vertex   -1.740271e+02 9.771849e+00 5.000000e+01
    endloop
  endfacet
  facet normal 0.000000e+00 0.000000e+00 1.000000e+00
    outer loop
      vertex   -1.740271e+02 9.771849e+00 5.000000e+01
      vertex   -1.755606e+02 1.530170e+01 5.000000e+01
      vertex   -1.768905e+02 1.290615e+01 5.000000e+01
    endloop
  endfacet
  facet normal 0.000000e+00 0.000000e+00 1.000000e+00
    outer loop
      vertex   -1.740271e+02 9.771849e+00 5.000000e+01
      vertex   -1.768905e+02 1.290615e+01 5.000000e+01
      vertex   -1.764008e+02 1.114032e+01 5.000000e+01
    endloop
  endfacet
  facet normal 0.000000e+00 0.000000e+00 1.000000e+00
    outer loop
      vertex   -1.755606e+02 1.530170e+01 5.000000e+01
      vertex   -1.774517e+02 1.465057e+01 5.000000e+01
      vertex   -1.768905e+02 1.290615e+01 5.000000e+01
    endloop
  endfacet
  facet normal 0.000000e+00 0.000000e+00 1.000000e+00
    outer loop
      vertex   -1.764008e+02 1.114032e+01 5.000000e+01
      vertex   -1.759834e+02 9.356026e+00 5.000000e+01
      vertex   -1.740271e+02 9.771849e+00 5.000000e+01
    endloop
  endfacet
  facet normal 0.000000e+00 0.000000e+00 1.000000e+00
    outer loop
      vertex   -1.750373e+02 1.832089e+00 5.000000e+01
      vertex   -1.750000e+02 0.000000e+00 5.000000e+01
      vertex   -1.730000e+02 0.000000e+00 5.000000e+01
    endloop
  endfacet
  facet normal -2.858308e-08 1.820943e-08 1.000000e+00
    outer loop
      vertex   -1.516152e+02 -2.088478e+01 5.000000e+01
      vertex   -1.788929e+02 -2.278605e+01 5.000000e+01
      vertex   -1.819762e+02 -2.762591e+01 5.000000e+01
    endloop
  endfacet
  facet normal 6.994924e-01 -7.076791e-01 -9.950205e-02
    outer loop
      vertex   -1.867660e+02 -3.323402e+01 0.000000e+00
      vertex   -1.832304e+02 -3.676955e+01 5.000000e+01
      vertex   -1.871549e+02 -3.361845e+01 0.000000e+00
    endloop
  endfacet
  facet normal 6.994924e-01 -7.076791e-01 -9.950205e-02
    outer loop
      vertex   -1.871549e+02 -3.361845e+01 0.000000e+00
      vertex   -1.832304e+02 -3.676955e+01 5.000000e+01
      vertex   -1.836608e+02 -3.719489e+01 5.000000e+01
    endloop
  endfacet
  facet normal 6.912110e-01 -7.157700e-01 -9.950205e-02
    outer loop
      vertex   -1.871549e+02 -3.361845e+01 0.000000e+00
      vertex   -1.836608e+02 -3.719489e+01 5.000000e+01
      vertex   -1.875483e+02 -3.399834e+01 0.000000e+00
    endloop
  endfacet
  facet normal 6.912110e-01 -7.157700e-01 -9.950205e-02
    outer loop
      vertex   -1.875483e+02 -3.399834e+01 0.000000e+00
      vertex   -1.836608e+02 -3.719489e+01 5.000000e+01
      vertex   -1.840960e+02 -3.761518e+01 5.000000e+01
    endloop
  endfacet
  facet normal 6.828361e-01 -7.237639e-01 -9.950205e-02
    outer loop
      vertex   -1.875483e+02 -3.399834e+01 0.000000e+00
      vertex   -1.840960e+02 -3.761518e+01 5.000000e+01
      vertex   -1.879461e+02 -3.437362e+01 0.000000e+00
    endloop
  endfacet
  facet normal 6.828361e-01 -7.237639e-01 -9.950205e-02
    outer loop
      vertex   -1.879461e+02 -3.437362e+01 0.000000e+00
      vertex   -1.840960e+02 -3.761518e+01 5.000000e+01
      vertex   -1.845361e+02 -3.803039e+01 5.000000e+01
    endloop
  endfacet
  facet normal -7.313537e-01 -6.819984e-01 -3.552714e-17
    outer loop
      vertex   -1.845361e+02 -3.803039e+01 5.000000e+01
      vertex   -1.859001e+02 -3.656768e+01 5.000000e+01
      vertex   -1.879461e+02 -3.437362e+01 0.000000e+00
    endloop
  endfacet
  facet normal -7.313537e-01 -6.819984e-01 -3.996803e-17
    outer loop
      vertex   -1.879461e+02 -3.437362e+01 0.000000e+00
      vertex   -1.859001e+02 -3.656768e+01 5.000000e+01
      vertex   -1.893101e+02 -3.291091e+01 0.000000e+00
    endloop
  endfacet
  facet normal 6.517833e-01 -7.518579e-01 -9.943893e-02
    outer loop
      vertex   -1.859001e+02 -3.656768e+01 5.000000e+01
      vertex   -1.886401e+02 -3.894296e+01 5.000000e+01
      vertex   -1.893101e+02 -3.291091e+01 0.000000e+00
    endloop
  endfacet
  facet normal 6.499528e-01 -7.534193e-01 -9.960276e-02
    outer loop
      vertex   -1.893101e+02 -3.291091e+01 0.000000e+00
      vertex   -1.886401e+02 -3.894296e+01 5.000000e+01
      vertex   -1.919459e+02 -3.518475e+01 0.000000e+00
    endloop
  endfacet
  facet normal 5.955852e-01 -7.971318e-01 -9.929379e-02
    outer loop
      vertex   -1.919459e+02 -3.518475e+01 0.000000e+00
      vertex   -1.886401e+02 -3.894296e+01 5.000000e+01
      vertex   -1.915450e+02 -4.111341e+01 5.000000e+01
    endloop
  endfacet
  facet normal 5.897600e-01 -8.013942e-01 -9.975249e-02
    outer loop
      vertex   -1.919459e+02 -3.518475e+01 0.000000e+00
      vertex   -1.915450e+02 -4.111341e+01 5.000000e+01
      vertex   -1.947496e+02 -3.724803e+01 0.000000e+00
    endloop
  endfacet
  facet normal 5.362521e-01 -8.382119e-01 -9.916938e-02
    outer loop
      vertex   -1.947496e+02 -3.724803e+01 0.000000e+00
      vertex   -1.915450e+02 -4.111341e+01 5.000000e+01
      vertex   -1.945996e+02 -4.306761e+01 5.000000e+01
    endloop
  endfacet
  facet normal 5.260416e-01 -8.445735e-01 -9.987919e-02
    outer loop
      vertex   -1.947496e+02 -3.724803e+01 0.000000e+00
      vertex   -1.945996e+02 -4.306761e+01 5.000000e+01
      vertex   -1.977044e+02 -3.908842e+01 0.000000e+00
    endloop
  endfacet
  facet normal 4.740960e-01 -8.748823e-01 -9.906569e-02
    outer loop
      vertex   -1.977044e+02 -3.908842e+01 0.000000e+00
      vertex   -1.945996e+02 -4.306761e+01 5.000000e+01
      vertex   -1.977878e+02 -4.479528e+01 5.000000e+01
    endloop
  endfacet
  facet normal 4.591781e-01 -8.826998e-01 -9.998285e-02
    outer loop
      vertex   -1.977044e+02 -3.908842e+01 0.000000e+00
      vertex   -1.977878e+02 -4.479528e+01 5.000000e+01
      vertex   -2.007926e+02 -4.069490e+01 0.000000e+00
    endloop
  endfacet
  facet normal 4.094440e-01 -9.069498e-01 -9.898274e-02
    outer loop
      vertex   -2.007926e+02 -4.069490e+01 0.000000e+00
      vertex   -1.977878e+02 -4.479528e+01 5.000000e+01
      vertex   -2.010928e+02 -4.628734e+01 5.000000e+01
    endloop
  endfacet
  facet normal 3.895692e-01 -9.155453e-01 -1.000635e-01
    outer loop
      vertex   -2.007926e+02 -4.069490e+01 0.000000e+00
      vertex   -2.010928e+02 -4.628734e+01 5.000000e+01
      vertex   -2.039957e+02 -4.205785e+01 0.000000e+00
    endloop
  endfacet
  facet normal 3.426367e-01 -9.342456e-01 -9.892052e-02
    outer loop
      vertex   -2.039957e+02 -4.205785e+01 0.000000e+00
      vertex   -2.010928e+02 -4.628734e+01 5.000000e+01
      vertex   -2.044973e+02 -4.753594e+01 5.000000e+01
    endloop
  endfacet
  facet normal 3.176309e-01 -9.429138e-01 -1.001211e-01
    outer loop
      vertex   -2.039957e+02 -4.205785e+01 0.000000e+00
      vertex   -2.044973e+02 -4.753594e+01 5.000000e+01
      vertex   -2.072946e+02 -4.316913e+01 0.000000e+00
    endloop
  endfacet
  facet normal 2.740257e-01 -9.566258e-01 -9.887904e-02
    outer loop
      vertex   -2.072946e+02 -4.316913e+01 0.000000e+00
      vertex   -2.044973e+02 -4.753594e+01 5.000000e+01
      vertex   -2.079833e+02 -4.853451e+01 5.000000e+01
    endloop
  endfacet
  facet normal 2.437933e-01 -9.646417e-01 -1.001556e-01
    outer loop
      vertex   -2.072946e+02 -4.316913e+01 0.000000e+00
      vertex   -2.079833e+02 -4.853451e+01 5.000000e+01
      vertex   -2.106696e+02 -4.402208e+01 0.000000e+00
    endloop
  endfacet
  facet normal 2.039725e-01 -9.739724e-01 -9.885830e-02
    outer loop
      vertex   -2.106696e+02 -4.402208e+01 0.000000e+00
      vertex   -2.079833e+02 -4.853451e+01 5.000000e+01
      vertex   -2.115325e+02 -4.927780e+01 5.000000e+01
    endloop
  endfacet
  facet normal 1.684978e-01 -9.805993e-01 -1.001671e-01
    outer loop
      vertex   -2.106696e+02 -4.402208e+01 0.000000e+00
      vertex   -2.115325e+02 -4.927780e+01 5.000000e+01
      vertex   -2.141004e+02 -4.461159e+01 0.000000e+00
    endloop
  endfacet
  facet normal 1.328458e-01 -9.861942e-01 -9.885830e-02
    outer loop
      vertex   -2.141004e+02 -4.461159e+01 0.000000e+00
      vertex   -2.115325e+02 -4.927780e+01 5.000000e+01
      vertex   -2.151263e+02 -4.976190e+01 5.000000e+01
    endloop
  endfacet
  facet normal 9.219431e-02 -9.906912e-01 -1.001556e-01
    outer loop
      vertex   -2.141004e+02 -4.461159e+01 0.000000e+00
      vertex   -2.151263e+02 -4.976190e+01 5.000000e+01
      vertex   -2.175665e+02 -4.493415e+01 0.000000e+00
    endloop
  endfacet
  facet normal 6.102023e-02 -9.932268e-01 -9.887904e-02
    outer loop
      vertex   -2.175665e+02 -4.493415e+01 0.000000e+00
      vertex   -2.151263e+02 -4.976190e+01 5.000000e+01
      vertex   -2.187457e+02 -4.998426e+01 5.000000e+01
    endloop
  endfacet
  facet normal 1.533900e-02 -9.948570e-01 -1.001211e-01
    outer loop
      vertex   -2.175665e+02 -4.493415e+01 0.000000e+00
      vertex   -2.187457e+02 -4.998426e+01 5.000000e+01
      vertex   -2.210471e+02 -4.498782e+01 0.000000e+00
    endloop
  endfacet
  facet normal -1.112594e-02 -9.950331e-01 -9.892052e-02
    outer loop
      vertex   -2.210471e+02 -4.498782e+01 0.000000e+00
      vertex   -2.187457e+02 -4.998426e+01 5.000000e+01
      vertex   -2.223717e+02 -4.994372e+01 5.000000e+01
    endloop
  endfacet
  facet normal -6.160878e-02 -9.930718e-01 -1.000635e-01
    outer loop
      vertex   -2.210471e+02 -4.498782e+01 0.000000e+00
      vertex   -2.223717e+02 -4.994372e+01 5.000000e+01
      vertex   -2.245215e+02 -4.477227e+01 0.000000e+00
    endloop
  endfacet
  facet normal -8.321283e-02 -9.916038e-01 -9.898274e-02
    outer loop
      vertex   -2.245215e+02 -4.477227e+01 0.000000e+00
      vertex   -2.223717e+02 -4.994372e+01 5.000000e+01
      vertex   -2.259852e+02 -4.964048e+01 5.000000e+01
    endloop
  endfacet
  facet normal -1.381891e-01 -9.853462e-01 -9.998285e-02
    outer loop
      vertex   -2.245215e+02 -4.477227e+01 0.000000e+00
      vertex   -2.259852e+02 -4.964048e+01 5.000000e+01
      vertex   -2.279688e+02 -4.428880e+01 0.000000e+00
    endloop
  endfacet
  facet normal -1.548608e-01 -9.829568e-01 -9.906569e-02
    outer loop
      vertex   -2.279688e+02 -4.428880e+01 0.000000e+00
      vertex   -2.259852e+02 -4.964048e+01 5.000000e+01
      vertex   -2.295672e+02 -4.907615e+01 5.000000e+01
    endloop
  endfacet
  facet normal -2.139442e-01 -9.717263e-01 -9.987919e-02
    outer loop
      vertex   -2.279688e+02 -4.428880e+01 0.000000e+00
      vertex   -2.295672e+02 -4.907615e+01 5.000000e+01
      vertex   -2.313685e+02 -4.354031e+01 0.000000e+00
    endloop
  endfacet
  facet normal -2.256926e-01 -9.691379e-01 -9.916938e-02
    outer loop
      vertex   -2.313685e+02 -4.354031e+01 0.000000e+00
      vertex   -2.295672e+02 -4.907615e+01 5.000000e+01
      vertex   -2.330989e+02 -4.825368e+01 5.000000e+01
    endloop
  endfacet
  facet normal -2.884213e-01 -9.522933e-01 -9.975249e-02
    outer loop
      vertex   -2.313685e+02 -4.354031e+01 0.000000e+00
      vertex   -2.330989e+02 -4.825368e+01 5.000000e+01
      vertex   -2.347001e+02 -4.253126e+01 0.000000e+00
    endloop
  endfacet
  facet normal -2.953353e-01 -9.502199e-01 -9.929379e-02
    outer loop
      vertex   -2.347001e+02 -4.253126e+01 0.000000e+00
      vertex   -2.330989e+02 -4.825368e+01 5.000000e+01
      vertex   -2.365617e+02 -4.717742e+01 5.000000e+01
    endloop
  endfacet
  facet normal -3.611752e-01 -9.271633e-01 -9.960276e-02
    outer loop
      vertex   -2.347001e+02 -4.253126e+01 0.000000e+00
      vertex   -2.365617e+02 -4.717742e+01 5.000000e+01
      vertex   -2.379437e+02 -4.126770e+01 0.000000e+00
    endloop
  endfacet
  facet normal -3.634220e-01 -9.263025e-01 -9.943892e-02
    outer loop
      vertex   -2.379437e+02 -4.126770e+01 0.000000e+00
      vertex   -2.365617e+02 -4.717742e+01 5.000000e+01
      vertex   -2.399375e+02 -4.585300e+01 5.000000e+01
    endloop
  endfacet
  facet normal -4.296016e-01 -8.975268e-01 -9.943892e-02
    outer loop
      vertex   -2.379437e+02 -4.126770e+01 0.000000e+00
      vertex   -2.399375e+02 -4.585300e+01 5.000000e+01
      vertex   -2.432083e+02 -4.428742e+01 5.000000e+01
    endloop
  endfacet
  facet normal -4.317634e-01 -8.964707e-01 -9.960276e-02
    outer loop
      vertex   -2.379437e+02 -4.126770e+01 0.000000e+00
      vertex   -2.432083e+02 -4.428742e+01 5.000000e+01
      vertex   -2.410800e+02 -3.975720e+01 0.000000e+00
    endloop
  endfacet
  facet normal -4.935287e-01 -8.640429e-01 -9.929379e-02
    outer loop
      vertex   -2.410800e+02 -3.975720e+01 0.000000e+00
      vertex   -2.432083e+02 -4.428742e+01 5.000000e+01
      vertex   -2.463571e+02 -4.248889e+01 5.000000e+01
    endloop
  endfacet
  facet normal -4.997604e-01 -8.604005e-01 -9.975249e-02
    outer loop
      vertex   -2.410800e+02 -3.975720e+01 0.000000e+00
      vertex   -2.463571e+02 -4.248889e+01 5.000000e+01
      vertex   -2.440901e+02 -3.800878e+01 0.000000e+00
    endloop
  endfacet
  facet normal -5.548606e-01 -8.260116e-01 -9.916938e-02
    outer loop
      vertex   -2.440901e+02 -3.800878e+01 0.000000e+00
      vertex   -2.463571e+02 -4.248889e+01 5.000000e+01
      vertex   -2.493672e+02 -4.046687e+01 5.000000e+01
    endloop
  endfacet
  facet normal -5.647660e-01 -8.191847e-01 -9.987919e-02
    outer loop
      vertex   -2.440901e+02 -3.800878e+01 0.000000e+00
      vertex   -2.493672e+02 -4.046687e+01 5.000000e+01
      vertex   -2.469561e+02 -3.603291e+01 0.000000e+00
    endloop
  endfacet
  facet normal -6.132743e-01 -7.836330e-01 -9.906569e-02
    outer loop
      vertex   -2.469561e+02 -3.603291e+01 0.000000e+00
      vertex   -2.493672e+02 -4.046687e+01 5.000000e+01
      vertex   -2.522229e+02 -3.823201e+01 5.000000e+01
    endloop
  endfacet
  facet normal -6.263919e-01 -7.730696e-01 -9.998285e-02
    outer loop
      vertex   -2.469561e+02 -3.603291e+01 0.000000e+00
      vertex   -2.522229e+02 -3.823201e+01 5.000000e+01
      vertex   -2.496607e+02 -3.384142e+01 0.000000e+00
    endloop
  endfacet
  facet normal -6.684621e-01 -7.371302e-01 -9.898274e-02
    outer loop
      vertex   -2.496607e+02 -3.384142e+01 0.000000e+00
      vertex   -2.522229e+02 -3.823201e+01 5.000000e+01
      vertex   -2.549091e+02 -3.579606e+01 5.000000e+01
    endloop
  endfacet
  facet normal -6.842697e-01 -7.223312e-01 -1.000635e-01
    outer loop
      vertex   -2.496607e+02 -3.384142e+01 0.000000e+00
      vertex   -2.549091e+02 -3.579606e+01 5.000000e+01
      vertex   -2.521879e+02 -3.144742e+01 0.000000e+00
    endloop
  endfacet
  facet normal -7.201333e-01 -6.867480e-01 -9.892052e-02
    outer loop
      vertex   -2.521879e+02 -3.144742e+01 0.000000e+00
      vertex   -2.549091e+02 -3.579606e+01 5.000000e+01
      vertex   -2.574116e+02 -3.317183e+01 5.000000e+01
    endloop
  endfacet
  facet normal -7.380535e-01 -6.672726e-01 -1.001211e-01
    outer loop
      vertex   -2.521879e+02 -3.144742e+01 0.000000e+00
      vertex   -2.574116e+02 -3.317183e+01 5.000000e+01
      vertex   -2.545224e+02 -2.886523e+01 0.000000e+00
    endloop
  endfacet
  facet normal -7.680158e-01 -6.327517e-01 -9.887904e-02
    outer loop
      vertex   -2.545224e+02 -2.886523e+01 0.000000e+00
      vertex   -2.574116e+02 -3.317183e+01 5.000000e+01
      vertex   -2.597174e+02 -3.037312e+01 5.000000e+01
    endloop
  endfacet
  facet normal -7.874220e-01 -6.082231e-01 -1.001556e-01
    outer loop
      vertex   -2.545224e+02 -2.886523e+01 0.000000e+00
      vertex   -2.597174e+02 -3.037312e+01 5.000000e+01
      vertex   -2.566504e+02 -2.611032e+01 0.000000e+00
    endloop
  endfacet
  facet normal -8.118574e-01 -5.754256e-01 -9.885830e-02
    outer loop
      vertex   -2.566504e+02 -2.611032e+01 0.000000e+00
      vertex   -2.597174e+02 -3.037312e+01 5.000000e+01
      vertex   -2.618143e+02 -2.741466e+01 5.000000e+01
    endloop
  endfacet
  facet normal -8.320802e-01 -5.455357e-01 -1.001671e-01
    outer loop
      vertex   -2.566504e+02 -2.611032e+01 0.000000e+00
      vertex   -2.618143e+02 -2.741466e+01 5.000000e+01
      vertex   -2.585590e+02 -2.319915e+01 0.000000e+00
    endloop
  endfacet
  facet normal -8.514272e-01 -5.150716e-01 -9.885830e-02
    outer loop
      vertex   -2.585590e+02 -2.319915e+01 0.000000e+00
      vertex   -2.618143e+02 -2.741466e+01 5.000000e+01
      vertex   -2.636913e+02 -2.431200e+01 5.000000e+01
    endloop
  endfacet
  facet normal -8.717610e-01 -4.795849e-01 -1.001556e-01
    outer loop
      vertex   -2.585590e+02 -2.319915e+01 0.000000e+00
      vertex   -2.636913e+02 -2.431200e+01 5.000000e+01
      vertex   -2.602369e+02 -2.014916e+01 0.000000e+00
    endloop
  endfacet
  facet normal -8.865169e-01 -4.520075e-01 -9.887904e-02
    outer loop
      vertex   -2.602369e+02 -2.014916e+01 0.000000e+00
      vertex   -2.636913e+02 -2.431200e+01 5.000000e+01
      vertex   -2.653384e+02 -2.108147e+01 5.000000e+01
    endloop
  endfacet
  facet normal -9.062272e-01 -4.107651e-01 -1.001211e-01
    outer loop
      vertex   -2.602369e+02 -2.014916e+01 0.000000e+00
      vertex   -2.653384e+02 -2.108147e+01 5.000000e+01
      vertex   -2.616741e+02 -1.697859e+01 0.000000e+00
    endloop
  endfacet
  facet normal -9.169416e-01 -3.865654e-01 -9.892052e-02
    outer loop
      vertex   -2.616741e+02 -1.697859e+01 0.000000e+00
      vertex   -2.653384e+02 -2.108147e+01 5.000000e+01
      vertex   -2.667471e+02 -1.774005e+01 5.000000e+01
    endloop
  endfacet
  facet normal -9.352730e-01 -3.394875e-01 -1.000635e-01
    outer loop
      vertex   -2.616741e+02 -1.697859e+01 0.000000e+00
      vertex   -2.667471e+02 -1.774005e+01 5.000000e+01
      vertex   -2.628618e+02 -1.370643e+01 0.000000e+00
    endloop
  endfacet
  facet normal -9.425413e-01 -3.190899e-01 -9.898274e-02
    outer loop
      vertex   -2.628618e+02 -1.370643e+01 0.000000e+00
      vertex   -2.667471e+02 -1.774005e+01 5.000000e+01
      vertex   -2.679099e+02 -1.430532e+01 5.000000e+01
    endloop
  endfacet
  facet normal -9.587245e-01 -2.661782e-01 -9.998285e-02
    outer loop
      vertex   -2.628618e+02 -1.370643e+01 0.000000e+00
      vertex   -2.679099e+02 -1.430532e+01 5.000000e+01
      vertex   -2.637930e+02 -1.035224e+01 0.000000e+00
    endloop
  endfacet
  facet normal -9.631811e-01 -2.499364e-01 -9.906569e-02
    outer loop
      vertex   -2.637930e+02 -1.035224e+01 0.000000e+00
      vertex   -2.679099e+02 -1.430532e+01 5.000000e+01
      vertex   -2.688207e+02 -1.079535e+01 5.000000e+01
    endloop
  endfacet
  facet normal -9.764415e-01 -1.912752e-01 -9.987919e-02
    outer loop
      vertex   -2.637930e+02 -1.035224e+01 0.000000e+00
      vertex   -2.688207e+02 -1.079535e+01 5.000000e+01
      vertex   -2.644622e+02 -6.936101e+00 0.000000e+00
    endloop
  endfacet
  facet normal -9.787524e-01 -1.794691e-01 -9.916938e-02
    outer loop
      vertex   -2.644622e+02 -6.936101e+00 0.000000e+00
      vertex   -2.688207e+02 -1.079535e+01 5.000000e+01
      vertex   -2.694747e+02 -7.228604e+00 5.000000e+01
    endloop
  endfacet
  facet normal -9.883179e-01 -1.152264e-01 -9.975249e-02
    outer loop
      vertex   -2.644622e+02 -6.936101e+00 0.000000e+00
      vertex   -2.694747e+02 -7.228604e+00 5.000000e+01
      vertex   -2.648654e+02 -3.478458e+00 0.000000e+00
    endloop
  endfacet
  facet normal -9.891734e-01 -1.080591e-01 -9.929379e-02
    outer loop
      vertex   -2.648654e+02 -3.478458e+00 0.000000e+00
      vertex   -2.694747e+02 -7.228604e+00 5.000000e+01
      vertex   -2.698685e+02 -3.623832e+00 5.000000e+01
    endloop
  endfacet
  facet normal -9.942827e-01 -3.848614e-02 -9.960276e-02
    outer loop
      vertex   -2.648654e+02 -3.478458e+00 0.000000e+00
      vertex   -2.698685e+02 -3.623832e+00 5.000000e+01
      vertex   -2.650000e+02 2.549493e-14 0.000000e+00
    endloop
  endfacet
  facet normal -9.943892e-01 -3.608244e-02 -9.943892e-02
    outer loop
      vertex   -2.650000e+02 2.549493e-14 0.000000e+00
      vertex   -2.698685e+02 -3.623832e+00 5.000000e+01
      vertex   -2.700000e+02 -1.608123e-14 5.000000e+01
    endloop
  endfacet
  facet normal -9.943892e-01 3.608244e-02 -9.943892e-02
    outer loop
      vertex   -2.650000e+02 2.549493e-14 0.000000e+00
      vertex   -2.700000e+02 -1.608123e-14 5.000000e+01
      vertex   -2.698685e+02 3.623832e+00 5.000000e+01
    endloop
  endfacet
  facet normal -9.942827e-01 3.848614e-02 -9.960276e-02
    outer loop
      vertex   -2.650000e+02 2.549493e-14 0.000000e+00
      vertex   -2.698685e+02 3.623832e+00 5.000000e+01
      vertex   -2.648654e+02 3.478458e+00 0.000000e+00
    endloop
  endfacet
  facet normal -9.891734e-01 1.080591e-01 -9.929379e-02
    outer loop
      vertex   -2.648654e+02 3.478458e+00 0.000000e+00
      vertex   -2.698685e+02 3.623832e+00 5.000000e+01
      vertex   -2.694747e+02 7.228604e+00 5.000000e+01
    endloop
  endfacet
  facet normal -9.883179e-01 1.152264e-01 -9.975249e-02
    outer loop
      vertex   -2.648654e+02 3.478458e+00 0.000000e+00
      vertex   -2.694747e+02 7.228604e+00 5.000000e+01
      vertex   -2.644622e+02 6.936101e+00 0.000000e+00
    endloop
  endfacet
  facet normal -9.787524e-01 1.794691e-01 -9.916938e-02
    outer loop
      vertex   -2.644622e+02 6.936101e+00 0.000000e+00
      vertex   -2.694747e+02 7.228604e+00 5.000000e+01
      vertex   -2.688207e+02 1.079535e+01 5.000000e+01
    endloop
  endfacet
  facet normal -9.764415e-01 1.912752e-01 -9.987919e-02
    outer loop
      vertex   -2.644622e+02 6.936101e+00 0.000000e+00
      vertex   -2.688207e+02 1.079535e+01 5.000000e+01
      vertex   -2.637930e+02 1.035224e+01 0.000000e+00
    endloop
  endfacet
  facet normal -9.631811e-01 2.499364e-01 -9.906569e-02
    outer loop
      vertex   -2.637930e+02 1.035224e+01 0.000000e+00
      vertex   -2.688207e+02 1.079535e+01 5.000000e+01
      vertex   -2.679099e+02 1.430532e+01 5.000000e+01
    endloop
  endfacet
  facet normal -9.587245e-01 2.661782e-01 -9.998285e-02
    outer loop
      vertex   -2.637930e+02 1.035224e+01 0.000000e+00
      vertex   -2.679099e+02 1.430532e+01 5.000000e+01
      vertex   -2.628618e+02 1.370643e+01 0.000000e+00
    endloop
  endfacet
  facet normal -9.425413e-01 3.190899e-01 -9.898274e-02
    outer loop
      vertex   -2.628618e+02 1.370643e+01 0.000000e+00
      vertex   -2.679099e+02 1.430532e+01 5.000000e+01
      vertex   -2.667471e+02 1.774005e+01 5.000000e+01
    endloop
  endfacet
  facet normal -9.352730e-01 3.394875e-01 -1.000635e-01
    outer loop
      vertex   -2.628618e+02 1.370643e+01 0.000000e+00
      vertex   -2.667471e+02 1.774005e+01 5.000000e+01
      vertex   -2.616741e+02 1.697859e+01 0.000000e+00
    endloop
  endfacet
  facet normal -9.169416e-01 3.865654e-01 -9.892052e-02
    outer loop
      vertex   -2.616741e+02 1.697859e+01 0.000000e+00
      vertex   -2.667471e+02 1.774005e+01 5.000000e+01
      vertex   -2.653384e+02 2.108147e+01 5.000000e+01
    endloop
  endfacet
  facet normal -9.062272e-01 4.107651e-01 -1.001211e-01
    outer loop
      vertex   -2.616741e+02 1.697859e+01 0.000000e+00
      vertex   -2.653384e+02 2.108147e+01 5.000000e+01
      vertex   -2.602369e+02 2.014916e+01 0.000000e+00
    endloop
  endfacet
  facet normal -8.865169e-01 4.520075e-01 -9.887904e-02
    outer loop
      vertex   -2.602369e+02 2.014916e+01 0.000000e+00
      vertex   -2.653384e+02 2.108147e+01 5.000000e+01
      vertex   -2.636913e+02 2.431200e+01 5.000000e+01
    endloop
  endfacet
  facet normal -8.717610e-01 4.795849e-01 -1.001556e-01
    outer loop
      vertex   -2.602369e+02 2.014916e+01 0.000000e+00
      vertex   -2.636913e+02 2.431200e+01 5.000000e+01
      vertex   -2.585590e+02 2.319915e+01 0.000000e+00
    endloop
  endfacet
  facet normal -8.514272e-01 5.150716e-01 -9.885830e-02
    outer loop
      vertex   -2.585590e+02 2.319915e+01 0.000000e+00
      vertex   -2.636913e+02 2.431200e+01 5.000000e+01
      vertex   -2.618143e+02 2.741466e+01 5.000000e+01
    endloop
  endfacet
  facet normal -8.320802e-01 5.455357e-01 -1.001671e-01
    outer loop
      vertex   -2.585590e+02 2.319915e+01 0.000000e+00
      vertex   -2.618143e+02 2.741466e+01 5.000000e+01
      vertex   -2.566504e+02 2.611032e+01 0.000000e+00
    endloop
  endfacet
  facet normal -8.118574e-01 5.754256e-01 -9.885830e-02
    outer loop
      vertex   -2.566504e+02 2.611032e+01 0.000000e+00
      vertex   -2.618143e+02 2.741466e+01 5.000000e+01
      vertex   -2.597174e+02 3.037312e+01 5.000000e+01
    endloop
  endfacet
  facet normal -7.874220e-01 6.082231e-01 -1.001556e-01
    outer loop
      vertex   -2.566504e+02 2.611032e+01 0.000000e+00
      vertex   -2.597174e+02 3.037312e+01 5.000000e+01
      vertex   -2.545224e+02 2.886523e+01 0.000000e+00
    endloop
  endfacet
  facet normal -7.680158e-01 6.327517e-01 -9.887904e-02
    outer loop
      vertex   -2.545224e+02 2.886523e+01 0.000000e+00
      vertex   -2.597174e+02 3.037312e+01 5.000000e+01
      vertex   -2.574116e+02 3.317183e+01 5.000000e+01
    endloop
  endfacet
  facet normal -7.380535e-01 6.672726e-01 -1.001211e-01
    outer loop
      vertex   -2.545224e+02 2.886523e+01 0.000000e+00
      vertex   -2.574116e+02 3.317183e+01 5.000000e+01
      vertex   -2.521879e+02 3.144742e+01 0.000000e+00
    endloop
  endfacet
  facet normal -7.201333e-01 6.867480e-01 -9.892052e-02
    outer loop
      vertex   -2.521879e+02 3.144742e+01 0.000000e+00
      vertex   -2.574116e+02 3.317183e+01 5.000000e+01
      vertex   -2.549091e+02 3.579606e+01 5.000000e+01
    endloop
  endfacet
  facet normal -6.842697e-01 7.223312e-01 -1.000635e-01
    outer loop
      vertex   -2.521879e+02 3.144742e+01 0.000000e+00
      vertex   -2.549091e+02 3.579606e+01 5.000000e+01
      vertex   -2.496607e+02 3.384142e+01 0.000000e+00
    endloop
  endfacet
  facet normal -6.684621e-01 7.371302e-01 -9.898274e-02
    outer loop
      vertex   -2.496607e+02 3.384142e+01 0.000000e+00
      vertex   -2.549091e+02 3.579606e+01 5.000000e+01
      vertex   -2.522229e+02 3.823201e+01 5.000000e+01
    endloop
  endfacet
  facet normal -6.263919e-01 7.730696e-01 -9.998285e-02
    outer loop
      vertex   -2.496607e+02 3.384142e+01 0.000000e+00
      vertex   -2.522229e+02 3.823201e+01 5.000000e+01
      vertex   -2.469561e+02 3.603291e+01 0.000000e+00
    endloop
  endfacet
  facet normal -6.132743e-01 7.836330e-01 -9.906569e-02
    outer loop
      vertex   -2.469561e+02 3.603291e+01 0.000000e+00
      vertex   -2.522229e+02 3.823201e+01 5.000000e+01
      vertex   -2.493672e+02 4.046687e+01 5.000000e+01
    endloop
  endfacet
  facet normal -5.647660e-01 8.191847e-01 -9.987919e-02
    outer loop
      vertex   -2.469561e+02 3.603291e+01 0.000000e+00
      vertex   -2.493672e+02 4.046687e+01 5.000000e+01
      vertex   -2.440901e+02 3.800878e+01 0.000000e+00
    endloop
  endfacet
  facet normal -5.548606e-01 8.260116e-01 -9.916938e-02
    outer loop
      vertex   -2.440901e+02 3.800878e+01 0.000000e+00
      vertex   -2.493672e+02 4.046687e+01 5.000000e+01
      vertex   -2.463571e+02 4.248889e+01 5.000000e+01
    endloop
  endfacet
  facet normal -4.997604e-01 8.604005e-01 -9.975249e-02
    outer loop
      vertex   -2.440901e+02 3.800878e+01 0.000000e+00
      vertex   -2.463571e+02 4.248889e+01 5.000000e+01
      vertex   -2.410800e+02 3.975720e+01 0.000000e+00
    endloop
  endfacet
  facet normal -4.935287e-01 8.640429e-01 -9.929379e-02
    outer loop
      vertex   -2.410800e+02 3.975720e+01 0.000000e+00
      vertex   -2.463571e+02 4.248889e+01 5.000000e+01
      vertex   -2.432083e+02 4.428742e+01 5.000000e+01
    endloop
  endfacet
  facet normal -4.317634e-01 8.964707e-01 -9.960276e-02
    outer loop
      vertex   -2.410800e+02 3.975720e+01 0.000000e+00
      vertex   -2.432083e+02 4.428742e+01 5.000000e+01
      vertex   -2.379437e+02 4.126770e+01 0.000000e+00
    endloop
  endfacet
  facet normal -4.296016e-01 8.975268e-01 -9.943892e-02
    outer loop
      vertex   -2.379437e+02 4.126770e+01 0.000000e+00
      vertex   -2.432083e+02 4.428742e+01 5.000000e+01
      vertex   -2.399375e+02 4.585300e+01 5.000000e+01
    endloop
  endfacet
  facet normal -3.634220e-01 9.263025e-01 -9.943892e-02
    outer loop
      vertex   -2.379437e+02 4.126770e+01 0.000000e+00
      vertex   -2.399375e+02 4.585300e+01 5.000000e+01
      vertex   -2.365617e+02 4.717742e+01 5.000000e+01
    endloop
  endfacet
  facet normal -3.611752e-01 9.271633e-01 -9.960276e-02
    outer loop
      vertex   -2.379437e+02 4.126770e+01 0.000000e+00
      vertex   -2.365617e+02 4.717742e+01 5.000000e+01
      vertex   -2.347001e+02 4.253126e+01 0.000000e+00
    endloop
  endfacet
  facet normal -2.953353e-01 9.502199e-01 -9.929379e-02
    outer loop
      vertex   -2.347001e+02 4.253126e+01 0.000000e+00
      vertex   -2.365617e+02 4.717742e+01 5.000000e+01
      vertex   -2.330989e+02 4.825368e+01 5.000000e+01
    endloop
  endfacet
  facet normal -2.884213e-01 9.522933e-01 -9.975249e-02
    outer loop
      vertex   -2.347001e+02 4.253126e+01 0.000000e+00
      vertex   -2.330989e+02 4.825368e+01 5.000000e+01
      vertex   -2.313685e+02 4.354031e+01 0.000000e+00
    endloop
  endfacet
  facet normal -2.256926e-01 9.691379e-01 -9.916938e-02
    outer loop
      vertex   -2.313685e+02 4.354031e+01 0.000000e+00
      vertex   -2.330989e+02 4.825368e+01 5.000000e+01
      vertex   -2.295672e+02 4.907615e+01 5.000000e+01
    endloop
  endfacet
  facet normal -2.139442e-01 9.717263e-01 -9.987919e-02
    outer loop
      vertex   -2.313685e+02 4.354031e+01 0.000000e+00
      vertex   -2.295672e+02 4.907615e+01 5.000000e+01
      vertex   -2.279688e+02 4.428880e+01 0.000000e+00
    endloop
  endfacet
  facet normal -1.548608e-01 9.829568e-01 -9.906569e-02
    outer loop
      vertex   -2.279688e+02 4.428880e+01 0.000000e+00
      vertex   -2.295672e+02 4.907615e+01 5.000000e+01
      vertex   -2.259852e+02 4.964048e+01 5.000000e+01
    endloop
  endfacet
  facet normal -1.381891e-01 9.853462e-01 -9.998285e-02
    outer loop
      vertex   -2.279688e+02 4.428880e+01 0.000000e+00
      vertex   -2.259852e+02 4.964048e+01 5.000000e+01
      vertex   -2.245215e+02 4.477227e+01 0.000000e+00
    endloop
  endfacet
  facet normal -8.321283e-02 9.916038e-01 -9.898274e-02
    outer loop
      vertex   -2.245215e+02 4.477227e+01 0.000000e+00
      vertex   -2.259852e+02 4.964048e+01 5.000000e+01
      vertex   -2.223717e+02 4.994372e+01 5.000000e+01
    endloop
  endfacet
  facet normal -6.160878e-02 9.930718e-01 -1.000635e-01
    outer loop
      vertex   -2.245215e+02 4.477227e+01 0.000000e+00
      vertex   -2.223717e+02 4.994372e+01 5.000000e+01
      vertex   -2.210471e+02 4.498782e+01 0.000000e+00
    endloop
  endfacet
  facet normal -1.112594e-02 9.950331e-01 -9.892052e-02
    outer loop
      vertex   -2.210471e+02 4.498782e+01 0.000000e+00
      vertex   -2.223717e+02 4.994372e+01 5.000000e+01
      vertex   -2.187457e+02 4.998426e+01 5.000000e+01
    endloop
  endfacet
  facet normal 1.533900e-02 9.948570e-01 -1.001211e-01
    outer loop
      vertex   -2.210471e+02 4.498782e+01 0.000000e+00
      vertex   -2.187457e+02 4.998426e+01 5.000000e+01
      vertex   -2.175665e+02 4.493415e+01 0.000000e+00
    endloop
  endfacet
  facet normal 6.102023e-02 9.932268e-01 -9.887904e-02
    outer loop
      vertex   -2.175665e+02 4.493415e+01 0.000000e+00
      vertex   -2.187457e+02 4.998426e+01 5.000000e+01
      vertex   -2.151263e+02 4.976190e+01 5.000000e+01
    endloop
  endfacet
  facet normal 9.219431e-02 9.906912e-01 -1.001556e-01
    outer loop
      vertex   -2.175665e+02 4.493415e+01 0.000000e+00
      vertex   -2.151263e+02 4.976190e+01 5.000000e+01
      vertex   -2.141004e+02 4.461159e+01 0.000000e+00
    endloop
  endfacet
  facet normal 1.328458e-01 9.861942e-01 -9.885830e-02
    outer loop
      vertex   -2.141004e+02 4.461159e+01 0.000000e+00
      vertex   -2.151263e+02 4.976190e+01 5.000000e+01
      vertex   -2.115325e+02 4.927780e+01 5.000000e+01
    endloop
  endfacet
  facet normal 1.684978e-01 9.805993e-01 -1.001671e-01
    outer loop
      vertex   -2.141004e+02 4.461159e+01 0.000000e+00
      vertex   -2.115325e+02 4.927780e+01 5.000000e+01
      vertex   -2.106696e+02 4.402208e+01 0.000000e+00
    endloop
  endfacet
  facet normal 2.039725e-01 9.739724e-01 -9.885830e-02
    outer loop
      vertex   -2.106696e+02 4.402208e+01 0.000000e+00
      vertex   -2.115325e+02 4.927780e+01 5.000000e+01
      vertex   -2.079833e+02 4.853451e+01 5.000000e+01
    endloop
  endfacet
  facet normal 2.437933e-01 9.646417e-01 -1.001556e-01
    outer loop
      vertex   -2.106696e+02 4.402208e+01 0.000000e+00
      vertex   -2.079833e+02 4.853451e+01 5.000000e+01
      vertex   -2.072946e+02 4.316913e+01 0.000000e+00
    endloop
  endfacet
  facet normal 2.740257e-01 9.566258e-01 -9.887904e-02
    outer loop
      vertex   -2.072946e+02 4.316913e+01 0.000000e+00
      vertex   -2.079833e+02 4.853451e+01 5.000000e+01
      vertex   -2.044973e+02 4.753594e+01 5.000000e+01
    endloop
  endfacet
  facet normal 3.176309e-01 9.429138e-01 -1.001211e-01
    outer loop
      vertex   -2.072946e+02 4.316913e+01 0.000000e+00
      vertex   -2.044973e+02 4.753594e+01 5.000000e+01
      vertex   -2.039957e+02 4.205785e+01 0.000000e+00
    endloop
  endfacet
  facet normal 3.426367e-01 9.342456e-01 -9.892052e-02
    outer loop
      vertex   -2.039957e+02 4.205785e+01 0.000000e+00
      vertex   -2.044973e+02 4.753594e+01 5.000000e+01
      vertex   -2.010928e+02 4.628734e+01 5.000000e+01
    endloop
  endfacet
  facet normal 3.895692e-01 9.155453e-01 -1.000635e-01
    outer loop
      vertex   -2.039957e+02 4.205785e+01 0.000000e+00
      vertex   -2.010928e+02 4.628734e+01 5.000000e+01
      vertex   -2.007926e+02 4.069490e+01 0.000000e+00
    endloop
  endfacet
  facet normal 4.094440e-01 9.069498e-01 -9.898274e-02
    outer loop
      vertex   -2.007926e+02 4.069490e+01 0.000000e+00
      vertex   -2.010928e+02 4.628734e+01 5.000000e+01
      vertex   -1.977878e+02 4.479528e+01 5.000000e+01
    endloop
  endfacet
  facet normal 4.591781e-01 8.826998e-01 -9.998285e-02
    outer loop
      vertex   -2.007926e+02 4.069490e+01 0.000000e+00
      vertex   -1.977878e+02 4.479528e+01 5.000000e+01
      vertex   -1.977044e+02 3.908842e+01 0.000000e+00
    endloop
  endfacet
  facet normal 4.740960e-01 8.748823e-01 -9.906569e-02
    outer loop
      vertex   -1.977044e+02 3.908842e+01 0.000000e+00
      vertex   -1.977878e+02 4.479528e+01 5.000000e+01
      vertex   -1.945996e+02 4.306761e+01 5.000000e+01
    endloop
  endfacet
  facet normal 5.260416e-01 8.445735e-01 -9.987919e-02
    outer loop
      vertex   -1.977044e+02 3.908842e+01 0.000000e+00
      vertex   -1.945996e+02 4.306761e+01 5.000000e+01
      vertex   -1.947496e+02 3.724803e+01 0.000000e+00
    endloop
  endfacet
  facet normal 5.362521e-01 8.382119e-01 -9.916938e-02
    outer loop
      vertex   -1.947496e+02 3.724803e+01 0.000000e+00
      vertex   -1.945996e+02 4.306761e+01 5.000000e+01
      vertex   -1.915450e+02 4.111341e+01 5.000000e+01
    endloop
  endfacet
  facet normal 5.897600e-01 8.013942e-01 -9.975249e-02
    outer loop
      vertex   -1.947496e+02 3.724803e+01 0.000000e+00
      vertex   -1.915450e+02 4.111341e+01 5.000000e+01
      vertex   -1.919459e+02 3.518475e+01 0.000000e+00
    endloop
  endfacet
  facet normal 5.955852e-01 7.971318e-01 -9.929379e-02
    outer loop
      vertex   -1.919459e+02 3.518475e+01 0.000000e+00
      vertex   -1.915450e+02 4.111341e+01 5.000000e+01
      vertex   -1.886401e+02 3.894296e+01 5.000000e+01
    endloop
  endfacet
  facet normal 6.499528e-01 7.534193e-01 -9.960276e-02
    outer loop
      vertex   -1.919459e+02 3.518475e+01 0.000000e+00
      vertex   -1.886401e+02 3.894296e+01 5.000000e+01
      vertex   -1.893101e+02 3.291091e+01 0.000000e+00
    endloop
  endfacet
  facet normal 6.517833e-01 7.518579e-01 -9.943893e-02
    outer loop
      vertex   -1.893101e+02 3.291091e+01 0.000000e+00
      vertex   -1.886401e+02 3.894296e+01 5.000000e+01
      vertex   -1.859001e+02 3.656768e+01 5.000000e+01
    endloop
  endfacet
  facet normal 9.893511e-01 -1.060548e-01 -9.968304e-02
    outer loop
      vertex   -1.753690e+02 -5.750811e+00 4.440892e-15
      vertex   -1.751641e+02 -3.839712e+00 0.000000e+00
      vertex   -1.703223e+02 -5.668075e+00 5.000000e+01
    endloop
  endfacet
  facet normal 9.905952e-01 -9.406226e-02 -9.936498e-02
    outer loop
      vertex   -1.703223e+02 -5.668075e+00 5.000000e+01
      vertex   -1.751641e+02 -3.839712e+00 0.000000e+00
      vertex   -1.701433e+02 -3.783238e+00 5.000000e+01
    endloop
  endfacet
  facet normal 9.929819e-01 -6.371065e-02 -9.963892e-02
    outer loop
      vertex   -1.701433e+02 -3.783238e+00 5.000000e+01
      vertex   -1.751641e+02 -3.839712e+00 0.000000e+00
      vertex   -1.750410e+02 -1.921609e+00 0.000000e+00
    endloop
  endfacet
  facet normal 9.934412e-01 -5.649107e-02 -9.941511e-02
    outer loop
      vertex   -1.701433e+02 -3.783238e+00 5.000000e+01
      vertex   -1.750410e+02 -1.921609e+00 0.000000e+00
      vertex   -1.700358e+02 -1.892976e+00 5.000000e+01
    endloop
  endfacet
  facet normal 9.948035e-01 -2.124995e-02 -9.957166e-02
    outer loop
      vertex   -1.700358e+02 -1.892976e+00 5.000000e+01
      vertex   -1.750410e+02 -1.921609e+00 0.000000e+00
      vertex   -1.750000e+02 0.000000e+00 0.000000e+00
    endloop
  endfacet
  facet normal 9.948606e-01 -1.883923e-02 -9.948606e-02
    outer loop
      vertex   -1.700358e+02 -1.892976e+00 5.000000e+01
      vertex   -1.750000e+02 0.000000e+00 0.000000e+00
      vertex   -1.700000e+02 0.000000e+00 5.000000e+01
    endloop
  endfacet
  facet normal -8.938794e-01 -4.392838e-01 8.949536e-02
    outer loop
      vertex   -1.753690e+02 5.750811e+00 0.000000e+00
      vertex   -1.750000e+02 5.000000e+00 0.000000e+00
      vertex   -1.703223e+02 5.668075e+00 5.000000e+01
    endloop
  endfacet
  facet normal -8.970326e-01 -4.327653e-01 8.970326e-02
    outer loop
      vertex   -1.703223e+02 5.668075e+00 5.000000e+01
      vertex   -1.750000e+02 5.000000e+00 0.000000e+00
      vertex   -1.700000e+02 5.000000e+00 5.000000e+01
    endloop
  endfacet
  facet normal 4.190882e-01 9.079455e-01 -0.000000e+00
    outer loop
      vertex   -1.200000e+02 5.000000e+00 0.000000e+00
      vertex   -1.240624e+02 6.875111e+00 2.500000e+01
      vertex   -1.200000e+02 5.000000e+00 5.000000e+01
    endloop
  endfacet
  facet normal 4.489496e-01 8.935374e-01 -5.933010e-03
    outer loop
      vertex   -1.200000e+02 5.000000e+00 5.000000e+01
      vertex   -1.240624e+02 6.875111e+00 2.500000e+01
      vertex   -1.240071e+02 6.930354e+00 3.750000e+01
    endloop
  endfacet
  facet normal 4.489496e-01 8.935374e-01 -5.933010e-03
    outer loop
      vertex   -1.200000e+02 5.000000e+00 5.000000e+01
      vertex   -1.240071e+02 6.930354e+00 3.750000e+01
      vertex   -1.239795e+02 6.957976e+00 4.375000e+01
    endloop
  endfacet
  facet normal 4.414631e-01 8.972599e-01 -5.916376e-03
    outer loop
      vertex   -1.239795e+02 6.957976e+00 4.375000e+01
      vertex   -1.240071e+02 6.930354e+00 3.750000e+01
      vertex   -1.279591e+02 8.915951e+00 4.375000e+01
    endloop
  endfacet
  facet normal 4.414708e-01 8.972756e-01 1.986582e-15
    outer loop
      vertex   -1.239795e+02 6.957976e+00 4.375000e+01
      vertex   -1.279591e+02 8.915951e+00 4.375000e+01
      vertex   -1.200000e+02 5.000000e+00 5.000000e+01
    endloop
  endfacet
  facet normal 4.414708e-01 8.972756e-01 -1.537999e-15
    outer loop
      vertex   -1.200000e+02 5.000000e+00 5.000000e+01
      vertex   -1.279591e+02 8.915951e+00 4.375000e+01
      vertex   -1.319386e+02 1.087393e+01 4.375000e+01
    endloop
  endfacet
  facet normal 4.414708e-01 8.972756e-01 -2.050666e-15
    outer loop
      vertex   -1.200000e+02 5.000000e+00 5.000000e+01
      vertex   -1.319386e+02 1.087393e+01 4.375000e+01
      vertex   -1.359181e+02 1.283190e+01 4.375000e+01
    endloop
  endfacet
  facet normal 4.414013e-01 8.971343e-01 -1.774664e-02
    outer loop
      vertex   -1.359181e+02 1.283190e+01 4.375000e+01
      vertex   -1.319386e+02 1.087393e+01 4.375000e+01
      vertex   -1.320214e+02 1.079106e+01 3.750000e+01
    endloop
  endfacet
  facet normal 4.338751e-01 9.006641e-01 -2.359154e-02
    outer loop
      vertex   -1.359181e+02 1.283190e+01 4.375000e+01
      vertex   -1.320214e+02 1.079106e+01 3.750000e+01
      vertex   -1.360286e+02 1.272142e+01 3.750000e+01
    endloop
  endfacet
  facet normal 4.339279e-01 9.007738e-01 -1.769581e-02
    outer loop
      vertex   -1.360286e+02 1.272142e+01 3.750000e+01
      vertex   -1.320214e+02 1.079106e+01 3.750000e+01
      vertex   -1.321872e+02 1.062533e+01 2.500000e+01
    endloop
  endfacet
  facet normal 4.189729e-01 9.076958e-01 -2.345241e-02
    outer loop
      vertex   -1.360286e+02 1.272142e+01 3.750000e+01
      vertex   -1.321872e+02 1.062533e+01 2.500000e+01
      vertex   -1.362496e+02 1.250045e+01 2.500000e+01
    endloop
  endfacet
  facet normal 4.190234e-01 9.078050e-01 -1.759143e-02
    outer loop
      vertex   -1.362496e+02 1.250045e+01 2.500000e+01
      vertex   -1.321872e+02 1.062533e+01 2.500000e+01
      vertex   -1.323529e+02 1.045961e+01 1.250000e+01
    endloop
  endfacet
  facet normal 4.041377e-01 9.144011e-01 -2.330869e-02
    outer loop
      vertex   -1.362496e+02 1.250045e+01 2.500000e+01
      vertex   -1.323529e+02 1.045961e+01 1.250000e+01
      vertex   -1.364705e+02 1.227948e+01 1.250000e+01
    endloop
  endfacet
  facet normal 4.042475e-01 9.146496e-01 2.777859e-15
    outer loop
      vertex   -1.364705e+02 1.227948e+01 1.250000e+01
      vertex   -1.323529e+02 1.045961e+01 1.250000e+01
      vertex   -1.200000e+02 5.000000e+00 0.000000e+00
    endloop
  endfacet
  facet normal 3.893819e-01 9.207852e-01 -2.316070e-02
    outer loop
      vertex   -1.364705e+02 1.227948e+01 1.250000e+01
      vertex   -1.200000e+02 5.000000e+00 0.000000e+00
      vertex   -1.533830e+02 1.911701e+01 3.469447e-17
    endloop
  endfacet
  facet normal 3.885491e-01 9.188158e-01 -6.933349e-02
    outer loop
      vertex   -1.867660e+02 3.323402e+01 0.000000e+00
      vertex   -1.694116e+02 2.683843e+01 1.250000e+01
      vertex   -1.533830e+02 1.911701e+01 3.469447e-17
    endloop
  endfacet
  facet normal 4.038088e-01 9.136568e-01 -4.657944e-02
    outer loop
      vertex   -1.533830e+02 1.911701e+01 3.469447e-17
      vertex   -1.694116e+02 2.683843e+01 1.250000e+01
      vertex   -1.611763e+02 2.319869e+01 1.250000e+01
    endloop
  endfacet
  facet normal 4.038088e-01 9.136568e-01 -4.657944e-02
    outer loop
      vertex   -1.533830e+02 1.911701e+01 3.469447e-17
      vertex   -1.611763e+02 2.319869e+01 1.250000e+01
      vertex   -1.529411e+02 1.955895e+01 1.250000e+01
    endloop
  endfacet
  facet normal 4.035626e-01 9.130998e-01 -5.818881e-02
    outer loop
      vertex   -1.529411e+02 1.955895e+01 1.250000e+01
      vertex   -1.611763e+02 2.319869e+01 1.250000e+01
      vertex   -1.606239e+02 2.375111e+01 2.500000e+01
    endloop
  endfacet
  facet normal 4.186277e-01 9.069479e-01 -4.686617e-02
    outer loop
      vertex   -1.529411e+02 1.955895e+01 1.250000e+01
      vertex   -1.606239e+02 2.375111e+01 2.500000e+01
      vertex   -1.524991e+02 2.000089e+01 2.500000e+01
    endloop
  endfacet
  facet normal 4.183693e-01 9.063881e-01 -5.854656e-02
    outer loop
      vertex   -1.524991e+02 2.000089e+01 2.500000e+01
      vertex   -1.606239e+02 2.375111e+01 2.500000e+01
      vertex   -1.600715e+02 2.430354e+01 3.750000e+01
    endloop
  endfacet
  facet normal 4.335133e-01 8.999131e-01 -4.714375e-02
    outer loop
      vertex   -1.524991e+02 2.000089e+01 2.500000e+01
      vertex   -1.600715e+02 2.430354e+01 3.750000e+01
      vertex   -1.520572e+02 2.044283e+01 3.750000e+01
    endloop
  endfacet
  facet normal 4.332426e-01 8.993511e-01 -5.889288e-02
    outer loop
      vertex   -1.520572e+02 2.044283e+01 3.750000e+01
      vertex   -1.600715e+02 2.430354e+01 3.750000e+01
      vertex   -1.597952e+02 2.457976e+01 4.375000e+01
    endloop
  endfacet
  facet normal 4.409771e-01 8.962722e-01 -4.727890e-02
    outer loop
      vertex   -1.520572e+02 2.044283e+01 3.750000e+01
      vertex   -1.597952e+02 2.457976e+01 4.375000e+01
      vertex   -1.518362e+02 2.066380e+01 4.375000e+01
    endloop
  endfacet
  facet normal 4.409771e-01 8.962722e-01 -4.727890e-02
    outer loop
      vertex   -1.518362e+02 2.066380e+01 4.375000e+01
      vertex   -1.597952e+02 2.457976e+01 4.375000e+01
      vertex   -1.516152e+02 2.088478e+01 5.000000e+01
    endloop
  endfacet
  facet normal 4.409771e-01 8.962722e-01 -4.727890e-02
    outer loop
      vertex   -1.518362e+02 2.066380e+01 4.375000e+01
      vertex   -1.516152e+02 2.088478e+01 5.000000e+01
      vertex   -1.478567e+02 1.870583e+01 4.375000e+01
    endloop
  endfacet
  facet normal 4.409771e-01 8.962722e-01 -4.727890e-02
    outer loop
      vertex   -1.478567e+02 1.870583e+01 4.375000e+01
      vertex   -1.516152e+02 2.088478e+01 5.000000e+01
      vertex   -1.438771e+02 1.674785e+01 4.375000e+01
    endloop
  endfacet
  facet normal 4.411929e-01 8.967108e-01 -3.547653e-02
    outer loop
      vertex   -1.478567e+02 1.870583e+01 4.375000e+01
      vertex   -1.438771e+02 1.674785e+01 4.375000e+01
      vertex   -1.440429e+02 1.658213e+01 3.750000e+01
    endloop
  endfacet
  facet normal 4.337243e-01 9.003510e-01 -3.537501e-02
    outer loop
      vertex   -1.440429e+02 1.658213e+01 3.750000e+01
      vertex   -1.438771e+02 1.674785e+01 4.375000e+01
      vertex   -1.400357e+02 1.465177e+01 3.750000e+01
    endloop
  endfacet
  facet normal 4.338072e-01 9.005232e-01 -2.948481e-02
    outer loop
      vertex   -1.440429e+02 1.658213e+01 3.750000e+01
      vertex   -1.400357e+02 1.465177e+01 3.750000e+01
      vertex   -1.403119e+02 1.437556e+01 2.500000e+01
    endloop
  endfacet
  facet normal 4.189081e-01 9.075554e-01 -2.931098e-02
    outer loop
      vertex   -1.403119e+02 1.437556e+01 2.500000e+01
      vertex   -1.400357e+02 1.465177e+01 3.750000e+01
      vertex   -1.362496e+02 1.250045e+01 2.500000e+01
    endloop
  endfacet
  facet normal 4.189729e-01 9.076958e-01 -2.345241e-02
    outer loop
      vertex   -1.403119e+02 1.437556e+01 2.500000e+01
      vertex   -1.362496e+02 1.250045e+01 2.500000e+01
      vertex   -1.364705e+02 1.227948e+01 1.250000e+01
    endloop
  endfacet
  facet normal 4.172553e-01 9.039745e-01 -9.342505e-02
    outer loop
      vertex   -1.832304e+02 3.676955e+01 5.000000e+01
      vertex   -1.768734e+02 3.125156e+01 2.500000e+01
      vertex   -1.867660e+02 3.323402e+01 0.000000e+00
    endloop
  endfacet
  facet normal 3.882123e-01 9.180193e-01 -8.081896e-02
    outer loop
      vertex   -1.867660e+02 3.323402e+01 0.000000e+00
      vertex   -1.768734e+02 3.125156e+01 2.500000e+01
      vertex   -1.776468e+02 3.047816e+01 1.250000e+01
    endloop
  endfacet
  facet normal 4.025010e-01 9.106978e-01 -9.285718e-02
    outer loop
      vertex   -1.867660e+02 3.323402e+01 0.000000e+00
      vertex   -1.776468e+02 3.047816e+01 1.250000e+01
      vertex   -1.694116e+02 2.683843e+01 1.250000e+01
    endloop
  endfacet
  facet normal 4.029083e-01 9.116194e-01 -8.133225e-02
    outer loop
      vertex   -1.694116e+02 2.683843e+01 1.250000e+01
      vertex   -1.776468e+02 3.047816e+01 1.250000e+01
      vertex   -1.768734e+02 3.125156e+01 2.500000e+01
    endloop
  endfacet
  facet normal 4.180542e-01 9.057054e-01 -7.020295e-02
    outer loop
      vertex   -1.694116e+02 2.683843e+01 1.250000e+01
      vertex   -1.768734e+02 3.125156e+01 2.500000e+01
      vertex   -1.687487e+02 2.750134e+01 2.500000e+01
    endloop
  endfacet
  facet normal 4.176827e-01 9.049005e-01 -8.183066e-02
    outer loop
      vertex   -1.687487e+02 2.750134e+01 2.500000e+01
      vertex   -1.768734e+02 3.125156e+01 2.500000e+01
      vertex   -1.761000e+02 3.202496e+01 3.750000e+01
    endloop
  endfacet
  facet normal 4.329124e-01 8.986657e-01 -7.061759e-02
    outer loop
      vertex   -1.687487e+02 2.750134e+01 2.500000e+01
      vertex   -1.761000e+02 3.202496e+01 3.750000e+01
      vertex   -1.680857e+02 2.816425e+01 3.750000e+01
    endloop
  endfacet
  facet normal 4.325231e-01 8.978576e-01 -8.231311e-02
    outer loop
      vertex   -1.680857e+02 2.816425e+01 3.750000e+01
      vertex   -1.761000e+02 3.202496e+01 3.750000e+01
      vertex   -1.757133e+02 3.241166e+01 4.375000e+01
    endloop
  endfacet
  facet normal 4.403623e-01 8.950227e-01 -7.081949e-02
    outer loop
      vertex   -1.680857e+02 2.816425e+01 3.750000e+01
      vertex   -1.757133e+02 3.241166e+01 4.375000e+01
      vertex   -1.677543e+02 2.849571e+01 4.375000e+01
    endloop
  endfacet
  facet normal 4.395059e-01 8.932821e-01 -9.424235e-02
    outer loop
      vertex   -1.677543e+02 2.849571e+01 4.375000e+01
      vertex   -1.757133e+02 3.241166e+01 4.375000e+01
      vertex   -1.832304e+02 3.676955e+01 5.000000e+01
    endloop
  endfacet
  facet normal 4.478239e-01 8.912970e-01 -7.101761e-02
    outer loop
      vertex   -1.677543e+02 2.849571e+01 4.375000e+01
      vertex   -1.832304e+02 3.676955e+01 5.000000e+01
      vertex   -1.516152e+02 2.088478e+01 5.000000e+01
    endloop
  endfacet
  facet normal 4.488311e-01 8.933016e-01 -2.372578e-02
    outer loop
      vertex   -1.200000e+02 5.000000e+00 5.000000e+01
      vertex   -1.359181e+02 1.283190e+01 4.375000e+01
      vertex   -1.516152e+02 2.088478e+01 5.000000e+01
    endloop
  endfacet
  facet normal 4.409771e-01 8.962722e-01 -4.727890e-02
    outer loop
      vertex   -1.516152e+02 2.088478e+01 5.000000e+01
      vertex   -1.359181e+02 1.283190e+01 4.375000e+01
      vertex   -1.398976e+02 1.478988e+01 4.375000e+01
    endloop
  endfacet
  facet normal 4.409771e-01 8.962722e-01 -4.727890e-02
    outer loop
      vertex   -1.516152e+02 2.088478e+01 5.000000e+01
      vertex   -1.398976e+02 1.478988e+01 4.375000e+01
      vertex   -1.438771e+02 1.674785e+01 4.375000e+01
    endloop
  endfacet
  facet normal 4.412777e-01 8.968833e-01 -2.956946e-02
    outer loop
      vertex   -1.438771e+02 1.674785e+01 4.375000e+01
      vertex   -1.398976e+02 1.478988e+01 4.375000e+01
      vertex   -1.400357e+02 1.465177e+01 3.750000e+01
    endloop
  endfacet
  facet normal 4.038088e-01 9.136568e-01 -4.657944e-02
    outer loop
      vertex   -1.447058e+02 1.591921e+01 1.250000e+01
      vertex   -1.533830e+02 1.911701e+01 3.469447e-17
      vertex   -1.488234e+02 1.773908e+01 1.250000e+01
    endloop
  endfacet
  facet normal 4.038088e-01 9.136568e-01 -4.657944e-02
    outer loop
      vertex   -1.488234e+02 1.773908e+01 1.250000e+01
      vertex   -1.533830e+02 1.911701e+01 3.469447e-17
      vertex   -1.529411e+02 1.955895e+01 1.250000e+01
    endloop
  endfacet
  facet normal 4.038088e-01 9.136568e-01 -4.657944e-02
    outer loop
      vertex   -1.488234e+02 1.773908e+01 1.250000e+01
      vertex   -1.529411e+02 1.955895e+01 1.250000e+01
      vertex   -1.524991e+02 2.000089e+01 2.500000e+01
    endloop
  endfacet
  facet normal 4.409771e-01 8.962722e-01 -4.727890e-02
    outer loop
      vertex   -1.677543e+02 2.849571e+01 4.375000e+01
      vertex   -1.516152e+02 2.088478e+01 5.000000e+01
      vertex   -1.597952e+02 2.457976e+01 4.375000e+01
    endloop
  endfacet
  facet normal 3.894798e-01 9.210168e-01 -5.791632e-03
    outer loop
      vertex   -1.240624e+02 6.875111e+00 2.500000e+01
      vertex   -1.200000e+02 5.000000e+00 0.000000e+00
      vertex   -1.241176e+02 6.819869e+00 1.250000e+01
    endloop
  endfacet
  facet normal 4.042475e-01 9.146496e-01 0.000000e+00
    outer loop
      vertex   -1.241176e+02 6.819869e+00 1.250000e+01
      vertex   -1.200000e+02 5.000000e+00 0.000000e+00
      vertex   -1.282353e+02 8.639738e+00 1.250000e+01
    endloop
  endfacet
  facet normal 4.042201e-01 9.145875e-01 -1.165672e-02
    outer loop
      vertex   -1.241176e+02 6.819869e+00 1.250000e+01
      vertex   -1.282353e+02 8.639738e+00 1.250000e+01
      vertex   -1.281248e+02 8.750223e+00 2.500000e+01
    endloop
  endfacet
  facet normal 4.190594e-01 9.078831e-01 -1.172863e-02
    outer loop
      vertex   -1.281248e+02 8.750223e+00 2.500000e+01
      vertex   -1.282353e+02 8.639738e+00 1.250000e+01
      vertex   -1.321872e+02 1.062533e+01 2.500000e+01
    endloop
  endfacet
  facet normal 4.190234e-01 9.078050e-01 -1.759143e-02
    outer loop
      vertex   -1.281248e+02 8.750223e+00 2.500000e+01
      vertex   -1.321872e+02 1.062533e+01 2.500000e+01
      vertex   -1.320214e+02 1.079106e+01 3.750000e+01
    endloop
  endfacet
  facet normal 4.190810e-01 9.079299e-01 -5.864615e-03
    outer loop
      vertex   -1.241176e+02 6.819869e+00 1.250000e+01
      vertex   -1.281248e+02 8.750223e+00 2.500000e+01
      vertex   -1.240624e+02 6.875111e+00 2.500000e+01
    endloop
  endfacet
  facet normal 4.190594e-01 9.078831e-01 -1.172863e-02
    outer loop
      vertex   -1.240624e+02 6.875111e+00 2.500000e+01
      vertex   -1.281248e+02 8.750223e+00 2.500000e+01
      vertex   -1.280143e+02 8.860708e+00 3.750000e+01
    endloop
  endfacet
  facet normal 4.339883e-01 9.008992e-01 -5.899425e-03
    outer loop
      vertex   -1.240624e+02 6.875111e+00 2.500000e+01
      vertex   -1.280143e+02 8.860708e+00 3.750000e+01
      vertex   -1.240071e+02 6.930354e+00 3.750000e+01
    endloop
  endfacet
  facet normal 4.339657e-01 9.008521e-01 -1.179823e-02
    outer loop
      vertex   -1.240071e+02 6.930354e+00 3.750000e+01
      vertex   -1.280143e+02 8.860708e+00 3.750000e+01
      vertex   -1.279591e+02 8.915951e+00 4.375000e+01
    endloop
  endfacet
  facet normal 4.032623e-01 9.124204e-01 -6.977461e-02
    outer loop
      vertex   -1.694116e+02 2.683843e+01 1.250000e+01
      vertex   -1.687487e+02 2.750134e+01 2.500000e+01
      vertex   -1.611763e+02 2.319869e+01 1.250000e+01
    endloop
  endfacet
  facet normal 4.183693e-01 9.063881e-01 -5.854656e-02
    outer loop
      vertex   -1.611763e+02 2.319869e+01 1.250000e+01
      vertex   -1.687487e+02 2.750134e+01 2.500000e+01
      vertex   -1.606239e+02 2.375111e+01 2.500000e+01
    endloop
  endfacet
  facet normal 4.407001e-01 8.957093e-01 -5.906151e-02
    outer loop
      vertex   -1.677543e+02 2.849571e+01 4.375000e+01
      vertex   -1.597952e+02 2.457976e+01 4.375000e+01
      vertex   -1.600715e+02 2.430354e+01 3.750000e+01
    endloop
  endfacet
  facet normal 4.180542e-01 9.057054e-01 -7.020295e-02
    outer loop
      vertex   -1.687487e+02 2.750134e+01 2.500000e+01
      vertex   -1.680857e+02 2.816425e+01 3.750000e+01
      vertex   -1.606239e+02 2.375111e+01 2.500000e+01
    endloop
  endfacet
  facet normal 4.332426e-01 8.993511e-01 -5.889288e-02
    outer loop
      vertex   -1.606239e+02 2.375111e+01 2.500000e+01
      vertex   -1.680857e+02 2.816425e+01 3.750000e+01
      vertex   -1.600715e+02 2.430354e+01 3.750000e+01
    endloop
  endfacet
  facet normal 4.329124e-01 8.986657e-01 -7.061759e-02
    outer loop
      vertex   -1.680857e+02 2.816425e+01 3.750000e+01
      vertex   -1.677543e+02 2.849571e+01 4.375000e+01
      vertex   -1.600715e+02 2.430354e+01 3.750000e+01
    endloop
  endfacet
  facet normal 4.335133e-01 8.999131e-01 -4.714375e-02
    outer loop
      vertex   -1.520572e+02 2.044283e+01 3.750000e+01
      vertex   -1.518362e+02 2.066380e+01 4.375000e+01
      vertex   -1.480500e+02 1.851248e+01 3.750000e+01
    endloop
  endfacet
  facet normal 4.410927e-01 8.965071e-01 -4.137988e-02
    outer loop
      vertex   -1.480500e+02 1.851248e+01 3.750000e+01
      vertex   -1.518362e+02 2.066380e+01 4.375000e+01
      vertex   -1.478567e+02 1.870583e+01 4.375000e+01
    endloop
  endfacet
  facet normal 4.336263e-01 9.001476e-01 -4.126153e-02
    outer loop
      vertex   -1.480500e+02 1.851248e+01 3.750000e+01
      vertex   -1.478567e+02 1.870583e+01 4.375000e+01
      vertex   -1.440429e+02 1.658213e+01 3.750000e+01
    endloop
  endfacet
  facet normal 4.186277e-01 9.069479e-01 -4.686617e-02
    outer loop
      vertex   -1.524991e+02 2.000089e+01 2.500000e+01
      vertex   -1.520572e+02 2.044283e+01 3.750000e+01
      vertex   -1.484367e+02 1.812578e+01 2.500000e+01
    endloop
  endfacet
  facet normal 4.336263e-01 9.001476e-01 -4.126153e-02
    outer loop
      vertex   -1.484367e+02 1.812578e+01 2.500000e+01
      vertex   -1.520572e+02 2.044283e+01 3.750000e+01
      vertex   -1.480500e+02 1.851248e+01 3.750000e+01
    endloop
  endfacet
  facet normal 4.187355e-01 9.071814e-01 -4.101846e-02
    outer loop
      vertex   -1.484367e+02 1.812578e+01 2.500000e+01
      vertex   -1.480500e+02 1.851248e+01 3.750000e+01
      vertex   -1.443743e+02 1.625067e+01 2.500000e+01
    endloop
  endfacet
  facet normal 4.337243e-01 9.003510e-01 -3.537501e-02
    outer loop
      vertex   -1.443743e+02 1.625067e+01 2.500000e+01
      vertex   -1.480500e+02 1.851248e+01 3.750000e+01
      vertex   -1.440429e+02 1.658213e+01 3.750000e+01
    endloop
  endfacet
  facet normal 4.188290e-01 9.073839e-01 -3.516653e-02
    outer loop
      vertex   -1.443743e+02 1.625067e+01 2.500000e+01
      vertex   -1.440429e+02 1.658213e+01 3.750000e+01
      vertex   -1.403119e+02 1.437556e+01 2.500000e+01
    endloop
  endfacet
  facet normal 4.474166e-01 8.904864e-01 -8.277853e-02
    outer loop
      vertex   -1.768734e+02 3.125156e+01 2.500000e+01
      vertex   -1.832304e+02 3.676955e+01 5.000000e+01
      vertex   -1.761000e+02 3.202496e+01 3.750000e+01
    endloop
  endfacet
  facet normal 4.474166e-01 8.904864e-01 -8.277853e-02
    outer loop
      vertex   -1.761000e+02 3.202496e+01 3.750000e+01
      vertex   -1.832304e+02 3.676955e+01 5.000000e+01
      vertex   -1.757133e+02 3.241166e+01 4.375000e+01
    endloop
  endfacet
  facet normal 4.039115e-01 9.138892e-01 -4.076738e-02
    outer loop
      vertex   -1.447058e+02 1.591921e+01 1.250000e+01
      vertex   -1.488234e+02 1.773908e+01 1.250000e+01
      vertex   -1.484367e+02 1.812578e+01 2.500000e+01
    endloop
  endfacet
  facet normal 4.187355e-01 9.071814e-01 -4.101846e-02
    outer loop
      vertex   -1.484367e+02 1.812578e+01 2.500000e+01
      vertex   -1.488234e+02 1.773908e+01 1.250000e+01
      vertex   -1.524991e+02 2.000089e+01 2.500000e+01
    endloop
  endfacet
  facet normal 4.188290e-01 9.073839e-01 -3.516653e-02
    outer loop
      vertex   -1.447058e+02 1.591921e+01 1.250000e+01
      vertex   -1.484367e+02 1.812578e+01 2.500000e+01
      vertex   -1.443743e+02 1.625067e+01 2.500000e+01
    endloop
  endfacet
  facet normal 4.038088e-01 9.136568e-01 -4.657944e-02
    outer loop
      vertex   -1.533830e+02 1.911701e+01 3.469447e-17
      vertex   -1.447058e+02 1.591921e+01 1.250000e+01
      vertex   -1.405882e+02 1.409934e+01 1.250000e+01
    endloop
  endfacet
  facet normal 4.040006e-01 9.140908e-01 -3.495117e-02
    outer loop
      vertex   -1.405882e+02 1.409934e+01 1.250000e+01
      vertex   -1.447058e+02 1.591921e+01 1.250000e+01
      vertex   -1.443743e+02 1.625067e+01 2.500000e+01
    endloop
  endfacet
  facet normal 4.189081e-01 9.075554e-01 -2.931098e-02
    outer loop
      vertex   -1.405882e+02 1.409934e+01 1.250000e+01
      vertex   -1.443743e+02 1.625067e+01 2.500000e+01
      vertex   -1.403119e+02 1.437556e+01 2.500000e+01
    endloop
  endfacet
  facet normal 4.041858e-01 9.145098e-01 -1.748360e-02
    outer loop
      vertex   -1.323529e+02 1.045961e+01 1.250000e+01
      vertex   -1.321872e+02 1.062533e+01 2.500000e+01
      vertex   -1.282353e+02 8.639738e+00 1.250000e+01
    endloop
  endfacet
  facet normal 4.414399e-01 8.972128e-01 -1.183213e-02
    outer loop
      vertex   -1.319386e+02 1.087393e+01 4.375000e+01
      vertex   -1.279591e+02 8.915951e+00 4.375000e+01
      vertex   -1.280143e+02 8.860708e+00 3.750000e+01
    endloop
  endfacet
  facet normal 4.339279e-01 9.007738e-01 -1.769581e-02
    outer loop
      vertex   -1.319386e+02 1.087393e+01 4.375000e+01
      vertex   -1.280143e+02 8.860708e+00 3.750000e+01
      vertex   -1.320214e+02 1.079106e+01 3.750000e+01
    endloop
  endfacet
  facet normal 4.339657e-01 9.008521e-01 -1.179823e-02
    outer loop
      vertex   -1.320214e+02 1.079106e+01 3.750000e+01
      vertex   -1.280143e+02 8.860708e+00 3.750000e+01
      vertex   -1.281248e+02 8.750223e+00 2.500000e+01
    endloop
  endfacet
  facet normal 4.042475e-01 9.146496e-01 0.000000e+00
    outer loop
      vertex   -1.323529e+02 1.045961e+01 1.250000e+01
      vertex   -1.282353e+02 8.639738e+00 1.250000e+01
      vertex   -1.200000e+02 5.000000e+00 0.000000e+00
    endloop
  endfacet
  facet normal 4.040760e-01 9.142614e-01 -2.913142e-02
    outer loop
      vertex   -1.405882e+02 1.409934e+01 1.250000e+01
      vertex   -1.403119e+02 1.437556e+01 2.500000e+01
      vertex   -1.364705e+02 1.227948e+01 1.250000e+01
    endloop
  endfacet
  facet normal 4.413472e-01 8.970245e-01 -2.365929e-02
    outer loop
      vertex   -1.398976e+02 1.478988e+01 4.375000e+01
      vertex   -1.359181e+02 1.283190e+01 4.375000e+01
      vertex   -1.360286e+02 1.272142e+01 3.750000e+01
    endloop
  endfacet
  facet normal 4.338072e-01 9.005232e-01 -2.948481e-02
    outer loop
      vertex   -1.398976e+02 1.478988e+01 4.375000e+01
      vertex   -1.360286e+02 1.272142e+01 3.750000e+01
      vertex   -1.400357e+02 1.465177e+01 3.750000e+01
    endloop
  endfacet
  facet normal 4.338751e-01 9.006641e-01 -2.359154e-02
    outer loop
      vertex   -1.400357e+02 1.465177e+01 3.750000e+01
      vertex   -1.360286e+02 1.272142e+01 3.750000e+01
      vertex   -1.362496e+02 1.250045e+01 2.500000e+01
    endloop
  endfacet
  facet normal 4.038088e-01 9.136568e-01 -4.657944e-02
    outer loop
      vertex   -1.533830e+02 1.911701e+01 3.469447e-17
      vertex   -1.405882e+02 1.409934e+01 1.250000e+01
      vertex   -1.364705e+02 1.227948e+01 1.250000e+01
    endloop
  endfacet
  facet normal 6.994924e-01 7.076791e-01 -9.950205e-02
    outer loop
      vertex   -1.832304e+02 3.676955e+01 5.000000e+01
      vertex   -1.867660e+02 3.323402e+01 0.000000e+00
      vertex   -1.836608e+02 3.719489e+01 5.000000e+01
    endloop
  endfacet
  facet normal 6.994924e-01 7.076791e-01 -9.950205e-02
    outer loop
      vertex   -1.836608e+02 3.719489e+01 5.000000e+01
      vertex   -1.867660e+02 3.323402e+01 0.000000e+00
      vertex   -1.871549e+02 3.361845e+01 0.000000e+00
    endloop
  endfacet
  facet normal 6.912110e-01 7.157700e-01 -9.950205e-02
    outer loop
      vertex   -1.836608e+02 3.719489e+01 5.000000e+01
      vertex   -1.871549e+02 3.361845e+01 0.000000e+00
      vertex   -1.840960e+02 3.761518e+01 5.000000e+01
    endloop
  endfacet
  facet normal 6.912110e-01 7.157700e-01 -9.950205e-02
    outer loop
      vertex   -1.840960e+02 3.761518e+01 5.000000e+01
      vertex   -1.871549e+02 3.361845e+01 0.000000e+00
      vertex   -1.875483e+02 3.399834e+01 0.000000e+00
    endloop
  endfacet
  facet normal 6.828361e-01 7.237639e-01 -9.950205e-02
    outer loop
      vertex   -1.840960e+02 3.761518e+01 5.000000e+01
      vertex   -1.875483e+02 3.399834e+01 0.000000e+00
      vertex   -1.845361e+02 3.803039e+01 5.000000e+01
    endloop
  endfacet
  facet normal 6.828361e-01 7.237639e-01 -9.950205e-02
    outer loop
      vertex   -1.845361e+02 3.803039e+01 5.000000e+01
      vertex   -1.875483e+02 3.399834e+01 0.000000e+00
      vertex   -1.879461e+02 3.437362e+01 0.000000e+00
    endloop
  endfacet
  facet normal -7.313537e-01 6.819984e-01 -3.552714e-17
    outer loop
      vertex   -1.845361e+02 3.803039e+01 5.000000e+01
      vertex   -1.879461e+02 3.437362e+01 0.000000e+00
      vertex   -1.859001e+02 3.656768e+01 5.000000e+01
    endloop
  endfacet
  facet normal -7.313537e-01 6.819984e-01 -3.552714e-17
    outer loop
      vertex   -1.859001e+02 3.656768e+01 5.000000e+01
      vertex   -1.879461e+02 3.437362e+01 0.000000e+00
      vertex   -1.893101e+02 3.291091e+01 0.000000e+00
    endloop
  endfacet
  facet normal 9.893511e-01 1.060548e-01 -9.968304e-02
    outer loop
      vertex   -1.753690e+02 5.750811e+00 0.000000e+00
      vertex   -1.703223e+02 5.668075e+00 5.000000e+01
      vertex   -1.751641e+02 3.839712e+00 0.000000e+00
    endloop
  endfacet
  facet normal 9.905952e-01 9.406226e-02 -9.936498e-02
    outer loop
      vertex   -1.751641e+02 3.839712e+00 0.000000e+00
      vertex   -1.703223e+02 5.668075e+00 5.000000e+01
      vertex   -1.701433e+02 3.783238e+00 5.000000e+01
    endloop
  endfacet
  facet normal 9.929819e-01 6.371065e-02 -9.963892e-02
    outer loop
      vertex   -1.751641e+02 3.839712e+00 0.000000e+00
      vertex   -1.701433e+02 3.783238e+00 5.000000e+01
      vertex   -1.750410e+02 1.921609e+00 0.000000e+00
    endloop
  endfacet
  facet normal 9.934412e-01 5.649107e-02 -9.941511e-02
    outer loop
      vertex   -1.750410e+02 1.921609e+00 0.000000e+00
      vertex   -1.701433e+02 3.783238e+00 5.000000e+01
      vertex   -1.700358e+02 1.892976e+00 5.000000e+01
    endloop
  endfacet
  facet normal 9.948035e-01 2.124995e-02 -9.957166e-02
    outer loop
      vertex   -1.750410e+02 1.921609e+00 0.000000e+00
      vertex   -1.700358e+02 1.892976e+00 5.000000e+01
      vertex   -1.750000e+02 0.000000e+00 0.000000e+00
    endloop
  endfacet
  facet normal 9.948606e-01 1.883923e-02 -9.948606e-02
    outer loop
      vertex   -1.750000e+02 0.000000e+00 0.000000e+00
      vertex   -1.700358e+02 1.892976e+00 5.000000e+01
      vertex   -1.700000e+02 0.000000e+00 5.000000e+01
    endloop
  endfacet
  facet normal -9.950372e-01 5.189523e-07 9.950372e-02
    outer loop
      vertex   -1.750000e+02 0.000000e+00 0.000000e+00
      vertex   -1.750000e+02 -5.000000e+00 0.000000e+00
      vertex   -1.700000e+02 0.000000e+00 5.000000e+01
    endloop
  endfacet
  facet normal -9.950372e-01 5.189523e-07 9.950372e-02
    outer loop
      vertex   -1.700000e+02 0.000000e+00 5.000000e+01
      vertex   -1.750000e+02 -5.000000e+00 0.000000e+00
      vertex   -1.700000e+02 -5.000000e+00 5.000000e+01
    endloop
  endfacet
  facet normal -9.950372e-01 -5.189523e-07 9.950372e-02
    outer loop
      vertex   -1.750000e+02 0.000000e+00 0.000000e+00
      vertex   -1.700000e+02 0.000000e+00 5.000000e+01
      vertex   -1.750000e+02 5.000000e+00 0.000000e+00
    endloop
  endfacet
  facet normal -9.950372e-01 -5.189523e-07 9.950372e-02
    outer loop
      vertex   -1.750000e+02 5.000000e+00 0.000000e+00
      vertex   -1.700000e+02 0.000000e+00 5.000000e+01
      vertex   -1.700000e+02 5.000000e+00 5.000000e+01
    endloop
  endfacet
  facet normal 0.000000e+00 2.139388e-18 -1.000000e+00
    outer loop
      vertex   -1.579000e+02 2.900000e+00 0.000000e+00
      vertex   -1.533830e+02 1.911701e+01 3.469447e-17
      vertex   -1.221000e+02 2.900000e+00 0.000000e+00
    endloop
  endfacet
  facet normal -7.304099e-19 7.304099e-19 -1.000000e+00
    outer loop
      vertex   -1.221000e+02 2.900000e+00 0.000000e+00
      vertex   -1.533830e+02 1.911701e+01 3.469447e-17
      vertex   -1.200000e+02 5.000000e+00 0.000000e+00
    endloop
  endfacet
  facet normal 0.000000e+00 0.000000e+00 -1.000000e+00
    outer loop
      vertex   -1.221000e+02 2.900000e+00 0.000000e+00
      vertex   -1.200000e+02 5.000000e+00 0.000000e+00
      vertex   -1.200000e+02 -5.000000e+00 0.000000e+00
    endloop
  endfacet
  facet normal 0.000000e+00 0.000000e+00 -1.000000e+00
    outer loop
      vertex   -1.579000e+02 -2.900000e+00 0.000000e+00
      vertex   -1.750000e+02 0.000000e+00 0.000000e+00
      vertex   -1.579000e+02 2.900000e+00 0.000000e+00
    endloop
  endfacet
  facet normal -0.000000e+00 0.000000e+00 -1.000000e+00
    outer loop
      vertex   -1.579000e+02 2.900000e+00 0.000000e+00
      vertex   -1.750000e+02 0.000000e+00 0.000000e+00
      vertex   -1.750000e+02 5.000000e+00 0.000000e+00
    endloop
  endfacet
  facet normal 0.000000e+00 0.000000e+00 -1.000000e+00
    outer loop
      vertex   -1.579000e+02 2.900000e+00 0.000000e+00
      vertex   -1.750000e+02 5.000000e+00 0.000000e+00
      vertex   -1.753690e+02 5.750811e+00 0.000000e+00
    endloop
  endfacet
  facet normal -0.000000e+00 0.000000e+00 -1.000000e+00
    outer loop
      vertex   -1.221000e+02 -2.900000e+00 0.000000e+00
      vertex   -1.533830e+02 -1.911701e+01 0.000000e+00
      vertex   -1.579000e+02 -2.900000e+00 0.000000e+00
    endloop
  endfacet
  facet normal -2.431630e-16 -6.772948e-17 -1.000000e+00
    outer loop
      vertex   -1.579000e+02 -2.900000e+00 0.000000e+00
      vertex   -1.533830e+02 -1.911701e+01 0.000000e+00
      vertex   -1.753690e+02 -5.750811e+00 4.440892e-15
    endloop
  endfacet
  facet normal 7.730321e-16 -6.294690e-15 -1.000000e+00
    outer loop
      vertex   -1.579000e+02 -2.900000e+00 0.000000e+00
      vertex   -1.753690e+02 -5.750811e+00 4.440892e-15
      vertex   -1.750000e+02 -5.000000e+00 0.000000e+00
    endloop
  endfacet
  facet normal 0.000000e+00 0.000000e+00 -1.000000e+00
    outer loop
      vertex   -1.533830e+02 -1.911701e+01 0.000000e+00
      vertex   -1.221000e+02 -2.900000e+00 0.000000e+00
      vertex   -1.200000e+02 -5.000000e+00 0.000000e+00
    endloop
  endfacet
  facet normal 0.000000e+00 0.000000e+00 -1.000000e+00
    outer loop
      vertex   -1.200000e+02 -5.000000e+00 0.000000e+00
      vertex   -1.221000e+02 -2.900000e+00 0.000000e+00
      vertex   -1.221000e+02 2.900000e+00 0.000000e+00
    endloop
  endfacet
  facet normal 0.000000e+00 0.000000e+00 -1.000000e+00
    outer loop
      vertex   -1.750000e+02 -5.000000e+00 0.000000e+00
      vertex   -1.750000e+02 0.000000e+00 0.000000e+00
      vertex   -1.579000e+02 -2.900000e+00 0.000000e+00
    endloop
  endfacet
  facet normal -1.474466e-15 -1.580574e-16 -1.000000e+00
    outer loop
      vertex   -1.751641e+02 3.839712e+00 0.000000e+00
      vertex   -1.783131e+02 5.118512e+00 4.440892e-15
      vertex   -1.753690e+02 5.750811e+00 0.000000e+00
    endloop
  endfacet
  facet normal -6.996888e-16 -3.765547e-15 -1.000000e+00
    outer loop
      vertex   -1.753690e+02 5.750811e+00 0.000000e+00
      vertex   -1.783131e+02 5.118512e+00 4.440892e-15
      vertex   -1.784796e+02 6.328800e+00 0.000000e+00
    endloop
  endfacet
  facet normal 0.000000e+00 0.000000e+00 -1.000000e+00
    outer loop
      vertex   -1.753690e+02 5.750811e+00 0.000000e+00
      vertex   -1.784796e+02 6.328800e+00 0.000000e+00
      vertex   -1.786812e+02 7.533733e+00 0.000000e+00
    endloop
  endfacet
  facet normal -4.711679e-16 2.312488e-15 -1.000000e+00
    outer loop
      vertex   -1.783131e+02 5.118512e+00 4.440892e-15
      vertex   -1.751641e+02 3.839712e+00 0.000000e+00
      vertex   -1.801326e+02 3.254347e+00 9.873425e-16
    endloop
  endfacet
  facet normal -1.972299e-16 -1.265446e-17 -1.000000e+00
    outer loop
      vertex   -1.801326e+02 3.254347e+00 9.873425e-16
      vertex   -1.751641e+02 3.839712e+00 0.000000e+00
      vertex   -1.750410e+02 1.921609e+00 0.000000e+00
    endloop
  endfacet
  facet normal 4.526398e-17 9.137630e-16 -1.000000e+00
    outer loop
      vertex   -1.801326e+02 3.254347e+00 9.873425e-16
      vertex   -1.750410e+02 1.921609e+00 0.000000e+00
      vertex   -1.800332e+02 1.628524e+00 -4.937736e-16
    endloop
  endfacet
  facet normal 1.087412e-16 -1.674430e-16 -1.000000e+00
    outer loop
      vertex   -1.800332e+02 1.628524e+00 -4.937736e-16
      vertex   -1.750410e+02 1.921609e+00 0.000000e+00
      vertex   -1.780000e+02 0.000000e+00 0.000000e+00
    endloop
  endfacet
  facet normal 0.000000e+00 -3.032032e-16 -1.000000e+00
    outer loop
      vertex   -1.800332e+02 1.628524e+00 -4.937736e-16
      vertex   -1.780000e+02 0.000000e+00 0.000000e+00
      vertex   -1.800000e+02 0.000000e+00 0.000000e+00
    endloop
  endfacet
  facet normal 0.000000e+00 -0.000000e+00 -1.000000e+00
    outer loop
      vertex   -1.750410e+02 1.921609e+00 0.000000e+00
      vertex   -1.750000e+02 0.000000e+00 0.000000e+00
      vertex   -1.780000e+02 0.000000e+00 0.000000e+00
    endloop
  endfacet
  facet normal 0.000000e+00 -0.000000e+00 -1.000000e+00
    outer loop
      vertex   -1.780000e+02 0.000000e+00 0.000000e+00
      vertex   -1.750000e+02 0.000000e+00 0.000000e+00
      vertex   -1.780178e+02 -1.221558e+00 0.000000e+00
    endloop
  endfacet
  facet normal 0.000000e+00 0.000000e+00 -1.000000e+00
    outer loop
      vertex   -1.780178e+02 -1.221558e+00 0.000000e+00
      vertex   -1.750000e+02 0.000000e+00 0.000000e+00
      vertex   -1.750410e+02 -1.921609e+00 0.000000e+00
    endloop
  endfacet
  facet normal 0.000000e+00 -0.000000e+00 -1.000000e+00
    outer loop
      vertex   -1.780178e+02 -1.221558e+00 0.000000e+00
      vertex   -1.750410e+02 -1.921609e+00 0.000000e+00
      vertex   -1.780711e+02 -2.442083e+00 0.000000e+00
    endloop
  endfacet
  facet normal 0.000000e+00 0.000000e+00 -1.000000e+00
    outer loop
      vertex   -1.780711e+02 -2.442083e+00 0.000000e+00
      vertex   -1.750410e+02 -1.921609e+00 0.000000e+00
      vertex   -1.751641e+02 -3.839712e+00 0.000000e+00
    endloop
  endfacet
  facet normal -1.693027e-15 -3.521343e-15 -1.000000e+00
    outer loop
      vertex   -1.780711e+02 -2.442083e+00 0.000000e+00
      vertex   -1.751641e+02 -3.839712e+00 0.000000e+00
      vertex   -1.781598e+02 -3.660541e+00 4.440892e-15
    endloop
  endfacet
  facet normal -1.611070e-15 -2.151037e-15 -1.000000e+00
    outer loop
      vertex   -1.781598e+02 -3.660541e+00 4.440892e-15
      vertex   -1.751641e+02 -3.839712e+00 0.000000e+00
      vertex   -1.753690e+02 -5.750811e+00 4.440892e-15
    endloop
  endfacet
  facet normal 8.429796e-16 1.125513e-15 -1.000000e+00
    outer loop
      vertex   -1.781598e+02 -3.660541e+00 4.440892e-15
      vertex   -1.753690e+02 -5.750811e+00 4.440892e-15
      vertex   -1.803272e+02 -5.105666e+00 9.873425e-16
    endloop
  endfacet
  facet normal 8.005918e-16 7.997448e-16 -1.000000e+00
    outer loop
      vertex   -1.803272e+02 -5.105666e+00 9.873425e-16
      vertex   -1.753690e+02 -5.750811e+00 4.440892e-15
      vertex   -1.805679e+02 -6.716636e+00 -4.937736e-16
    endloop
  endfacet
  facet normal 8.633656e-16 4.618378e-16 -1.000000e+00
    outer loop
      vertex   -1.805679e+02 -6.716636e+00 -4.937736e-16
      vertex   -1.753690e+02 -5.750811e+00 4.440892e-15
      vertex   -1.789178e+02 -8.732291e+00 0.000000e+00
    endloop
  endfacet
  facet normal -6.303949e-17 -2.965775e-16 -1.000000e+00
    outer loop
      vertex   -1.805679e+02 -6.716636e+00 -4.937736e-16
      vertex   -1.789178e+02 -8.732291e+00 0.000000e+00
      vertex   -1.808741e+02 -8.316468e+00 0.000000e+00
    endloop
  endfacet
  facet normal 0.000000e+00 0.000000e+00 -1.000000e+00
    outer loop
      vertex   -1.867660e+02 -3.323402e+01 0.000000e+00
      vertex   -1.860213e+02 -2.468698e+01 0.000000e+00
      vertex   -1.533830e+02 -1.911701e+01 0.000000e+00
    endloop
  endfacet
  facet normal -1.966067e-16 1.152054e-15 -1.000000e+00
    outer loop
      vertex   -1.533830e+02 -1.911701e+01 0.000000e+00
      vertex   -1.860213e+02 -2.468698e+01 0.000000e+00
      vertex   -1.832660e+02 -2.036200e+01 4.440892e-15
    endloop
  endfacet
  facet normal 2.370760e-17 -4.136035e-15 -1.000000e+00
    outer loop
      vertex   -1.533830e+02 -1.911701e+01 0.000000e+00
      vertex   -1.832660e+02 -2.036200e+01 4.440892e-15
      vertex   -1.826893e+02 -1.928499e+01 0.000000e+00
    endloop
  endfacet
  facet normal 0.000000e+00 0.000000e+00 -1.000000e+00
    outer loop
      vertex   -1.871549e+02 -3.361845e+01 0.000000e+00
      vertex   -1.893101e+02 -3.291091e+01 0.000000e+00
      vertex   -1.867660e+02 -3.323402e+01 0.000000e+00
    endloop
  endfacet
  facet normal 1.028360e-16 8.097262e-16 -1.000000e+00
    outer loop
      vertex   -1.867660e+02 -3.323402e+01 0.000000e+00
      vertex   -1.893101e+02 -3.291091e+01 0.000000e+00
      vertex   -1.883022e+02 -2.755448e+01 4.440892e-15
    endloop
  endfacet
  facet normal -4.969498e-15 -5.622505e-16 -1.000000e+00
    outer loop
      vertex   -1.867660e+02 -3.323402e+01 0.000000e+00
      vertex   -1.883022e+02 -2.755448e+01 4.440892e-15
      vertex   -1.875142e+02 -2.662090e+01 0.000000e+00
    endloop
  endfacet
  facet normal -0.000000e+00 0.000000e+00 -1.000000e+00
    outer loop
      vertex   -1.871549e+02 -3.361845e+01 0.000000e+00
      vertex   -1.875483e+02 -3.399834e+01 0.000000e+00
      vertex   -1.893101e+02 -3.291091e+01 0.000000e+00
    endloop
  endfacet
  facet normal 0.000000e+00 0.000000e+00 -1.000000e+00
    outer loop
      vertex   -1.893101e+02 -3.291091e+01 0.000000e+00
      vertex   -1.875483e+02 -3.399834e+01 0.000000e+00
      vertex   -1.879461e+02 -3.437362e+01 0.000000e+00
    endloop
  endfacet
  facet normal 0.000000e+00 0.000000e+00 -1.000000e+00
    outer loop
      vertex   -1.919459e+02 -3.518475e+01 0.000000e+00
      vertex   -1.937589e+02 -3.279335e+01 0.000000e+00
      vertex   -1.893101e+02 -3.291091e+01 0.000000e+00
    endloop
  endfacet
  facet normal 0.000000e+00 0.000000e+00 -1.000000e+00
    outer loop
      vertex   -1.893101e+02 -3.291091e+01 0.000000e+00
      vertex   -1.937589e+02 -3.279335e+01 0.000000e+00
      vertex   -1.928162e+02 -3.201626e+01 0.000000e+00
    endloop
  endfacet
  facet normal 0.000000e+00 0.000000e+00 -1.000000e+00
    outer loop
      vertex   -1.893101e+02 -3.291091e+01 0.000000e+00
      vertex   -1.928162e+02 -3.201626e+01 0.000000e+00
      vertex   -1.918965e+02 -3.121208e+01 0.000000e+00
    endloop
  endfacet
  facet normal -2.896886e-15 -2.196226e-15 -1.000000e+00
    outer loop
      vertex   -1.937589e+02 -3.279335e+01 0.000000e+00
      vertex   -1.919459e+02 -3.518475e+01 0.000000e+00
      vertex   -1.947238e+02 -3.354269e+01 4.440892e-15
    endloop
  endfacet
  facet normal -8.865486e-16 1.204685e-15 -1.000000e+00
    outer loop
      vertex   -1.947238e+02 -3.354269e+01 4.440892e-15
      vertex   -1.919459e+02 -3.518475e+01 0.000000e+00
      vertex   -1.947496e+02 -3.724803e+01 0.000000e+00
    endloop
  endfacet
  facet normal 2.463642e-16 1.196796e-15 -1.000000e+00
    outer loop
      vertex   -1.947238e+02 -3.354269e+01 4.440892e-15
      vertex   -1.947496e+02 -3.724803e+01 0.000000e+00
      vertex   -1.990000e+02 -3.637307e+01 0.000000e+00
    endloop
  endfacet
  facet normal 0.000000e+00 0.000000e+00 -1.000000e+00
    outer loop
      vertex   -1.990000e+02 -3.637307e+01 0.000000e+00
      vertex   -1.947496e+02 -3.724803e+01 0.000000e+00
      vertex   -1.977044e+02 -3.908842e+01 0.000000e+00
    endloop
  endfacet
  facet normal 0.000000e+00 -0.000000e+00 -1.000000e+00
    outer loop
      vertex   -1.990000e+02 -3.637307e+01 0.000000e+00
      vertex   -1.977044e+02 -3.908842e+01 0.000000e+00
      vertex   -2.000668e+02 -3.696846e+01 0.000000e+00
    endloop
  endfacet
  facet normal 0.000000e+00 -0.000000e+00 -1.000000e+00
    outer loop
      vertex   -2.000668e+02 -3.696846e+01 0.000000e+00
      vertex   -1.977044e+02 -3.908842e+01 0.000000e+00
      vertex   -2.011504e+02 -3.753257e+01 0.000000e+00
    endloop
  endfacet
  facet normal -1.948850e-15 -4.316544e-15 -1.000000e+00
    outer loop
      vertex   -2.011504e+02 -3.753257e+01 0.000000e+00
      vertex   -1.977044e+02 -3.908842e+01 0.000000e+00
      vertex   -2.022500e+02 -3.806493e+01 4.440892e-15
    endloop
  endfacet
  facet normal -6.818318e-16 1.310717e-15 -1.000000e+00
    outer loop
      vertex   -2.022500e+02 -3.806493e+01 4.440892e-15
      vertex   -1.977044e+02 -3.908842e+01 0.000000e+00
      vertex   -2.007926e+02 -4.069490e+01 0.000000e+00
    endloop
  endfacet
  facet normal 2.180209e-16 1.809394e-15 -1.000000e+00
    outer loop
      vertex   -2.022500e+02 -3.806493e+01 4.440892e-15
      vertex   -2.007926e+02 -4.069490e+01 0.000000e+00
      vertex   -2.070213e+02 -3.994437e+01 0.000000e+00
    endloop
  endfacet
  facet normal 0.000000e+00 0.000000e+00 -1.000000e+00
    outer loop
      vertex   -2.070213e+02 -3.994437e+01 0.000000e+00
      vertex   -2.007926e+02 -4.069490e+01 0.000000e+00
      vertex   -2.039957e+02 -4.205785e+01 0.000000e+00
    endloop
  endfacet
  facet normal 0.000000e+00 -0.000000e+00 -1.000000e+00
    outer loop
      vertex   -2.070213e+02 -3.994437e+01 0.000000e+00
      vertex   -2.039957e+02 -4.205785e+01 0.000000e+00
      vertex   -2.081885e+02 -4.030496e+01 0.000000e+00
    endloop
  endfacet
  facet normal 0.000000e+00 0.000000e+00 -1.000000e+00
    outer loop
      vertex   -2.081885e+02 -4.030496e+01 0.000000e+00
      vertex   -2.039957e+02 -4.205785e+01 0.000000e+00
      vertex   -2.072946e+02 -4.316913e+01 0.000000e+00
    endloop
  endfacet
  facet normal 0.000000e+00 -0.000000e+00 -1.000000e+00
    outer loop
      vertex   -2.081885e+02 -4.030496e+01 0.000000e+00
      vertex   -2.072946e+02 -4.316913e+01 0.000000e+00
      vertex   -2.093658e+02 -4.063144e+01 0.000000e+00
    endloop
  endfacet
  facet normal -3.117166e-15 -2.544116e-15 -1.000000e+00
    outer loop
      vertex   -2.093658e+02 -4.063144e+01 0.000000e+00
      vertex   -2.072946e+02 -4.316913e+01 0.000000e+00
      vertex   -2.105521e+02 -4.092354e+01 4.440892e-15
    endloop
  endfacet
  facet normal -3.657235e-16 1.447095e-15 -1.000000e+00
    outer loop
      vertex   -2.105521e+02 -4.092354e+01 4.440892e-15
      vertex   -2.072946e+02 -4.316913e+01 0.000000e+00
      vertex   -2.106696e+02 -4.402208e+01 0.000000e+00
    endloop
  endfacet
  facet normal 6.422747e-16 1.408862e-15 -1.000000e+00
    outer loop
      vertex   -2.105521e+02 -4.092354e+01 4.440892e-15
      vertex   -2.106696e+02 -4.402208e+01 0.000000e+00
      vertex   -2.156098e+02 -4.176992e+01 0.000000e+00
    endloop
  endfacet
  facet normal 0.000000e+00 0.000000e+00 -1.000000e+00
    outer loop
      vertex   -2.156098e+02 -4.176992e+01 0.000000e+00
      vertex   -2.106696e+02 -4.402208e+01 0.000000e+00
      vertex   -2.141004e+02 -4.461159e+01 0.000000e+00
    endloop
  endfacet
  facet normal 0.000000e+00 -0.000000e+00 -1.000000e+00
    outer loop
      vertex   -2.156098e+02 -4.176992e+01 0.000000e+00
      vertex   -2.141004e+02 -4.461159e+01 0.000000e+00
      vertex   -2.168265e+02 -4.187994e+01 0.000000e+00
    endloop
  endfacet
  facet normal 0.000000e+00 -0.000000e+00 -1.000000e+00
    outer loop
      vertex   -2.168265e+02 -4.187994e+01 0.000000e+00
      vertex   -2.141004e+02 -4.461159e+01 0.000000e+00
      vertex   -2.175665e+02 -4.493415e+01 0.000000e+00
    endloop
  endfacet
  facet normal 0.000000e+00 0.000000e+00 -1.000000e+00
    outer loop
      vertex   -2.168265e+02 -4.187994e+01 0.000000e+00
      vertex   -2.175665e+02 -4.493415e+01 0.000000e+00
      vertex   -2.180459e+02 -4.195452e+01 0.000000e+00
    endloop
  endfacet
  facet normal -3.618272e-15 -5.822538e-16 -1.000000e+00
    outer loop
      vertex   -2.180459e+02 -4.195452e+01 0.000000e+00
      vertex   -2.175665e+02 -4.493415e+01 0.000000e+00
      vertex   -2.192670e+02 -4.199360e+01 4.440892e-15
    endloop
  endfacet
  facet normal -2.307933e-17 1.496880e-15 -1.000000e+00
    outer loop
      vertex   -2.192670e+02 -4.199360e+01 4.440892e-15
      vertex   -2.175665e+02 -4.493415e+01 0.000000e+00
      vertex   -2.210471e+02 -4.498782e+01 0.000000e+00
    endloop
  endfacet
  facet normal 9.080074e-16 9.433346e-16 -1.000000e+00
    outer loop
      vertex   -2.192670e+02 -4.199360e+01 4.440892e-15
      vertex   -2.210471e+02 -4.498782e+01 0.000000e+00
      vertex   -2.243902e+02 -4.176992e+01 0.000000e+00
    endloop
  endfacet
  facet normal 0.000000e+00 -0.000000e+00 -1.000000e+00
    outer loop
      vertex   -2.243902e+02 -4.176992e+01 0.000000e+00
      vertex   -2.210471e+02 -4.498782e+01 0.000000e+00
      vertex   -2.245215e+02 -4.477227e+01 0.000000e+00
    endloop
  endfacet
  facet normal -0.000000e+00 0.000000e+00 -1.000000e+00
    outer loop
      vertex   -2.243902e+02 -4.176992e+01 0.000000e+00
      vertex   -2.245215e+02 -4.477227e+01 0.000000e+00
      vertex   -2.256032e+02 -4.162456e+01 0.000000e+00
    endloop
  endfacet
  facet normal 0.000000e+00 -0.000000e+00 -1.000000e+00
    outer loop
      vertex   -2.256032e+02 -4.162456e+01 0.000000e+00
      vertex   -2.245215e+02 -4.477227e+01 0.000000e+00
      vertex   -2.279688e+02 -4.428880e+01 0.000000e+00
    endloop
  endfacet
  facet normal -0.000000e+00 0.000000e+00 -1.000000e+00
    outer loop
      vertex   -2.256032e+02 -4.162456e+01 0.000000e+00
      vertex   -2.279688e+02 -4.428880e+01 0.000000e+00
      vertex   -2.268115e+02 -4.144398e+01 0.000000e+00
    endloop
  endfacet
  facet normal -3.441929e-15 1.400260e-15 -1.000000e+00
    outer loop
      vertex   -2.268115e+02 -4.144398e+01 0.000000e+00
      vertex   -2.279688e+02 -4.428880e+01 0.000000e+00
      vertex   -2.280140e+02 -4.122834e+01 4.440892e-15
    endloop
  endfacet
  facet normal 3.205187e-16 1.455784e-15 -1.000000e+00
    outer loop
      vertex   -2.280140e+02 -4.122834e+01 4.440892e-15
      vertex   -2.279688e+02 -4.428880e+01 0.000000e+00
      vertex   -2.313685e+02 -4.354031e+01 0.000000e+00
    endloop
  endfacet
  facet normal 1.011645e-15 4.530149e-16 -1.000000e+00
    outer loop
      vertex   -2.280140e+02 -4.122834e+01 4.440892e-15
      vertex   -2.313685e+02 -4.354031e+01 0.000000e+00
      vertex   -2.329787e+02 -3.994437e+01 0.000000e+00
    endloop
  endfacet
  facet normal 0.000000e+00 -0.000000e+00 -1.000000e+00
    outer loop
      vertex   -2.329787e+02 -3.994437e+01 0.000000e+00
      vertex   -2.313685e+02 -4.354031e+01 0.000000e+00
      vertex   -2.347001e+02 -4.253126e+01 0.000000e+00
    endloop
  endfacet
  facet normal -0.000000e+00 0.000000e+00 -1.000000e+00
    outer loop
      vertex   -2.329787e+02 -3.994437e+01 0.000000e+00
      vertex   -2.347001e+02 -4.253126e+01 0.000000e+00
      vertex   -2.341350e+02 -3.954999e+01 0.000000e+00
    endloop
  endfacet
  facet normal 0.000000e+00 0.000000e+00 -1.000000e+00
    outer loop
      vertex   -2.341350e+02 -3.954999e+01 0.000000e+00
      vertex   -2.347001e+02 -4.253126e+01 0.000000e+00
      vertex   -2.379437e+02 -4.126770e+01 0.000000e+00
    endloop
  endfacet
  facet normal -0.000000e+00 0.000000e+00 -1.000000e+00
    outer loop
      vertex   -2.341350e+02 -3.954999e+01 0.000000e+00
      vertex   -2.379437e+02 -4.126770e+01 0.000000e+00
      vertex   -2.352793e+02 -3.912215e+01 0.000000e+00
    endloop
  endfacet
  facet normal -2.606457e-15 3.236752e-15 -1.000000e+00
    outer loop
      vertex   -2.352793e+02 -3.912215e+01 0.000000e+00
      vertex   -2.379437e+02 -4.126770e+01 0.000000e+00
      vertex   -2.364107e+02 -3.866120e+01 4.440892e-15
    endloop
  endfacet
  facet normal 6.394486e-16 1.327688e-15 -1.000000e+00
    outer loop
      vertex   -2.364107e+02 -3.866120e+01 4.440892e-15
      vertex   -2.379437e+02 -4.126770e+01 0.000000e+00
      vertex   -2.410800e+02 -3.975720e+01 0.000000e+00
    endloop
  endfacet
  facet normal 9.563949e-16 -2.260188e-17 -1.000000e+00
    outer loop
      vertex   -2.364107e+02 -3.866120e+01 4.440892e-15
      vertex   -2.410800e+02 -3.975720e+01 0.000000e+00
      vertex   -2.410000e+02 -3.637307e+01 0.000000e+00
    endloop
  endfacet
  facet normal 0.000000e+00 0.000000e+00 -1.000000e+00
    outer loop
      vertex   -2.410000e+02 -3.637307e+01 0.000000e+00
      vertex   -2.410800e+02 -3.975720e+01 0.000000e+00
      vertex   -2.440901e+02 -3.800878e+01 0.000000e+00
    endloop
  endfacet
  facet normal -0.000000e+00 0.000000e+00 -1.000000e+00
    outer loop
      vertex   -2.410000e+02 -3.637307e+01 0.000000e+00
      vertex   -2.440901e+02 -3.800878e+01 0.000000e+00
      vertex   -2.420490e+02 -3.574690e+01 0.000000e+00
    endloop
  endfacet
  facet normal -0.000000e+00 0.000000e+00 -1.000000e+00
    outer loop
      vertex   -2.420490e+02 -3.574690e+01 0.000000e+00
      vertex   -2.440901e+02 -3.800878e+01 0.000000e+00
      vertex   -2.430794e+02 -3.509049e+01 0.000000e+00
    endloop
  endfacet
  facet normal 0.000000e+00 0.000000e+00 -1.000000e+00
    outer loop
      vertex   -2.430794e+02 -3.509049e+01 0.000000e+00
      vertex   -2.440901e+02 -3.800878e+01 0.000000e+00
      vertex   -2.469561e+02 -3.603291e+01 0.000000e+00
    endloop
  endfacet
  facet normal -1.158554e-15 4.765743e-15 -1.000000e+00
    outer loop
      vertex   -2.430794e+02 -3.509049e+01 0.000000e+00
      vertex   -2.469561e+02 -3.603291e+01 0.000000e+00
      vertex   -2.440902e+02 -3.440439e+01 4.440892e-15
    endloop
  endfacet
  facet normal 9.108181e-16 1.124098e-15 -1.000000e+00
    outer loop
      vertex   -2.440902e+02 -3.440439e+01 4.440892e-15
      vertex   -2.469561e+02 -3.603291e+01 0.000000e+00
      vertex   -2.496607e+02 -3.384142e+01 0.000000e+00
    endloop
  endfacet
  facet normal 6.673067e-16 -1.285433e-15 -1.000000e+00
    outer loop
      vertex   -2.440902e+02 -3.440439e+01 4.440892e-15
      vertex   -2.496607e+02 -3.384142e+01 0.000000e+00
      vertex   -2.442580e+02 -3.180483e+01 9.873425e-16
    endloop
  endfacet
  facet normal 2.352776e-16 -1.393439e-16 -1.000000e+00
    outer loop
      vertex   -2.442580e+02 -3.180483e+01 9.873425e-16
      vertex   -2.496607e+02 -3.384142e+01 0.000000e+00
      vertex   -2.481035e+02 -3.121208e+01 0.000000e+00
    endloop
  endfacet
  facet normal 3.919839e-17 -1.411402e-15 -1.000000e+00
    outer loop
      vertex   -2.442580e+02 -3.180483e+01 9.873425e-16
      vertex   -2.481035e+02 -3.121208e+01 0.000000e+00
      vertex   -2.455328e+02 -3.079084e+01 -4.937736e-16
    endloop
  endfacet
  facet normal -2.253239e-16 2.028825e-16 -1.000000e+00
    outer loop
      vertex   -2.455328e+02 -3.079084e+01 -4.937736e-16
      vertex   -2.481035e+02 -3.121208e+01 0.000000e+00
      vertex   -2.467652e+02 -2.972579e+01 0.000000e+00
    endloop
  endfacet
  facet normal 0.000000e+00 0.000000e+00 -1.000000e+00
    outer loop
      vertex   -2.496607e+02 -3.384142e+01 0.000000e+00
      vertex   -2.521879e+02 -3.144742e+01 0.000000e+00
      vertex   -2.481035e+02 -3.121208e+01 0.000000e+00
    endloop
  endfacet
  facet normal -0.000000e+00 0.000000e+00 -1.000000e+00
    outer loop
      vertex   -2.481035e+02 -3.121208e+01 0.000000e+00
      vertex   -2.521879e+02 -3.144742e+01 0.000000e+00
      vertex   -2.489994e+02 -3.038150e+01 0.000000e+00
    endloop
  endfacet
  facet normal -0.000000e+00 0.000000e+00 -1.000000e+00
    outer loop
      vertex   -2.489994e+02 -3.038150e+01 0.000000e+00
      vertex   -2.521879e+02 -3.144742e+01 0.000000e+00
      vertex   -2.498708e+02 -2.952520e+01 0.000000e+00
    endloop
  endfacet
  facet normal -2.326998e-15 2.805066e-15 -1.000000e+00
    outer loop
      vertex   -2.498708e+02 -2.952520e+01 0.000000e+00
      vertex   -2.521879e+02 -3.144742e+01 0.000000e+00
      vertex   -2.507169e+02 -2.864393e+01 4.440892e-15
    endloop
  endfacet
  facet normal 1.108656e-15 1.002333e-15 -1.000000e+00
    outer loop
      vertex   -2.507169e+02 -2.864393e+01 4.440892e-15
      vertex   -2.521879e+02 -3.144742e+01 0.000000e+00
      vertex   -2.545224e+02 -2.886523e+01 0.000000e+00
    endloop
  endfacet
  facet normal 1.255515e-15 -1.523103e-15 -1.000000e+00
    outer loop
      vertex   -2.507169e+02 -2.864393e+01 4.440892e-15
      vertex   -2.545224e+02 -2.886523e+01 0.000000e+00
      vertex   -2.503405e+02 -2.606629e+01 9.873425e-16
    endloop
  endfacet
  facet normal 2.586250e-16 -3.365500e-17 -1.000000e+00
    outer loop
      vertex   -2.503405e+02 -2.606629e+01 9.873425e-16
      vertex   -2.545224e+02 -2.886523e+01 0.000000e+00
      vertex   -2.539787e+02 -2.468698e+01 0.000000e+00
    endloop
  endfacet
  facet normal -2.551051e-16 -1.388709e-15 -1.000000e+00
    outer loop
      vertex   -2.503405e+02 -2.606629e+01 9.873425e-16
      vertex   -2.539787e+02 -2.468698e+01 0.000000e+00
      vertex   -2.513766e+02 -2.480942e+01 -4.937736e-16
    endloop
  endfacet
  facet normal -1.782184e-16 2.452965e-16 -1.000000e+00
    outer loop
      vertex   -2.513766e+02 -2.480942e+01 -4.937736e-16
      vertex   -2.539787e+02 -2.468698e+01 0.000000e+00
      vertex   -2.523607e+02 -2.351141e+01 0.000000e+00
    endloop
  endfacet
  facet normal 0.000000e+00 0.000000e+00 -1.000000e+00
    outer loop
      vertex   -2.545224e+02 -2.886523e+01 0.000000e+00
      vertex   -2.566504e+02 -2.611032e+01 0.000000e+00
      vertex   -2.539787e+02 -2.468698e+01 0.000000e+00
    endloop
  endfacet
  facet normal -0.000000e+00 0.000000e+00 -1.000000e+00
    outer loop
      vertex   -2.539787e+02 -2.468698e+01 0.000000e+00
      vertex   -2.566504e+02 -2.611032e+01 0.000000e+00
      vertex   -2.546824e+02 -2.368828e+01 0.000000e+00
    endloop
  endfacet
  facet normal -0.000000e+00 0.000000e+00 -1.000000e+00
    outer loop
      vertex   -2.546824e+02 -2.368828e+01 0.000000e+00
      vertex   -2.566504e+02 -2.611032e+01 0.000000e+00
      vertex   -2.585590e+02 -2.319915e+01 0.000000e+00
    endloop
  endfacet
  facet normal 0.000000e+00 0.000000e+00 -1.000000e+00
    outer loop
      vertex   -2.546824e+02 -2.368828e+01 0.000000e+00
      vertex   -2.585590e+02 -2.319915e+01 0.000000e+00
      vertex   -2.553566e+02 -2.266953e+01 0.000000e+00
    endloop
  endfacet
  facet normal -6.417223e-16 3.880209e-15 -1.000000e+00
    outer loop
      vertex   -2.553566e+02 -2.266953e+01 0.000000e+00
      vertex   -2.585590e+02 -2.319915e+01 0.000000e+00
      vertex   -2.560010e+02 -2.163160e+01 4.440892e-15
    endloop
  endfacet
  facet normal 1.298364e-15 7.142738e-16 -1.000000e+00
    outer loop
      vertex   -2.560010e+02 -2.163160e+01 4.440892e-15
      vertex   -2.585590e+02 -2.319915e+01 0.000000e+00
      vertex   -2.602369e+02 -2.014916e+01 0.000000e+00
    endloop
  endfacet
  facet normal 4.901916e-16 -1.594993e-15 -1.000000e+00
    outer loop
      vertex   -2.560010e+02 -2.163160e+01 4.440892e-15
      vertex   -2.602369e+02 -2.014916e+01 0.000000e+00
      vertex   -2.550970e+02 -1.918852e+01 9.873425e-16
    endloop
  endfacet
  facet normal 3.496651e-16 -8.430990e-16 -1.000000e+00
    outer loop
      vertex   -2.550970e+02 -1.918852e+01 9.873425e-16
      vertex   -2.602369e+02 -2.014916e+01 0.000000e+00
      vertex   -2.558491e+02 -1.774371e+01 -4.937736e-16
    endloop
  endfacet
  facet normal -1.689658e-16 1.029390e-16 -1.000000e+00
    outer loop
      vertex   -2.558491e+02 -1.774371e+01 -4.937736e-16
      vertex   -2.602369e+02 -2.014916e+01 0.000000e+00
      vertex   -2.583689e+02 -1.708294e+01 0.000000e+00
    endloop
  endfacet
  facet normal -1.233238e-16 2.769899e-16 -1.000000e+00
    outer loop
      vertex   -2.558491e+02 -1.774371e+01 -4.937736e-16
      vertex   -2.583689e+02 -1.708294e+01 0.000000e+00
      vertex   -2.565418e+02 -1.626947e+01 0.000000e+00
    endloop
  endfacet
  facet normal 0.000000e+00 0.000000e+00 -1.000000e+00
    outer loop
      vertex   -2.602369e+02 -2.014916e+01 0.000000e+00
      vertex   -2.616741e+02 -1.697859e+01 0.000000e+00
      vertex   -2.583689e+02 -1.708294e+01 0.000000e+00
    endloop
  endfacet
  facet normal 0.000000e+00 0.000000e+00 -1.000000e+00
    outer loop
      vertex   -2.583689e+02 -1.708294e+01 0.000000e+00
      vertex   -2.616741e+02 -1.697859e+01 0.000000e+00
      vertex   -2.588495e+02 -1.595976e+01 0.000000e+00
    endloop
  endfacet
  facet normal -0.000000e+00 0.000000e+00 -1.000000e+00
    outer loop
      vertex   -2.588495e+02 -1.595976e+01 0.000000e+00
      vertex   -2.616741e+02 -1.697859e+01 0.000000e+00
      vertex   -2.592973e+02 -1.482308e+01 0.000000e+00
    endloop
  endfacet
  facet normal -0.000000e+00 0.000000e+00 -1.000000e+00
    outer loop
      vertex   -2.592973e+02 -1.482308e+01 0.000000e+00
      vertex   -2.616741e+02 -1.697859e+01 0.000000e+00
      vertex   -2.628618e+02 -1.370643e+01 0.000000e+00
    endloop
  endfacet
  facet normal 1.364763e-15 4.356504e-15 -1.000000e+00
    outer loop
      vertex   -2.592973e+02 -1.482308e+01 0.000000e+00
      vertex   -2.628618e+02 -1.370643e+01 0.000000e+00
      vertex   -2.597118e+02 -1.367386e+01 4.440892e-15
    endloop
  endfacet
  facet normal 1.405764e-15 3.902931e-16 -1.000000e+00
    outer loop
      vertex   -2.597118e+02 -1.367386e+01 4.440892e-15
      vertex   -2.628618e+02 -1.370643e+01 0.000000e+00
      vertex   -2.637930e+02 -1.035224e+01 0.000000e+00
    endloop
  endfacet
  facet normal -1.244457e-16 -1.489870e-15 -1.000000e+00
    outer loop
      vertex   -2.597118e+02 -1.367386e+01 4.440892e-15
      vertex   -2.637930e+02 -1.035224e+01 0.000000e+00
      vertex   -2.583196e+02 -1.147213e+01 9.873425e-16
    endloop
  endfacet
  facet normal -1.344258e-17 -9.473421e-16 -1.000000e+00
    outer loop
      vertex   -2.583196e+02 -1.147213e+01 9.873425e-16
      vertex   -2.637930e+02 -1.035224e+01 0.000000e+00
      vertex   -2.587549e+02 -9.902509e+00 -4.937736e-16
    endloop
  endfacet
  facet normal -1.152172e-16 1.928066e-16 -1.000000e+00
    outer loop
      vertex   -2.587549e+02 -9.902509e+00 -4.937736e-16
      vertex   -2.637930e+02 -1.035224e+01 0.000000e+00
      vertex   -2.610822e+02 -8.732291e+00 0.000000e+00
    endloop
  endfacet
  facet normal -6.303949e-17 2.965775e-16 -1.000000e+00
    outer loop
      vertex   -2.587549e+02 -9.902509e+00 -4.937736e-16
      vertex   -2.610822e+02 -8.732291e+00 0.000000e+00
      vertex   -2.591259e+02 -8.316468e+00 0.000000e+00
    endloop
  endfacet
  facet normal 0.000000e+00 0.000000e+00 -1.000000e+00
    outer loop
      vertex   -2.637930e+02 -1.035224e+01 0.000000e+00
      vertex   -2.644622e+02 -6.936101e+00 0.000000e+00
      vertex   -2.610822e+02 -8.732291e+00 0.000000e+00
    endloop
  endfacet
  facet normal 0.000000e+00 0.000000e+00 -1.000000e+00
    outer loop
      vertex   -2.610822e+02 -8.732291e+00 0.000000e+00
      vertex   -2.644622e+02 -6.936101e+00 0.000000e+00
      vertex   -2.613188e+02 -7.533733e+00 0.000000e+00
    endloop
  endfacet
  facet normal 0.000000e+00 0.000000e+00 -1.000000e+00
    outer loop
      vertex   -2.613188e+02 -7.533733e+00 0.000000e+00
      vertex   -2.644622e+02 -6.936101e+00 0.000000e+00
      vertex   -2.615204e+02 -6.328800e+00 0.000000e+00
    endloop
  endfacet
  facet normal -7.365628e-16 3.567954e-15 -1.000000e+00
    outer loop
      vertex   -2.615204e+02 -6.328800e+00 0.000000e+00
      vertex   -2.644622e+02 -6.936101e+00 0.000000e+00
      vertex   -2.616869e+02 -5.118512e+00 4.440892e-15
    endloop
  endfacet
  facet normal 1.486636e-15 1.733245e-16 -1.000000e+00
    outer loop
      vertex   -2.616869e+02 -5.118512e+00 4.440892e-15
      vertex   -2.644622e+02 -6.936101e+00 0.000000e+00
      vertex   -2.648654e+02 -3.478458e+00 0.000000e+00
    endloop
  endfacet
  facet normal 2.934647e-16 -2.139038e-15 -1.000000e+00
    outer loop
      vertex   -2.616869e+02 -5.118512e+00 4.440892e-15
      vertex   -2.648654e+02 -3.478458e+00 0.000000e+00
      vertex   -2.598674e+02 -3.254347e+00 9.873425e-16
    endloop
  endfacet
  facet normal 2.377465e-16 -8.964533e-16 -1.000000e+00
    outer loop
      vertex   -2.598674e+02 -3.254347e+00 9.873425e-16
      vertex   -2.648654e+02 -3.478458e+00 0.000000e+00
      vertex   -2.599668e+02 -1.628524e+00 -4.937736e-16
    endloop
  endfacet
  facet normal -1.463184e-16 1.205289e-16 -1.000000e+00
    outer loop
      vertex   -2.599668e+02 -1.628524e+00 -4.937736e-16
      vertex   -2.648654e+02 -3.478458e+00 0.000000e+00
      vertex   -2.620000e+02 5.143517e-15 0.000000e+00
    endloop
  endfacet
  facet normal 3.027515e-32 3.032032e-16 -1.000000e+00
    outer loop
      vertex   -2.599668e+02 -1.628524e+00 -4.937736e-16
      vertex   -2.620000e+02 5.143517e-15 0.000000e+00
      vertex   -2.600000e+02 4.898587e-15 0.000000e+00
    endloop
  endfacet
  facet normal 0.000000e+00 0.000000e+00 -1.000000e+00
    outer loop
      vertex   -2.648654e+02 -3.478458e+00 0.000000e+00
      vertex   -2.650000e+02 2.549493e-14 0.000000e+00
      vertex   -2.620000e+02 5.143517e-15 0.000000e+00
    endloop
  endfacet
  facet normal 0.000000e+00 0.000000e+00 -1.000000e+00
    outer loop
      vertex   -2.620000e+02 5.143517e-15 0.000000e+00
      vertex   -2.650000e+02 2.549493e-14 0.000000e+00
      vertex   -2.619822e+02 1.221558e+00 0.000000e+00
    endloop
  endfacet
  facet normal -0.000000e+00 0.000000e+00 -1.000000e+00
    outer loop
      vertex   -2.619822e+02 1.221558e+00 0.000000e+00
      vertex   -2.650000e+02 2.549493e-14 0.000000e+00
      vertex   -2.648654e+02 3.478458e+00 0.000000e+00
    endloop
  endfacet
  facet normal 0.000000e+00 0.000000e+00 -1.000000e+00
    outer loop
      vertex   -2.619822e+02 1.221558e+00 0.000000e+00
      vertex   -2.648654e+02 3.478458e+00 0.000000e+00
      vertex   -2.619289e+02 2.442083e+00 0.000000e+00
    endloop
  endfacet
  facet normal 1.254105e-15 3.553319e-15 -1.000000e+00
    outer loop
      vertex   -2.619289e+02 2.442083e+00 0.000000e+00
      vertex   -2.648654e+02 3.478458e+00 0.000000e+00
      vertex   -2.618402e+02 3.660541e+00 4.440892e-15
    endloop
  endfacet
  facet normal 1.478350e-15 -1.723584e-16 -1.000000e+00
    outer loop
      vertex   -2.618402e+02 3.660541e+00 4.440892e-15
      vertex   -2.648654e+02 3.478458e+00 0.000000e+00
      vertex   -2.644622e+02 6.936101e+00 0.000000e+00
    endloop
  endfacet
  facet normal -4.495250e-16 -1.715607e-15 -1.000000e+00
    outer loop
      vertex   -2.618402e+02 3.660541e+00 4.440892e-15
      vertex   -2.644622e+02 6.936101e+00 0.000000e+00
      vertex   -2.596728e+02 5.105666e+00 9.873425e-16
    endloop
  endfacet
  facet normal -1.373793e-16 -8.988626e-16 -1.000000e+00
    outer loop
      vertex   -2.596728e+02 5.105666e+00 9.873425e-16
      vertex   -2.644622e+02 6.936101e+00 0.000000e+00
      vertex   -2.594321e+02 6.716636e+00 -4.937736e-16
    endloop
  endfacet
  facet normal -9.071433e-17 1.707046e-16 -1.000000e+00
    outer loop
      vertex   -2.594321e+02 6.716636e+00 -4.937736e-16
      vertex   -2.644622e+02 6.936101e+00 0.000000e+00
      vertex   -2.610822e+02 8.732291e+00 0.000000e+00
    endloop
  endfacet
  facet normal 6.303949e-17 2.965775e-16 -1.000000e+00
    outer loop
      vertex   -2.594321e+02 6.716636e+00 -4.937736e-16
      vertex   -2.610822e+02 8.732291e+00 0.000000e+00
      vertex   -2.591259e+02 8.316468e+00 0.000000e+00
    endloop
  endfacet
  facet normal 0.000000e+00 0.000000e+00 -1.000000e+00
    outer loop
      vertex   -2.644622e+02 6.936101e+00 0.000000e+00
      vertex   -2.637930e+02 1.035224e+01 0.000000e+00
      vertex   -2.610822e+02 8.732291e+00 0.000000e+00
    endloop
  endfacet
  facet normal 0.000000e+00 0.000000e+00 -1.000000e+00
    outer loop
      vertex   -2.610822e+02 8.732291e+00 0.000000e+00
      vertex   -2.637930e+02 1.035224e+01 0.000000e+00
      vertex   -2.608108e+02 9.923461e+00 0.000000e+00
    endloop
  endfacet
  facet normal 0.000000e+00 0.000000e+00 -1.000000e+00
    outer loop
      vertex   -2.608108e+02 9.923461e+00 0.000000e+00
      vertex   -2.637930e+02 1.035224e+01 0.000000e+00
      vertex   -2.605050e+02 1.110623e+01 0.000000e+00
    endloop
  endfacet
  facet normal -9.296787e-16 4.054221e-15 -1.000000e+00
    outer loop
      vertex   -2.605050e+02 1.110623e+01 0.000000e+00
      vertex   -2.637930e+02 1.035224e+01 0.000000e+00
      vertex   -2.601648e+02 1.227961e+01 4.440892e-15
    endloop
  endfacet
  facet normal 1.435724e-15 -3.986113e-16 -1.000000e+00
    outer loop
      vertex   -2.601648e+02 1.227961e+01 4.440892e-15
      vertex   -2.637930e+02 1.035224e+01 0.000000e+00
      vertex   -2.628618e+02 1.370643e+01 0.000000e+00
    endloop
  endfacet
  facet normal -1.076476e-16 -3.315931e-15 -1.000000e+00
    outer loop
      vertex   -2.601648e+02 1.227961e+01 4.440892e-15
      vertex   -2.628618e+02 1.370643e+01 0.000000e+00
      vertex   -2.577443e+02 1.324254e+01 9.873425e-16
    endloop
  endfacet
  facet normal 1.014972e-16 -1.008720e-15 -1.000000e+00
    outer loop
      vertex   -2.577443e+02 1.324254e+01 9.873425e-16
      vertex   -2.628618e+02 1.370643e+01 0.000000e+00
      vertex   -2.571739e+02 1.476825e+01 -4.937736e-16
    endloop
  endfacet
  facet normal -9.312131e-17 3.380138e-17 -1.000000e+00
    outer loop
      vertex   -2.571739e+02 1.476825e+01 -4.937736e-16
      vertex   -2.628618e+02 1.370643e+01 0.000000e+00
      vertex   -2.616741e+02 1.697859e+01 0.000000e+00
    endloop
  endfacet
  facet normal -6.626682e-18 2.099002e-16 -1.000000e+00
    outer loop
      vertex   -2.571739e+02 1.476825e+01 -4.937736e-16
      vertex   -2.616741e+02 1.697859e+01 0.000000e+00
      vertex   -2.583689e+02 1.708294e+01 0.000000e+00
    endloop
  endfacet
  facet normal -0.000000e+00 0.000000e+00 -1.000000e+00
    outer loop
      vertex   -2.583689e+02 1.708294e+01 0.000000e+00
      vertex   -2.616741e+02 1.697859e+01 0.000000e+00
      vertex   -2.578558e+02 1.819166e+01 0.000000e+00
    endloop
  endfacet
  facet normal -0.000000e+00 0.000000e+00 -1.000000e+00
    outer loop
      vertex   -2.578558e+02 1.819166e+01 0.000000e+00
      vertex   -2.616741e+02 1.697859e+01 0.000000e+00
      vertex   -2.602369e+02 2.014916e+01 0.000000e+00
    endloop
  endfacet
  facet normal 0.000000e+00 0.000000e+00 -1.000000e+00
    outer loop
      vertex   -2.578558e+02 1.819166e+01 0.000000e+00
      vertex   -2.602369e+02 2.014916e+01 0.000000e+00
      vertex   -2.573107e+02 1.928499e+01 0.000000e+00
    endloop
  endfacet
  facet normal 1.051436e-15 3.560354e-15 -1.000000e+00
    outer loop
      vertex   -2.573107e+02 1.928499e+01 0.000000e+00
      vertex   -2.602369e+02 2.014916e+01 0.000000e+00
      vertex   -2.567340e+02 2.036200e+01 4.440892e-15
    endloop
  endfacet
  facet normal 1.311615e-15 -7.215634e-16 -1.000000e+00
    outer loop
      vertex   -2.567340e+02 2.036200e+01 4.440892e-15
      vertex   -2.602369e+02 2.014916e+01 0.000000e+00
      vertex   -2.585590e+02 2.319915e+01 0.000000e+00
    endloop
  endfacet
  facet normal -9.708872e-16 -2.189796e-15 -1.000000e+00
    outer loop
      vertex   -2.567340e+02 2.036200e+01 4.440892e-15
      vertex   -2.585590e+02 2.319915e+01 0.000000e+00
      vertex   -2.541663e+02 2.080065e+01 9.873425e-16
    endloop
  endfacet
  facet normal -2.699949e-16 -9.061357e-16 -1.000000e+00
    outer loop
      vertex   -2.541663e+02 2.080065e+01 9.873425e-16
      vertex   -2.585590e+02 2.319915e+01 0.000000e+00
      vertex   -2.532911e+02 2.217441e+01 -4.937736e-16
    endloop
  endfacet
  facet normal -5.862452e-17 1.804771e-16 -1.000000e+00
    outer loop
      vertex   -2.532911e+02 2.217441e+01 -4.937736e-16
      vertex   -2.585590e+02 2.319915e+01 0.000000e+00
      vertex   -2.539787e+02 2.468698e+01 0.000000e+00
    endloop
  endfacet
  facet normal 1.782184e-16 2.452965e-16 -1.000000e+00
    outer loop
      vertex   -2.532911e+02 2.217441e+01 -4.937736e-16
      vertex   -2.539787e+02 2.468698e+01 0.000000e+00
      vertex   -2.523607e+02 2.351141e+01 0.000000e+00
    endloop
  endfacet
  facet normal 0.000000e+00 0.000000e+00 -1.000000e+00
    outer loop
      vertex   -2.585590e+02 2.319915e+01 0.000000e+00
      vertex   -2.566504e+02 2.611032e+01 0.000000e+00
      vertex   -2.539787e+02 2.468698e+01 0.000000e+00
    endloop
  endfacet
  facet normal 0.000000e+00 0.000000e+00 -1.000000e+00
    outer loop
      vertex   -2.539787e+02 2.468698e+01 0.000000e+00
      vertex   -2.566504e+02 2.611032e+01 0.000000e+00
      vertex   -2.532463e+02 2.566480e+01 0.000000e+00
    endloop
  endfacet
  facet normal 0.000000e+00 0.000000e+00 -1.000000e+00
    outer loop
      vertex   -2.532463e+02 2.566480e+01 0.000000e+00
      vertex   -2.566504e+02 2.611032e+01 0.000000e+00
      vertex   -2.524858e+02 2.662090e+01 0.000000e+00
    endloop
  endfacet
  facet normal -0.000000e+00 0.000000e+00 -1.000000e+00
    outer loop
      vertex   -2.524858e+02 2.662090e+01 0.000000e+00
      vertex   -2.566504e+02 2.611032e+01 0.000000e+00
      vertex   -2.545224e+02 2.886523e+01 0.000000e+00
    endloop
  endfacet
  facet normal 2.715839e-15 2.464494e-15 -1.000000e+00
    outer loop
      vertex   -2.524858e+02 2.662090e+01 0.000000e+00
      vertex   -2.545224e+02 2.886523e+01 0.000000e+00
      vertex   -2.516978e+02 2.755448e+01 4.440892e-15
    endloop
  endfacet
  facet normal 1.107543e-15 -1.001327e-15 -1.000000e+00
    outer loop
      vertex   -2.516978e+02 2.755448e+01 4.440892e-15
      vertex   -2.545224e+02 2.886523e+01 0.000000e+00
      vertex   -2.521879e+02 3.144742e+01 0.000000e+00
    endloop
  endfacet
  facet normal -9.616557e-16 -1.261818e-15 -1.000000e+00
    outer loop
      vertex   -2.516978e+02 2.755448e+01 4.440892e-15
      vertex   -2.521879e+02 3.144742e+01 0.000000e+00
      vertex   -2.479533e+02 2.861145e+01 -4.937736e-16
    endloop
  endfacet
  facet normal 1.097636e-17 1.905009e-16 -1.000000e+00
    outer loop
      vertex   -2.479533e+02 2.861145e+01 -4.937736e-16
      vertex   -2.521879e+02 3.144742e+01 0.000000e+00
      vertex   -2.481035e+02 3.121208e+01 0.000000e+00
    endloop
  endfacet
  facet normal 2.253239e-16 2.028825e-16 -1.000000e+00
    outer loop
      vertex   -2.479533e+02 2.861145e+01 -4.937736e-16
      vertex   -2.481035e+02 3.121208e+01 0.000000e+00
      vertex   -2.467652e+02 2.972579e+01 0.000000e+00
    endloop
  endfacet
  facet normal 0.000000e+00 0.000000e+00 -1.000000e+00
    outer loop
      vertex   -2.521879e+02 3.144742e+01 0.000000e+00
      vertex   -2.496607e+02 3.384142e+01 0.000000e+00
      vertex   -2.481035e+02 3.121208e+01 0.000000e+00
    endloop
  endfacet
  facet normal 0.000000e+00 0.000000e+00 -1.000000e+00
    outer loop
      vertex   -2.481035e+02 3.121208e+01 0.000000e+00
      vertex   -2.496607e+02 3.384142e+01 0.000000e+00
      vertex   -2.471838e+02 3.201626e+01 0.000000e+00
    endloop
  endfacet
  facet normal 0.000000e+00 0.000000e+00 -1.000000e+00
    outer loop
      vertex   -2.471838e+02 3.201626e+01 0.000000e+00
      vertex   -2.496607e+02 3.384142e+01 0.000000e+00
      vertex   -2.462411e+02 3.279335e+01 0.000000e+00
    endloop
  endfacet
  facet normal 1.302388e-15 4.249373e-15 -1.000000e+00
    outer loop
      vertex   -2.462411e+02 3.279335e+01 0.000000e+00
      vertex   -2.496607e+02 3.384142e+01 0.000000e+00
      vertex   -2.452762e+02 3.354269e+01 4.440892e-15
    endloop
  endfacet
  facet normal 9.343014e-16 -1.153080e-15 -1.000000e+00
    outer loop
      vertex   -2.452762e+02 3.354269e+01 4.440892e-15
      vertex   -2.496607e+02 3.384142e+01 0.000000e+00
      vertex   -2.469561e+02 3.603291e+01 0.000000e+00
    endloop
  endfacet
  facet normal 9.806937e-17 -1.717178e-15 -1.000000e+00
    outer loop
      vertex   -2.452762e+02 3.354269e+01 4.440892e-15
      vertex   -2.469561e+02 3.603291e+01 0.000000e+00
      vertex   -2.410000e+02 3.637307e+01 0.000000e+00
    endloop
  endfacet
  facet normal -0.000000e+00 0.000000e+00 -1.000000e+00
    outer loop
      vertex   -2.410000e+02 3.637307e+01 0.000000e+00
      vertex   -2.469561e+02 3.603291e+01 0.000000e+00
      vertex   -2.440901e+02 3.800878e+01 0.000000e+00
    endloop
  endfacet
  facet normal 0.000000e+00 0.000000e+00 -1.000000e+00
    outer loop
      vertex   -2.410000e+02 3.637307e+01 0.000000e+00
      vertex   -2.440901e+02 3.800878e+01 0.000000e+00
      vertex   -2.399332e+02 3.696846e+01 0.000000e+00
    endloop
  endfacet
  facet normal 0.000000e+00 0.000000e+00 -1.000000e+00
    outer loop
      vertex   -2.399332e+02 3.696846e+01 0.000000e+00
      vertex   -2.440901e+02 3.800878e+01 0.000000e+00
      vertex   -2.410800e+02 3.975720e+01 0.000000e+00
    endloop
  endfacet
  facet normal 0.000000e+00 0.000000e+00 -1.000000e+00
    outer loop
      vertex   -2.399332e+02 3.696846e+01 0.000000e+00
      vertex   -2.410800e+02 3.975720e+01 0.000000e+00
      vertex   -2.388496e+02 3.753257e+01 0.000000e+00
    endloop
  endfacet
  facet normal 2.718904e-15 2.725974e-15 -1.000000e+00
    outer loop
      vertex   -2.388496e+02 3.753257e+01 0.000000e+00
      vertex   -2.410800e+02 3.975720e+01 0.000000e+00
      vertex   -2.377500e+02 3.806493e+01 4.440892e-15
    endloop
  endfacet
  facet normal 6.489053e-16 -1.347322e-15 -1.000000e+00
    outer loop
      vertex   -2.377500e+02 3.806493e+01 4.440892e-15
      vertex   -2.410800e+02 3.975720e+01 0.000000e+00
      vertex   -2.379437e+02 4.126770e+01 0.000000e+00
    endloop
  endfacet
  facet normal -3.756229e-16 -1.409298e-15 -1.000000e+00
    outer loop
      vertex   -2.377500e+02 3.806493e+01 4.440892e-15
      vertex   -2.379437e+02 4.126770e+01 0.000000e+00
      vertex   -2.329787e+02 3.994437e+01 0.000000e+00
    endloop
  endfacet
  facet normal 0.000000e+00 0.000000e+00 -1.000000e+00
    outer loop
      vertex   -2.329787e+02 3.994437e+01 0.000000e+00
      vertex   -2.379437e+02 4.126770e+01 0.000000e+00
      vertex   -2.347001e+02 4.253126e+01 0.000000e+00
    endloop
  endfacet
  facet normal 0.000000e+00 0.000000e+00 -1.000000e+00
    outer loop
      vertex   -2.329787e+02 3.994437e+01 0.000000e+00
      vertex   -2.347001e+02 4.253126e+01 0.000000e+00
      vertex   -2.318115e+02 4.030496e+01 0.000000e+00
    endloop
  endfacet
  facet normal 0.000000e+00 0.000000e+00 -1.000000e+00
    outer loop
      vertex   -2.318115e+02 4.030496e+01 0.000000e+00
      vertex   -2.347001e+02 4.253126e+01 0.000000e+00
      vertex   -2.306342e+02 4.063144e+01 0.000000e+00
    endloop
  endfacet
  facet normal 0.000000e+00 0.000000e+00 -1.000000e+00
    outer loop
      vertex   -2.306342e+02 4.063144e+01 0.000000e+00
      vertex   -2.347001e+02 4.253126e+01 0.000000e+00
      vertex   -2.313685e+02 4.354031e+01 0.000000e+00
    endloop
  endfacet
  facet normal 3.524558e-15 8.896695e-16 -1.000000e+00
    outer loop
      vertex   -2.306342e+02 4.063144e+01 0.000000e+00
      vertex   -2.313685e+02 4.354031e+01 0.000000e+00
      vertex   -2.294479e+02 4.092354e+01 4.440892e-15
    endloop
  endfacet
  facet normal 3.216698e-16 -1.461012e-15 -1.000000e+00
    outer loop
      vertex   -2.294479e+02 4.092354e+01 4.440892e-15
      vertex   -2.313685e+02 4.354031e+01 0.000000e+00
      vertex   -2.279688e+02 4.428880e+01 0.000000e+00
    endloop
  endfacet
  facet normal -7.093839e-16 -1.007833e-15 -1.000000e+00
    outer loop
      vertex   -2.294479e+02 4.092354e+01 4.440892e-15
      vertex   -2.279688e+02 4.428880e+01 0.000000e+00
      vertex   -2.243902e+02 4.176992e+01 0.000000e+00
    endloop
  endfacet
  facet normal 0.000000e+00 0.000000e+00 -1.000000e+00
    outer loop
      vertex   -2.243902e+02 4.176992e+01 0.000000e+00
      vertex   -2.279688e+02 4.428880e+01 0.000000e+00
      vertex   -2.245215e+02 4.477227e+01 0.000000e+00
    endloop
  endfacet
  facet normal 0.000000e+00 0.000000e+00 -1.000000e+00
    outer loop
      vertex   -2.243902e+02 4.176992e+01 0.000000e+00
      vertex   -2.245215e+02 4.477227e+01 0.000000e+00
      vertex   -2.231735e+02 4.187994e+01 0.000000e+00
    endloop
  endfacet
  facet normal 0.000000e+00 0.000000e+00 -1.000000e+00
    outer loop
      vertex   -2.231735e+02 4.187994e+01 0.000000e+00
      vertex   -2.245215e+02 4.477227e+01 0.000000e+00
      vertex   -2.219541e+02 4.195452e+01 0.000000e+00
    endloop
  endfacet
  facet normal 0.000000e+00 0.000000e+00 -1.000000e+00
    outer loop
      vertex   -2.219541e+02 4.195452e+01 0.000000e+00
      vertex   -2.245215e+02 4.477227e+01 0.000000e+00
      vertex   -2.210471e+02 4.498782e+01 0.000000e+00
    endloop
  endfacet
  facet normal 3.672053e-15 -1.097949e-15 -1.000000e+00
    outer loop
      vertex   -2.219541e+02 4.195452e+01 0.000000e+00
      vertex   -2.210471e+02 4.498782e+01 0.000000e+00
      vertex   -2.207330e+02 4.199360e+01 4.440892e-15
    endloop
  endfacet
  facet normal -2.290483e-17 -1.485561e-15 -1.000000e+00
    outer loop
      vertex   -2.207330e+02 4.199360e+01 4.440892e-15
      vertex   -2.210471e+02 4.498782e+01 0.000000e+00
      vertex   -2.175665e+02 4.493415e+01 0.000000e+00
    endloop
  endfacet
  facet normal -8.908727e-16 -5.508843e-16 -1.000000e+00
    outer loop
      vertex   -2.207330e+02 4.199360e+01 4.440892e-15
      vertex   -2.175665e+02 4.493415e+01 0.000000e+00
      vertex   -2.156098e+02 4.176992e+01 0.000000e+00
    endloop
  endfacet
  facet normal 0.000000e+00 0.000000e+00 -1.000000e+00
    outer loop
      vertex   -2.156098e+02 4.176992e+01 0.000000e+00
      vertex   -2.175665e+02 4.493415e+01 0.000000e+00
      vertex   -2.141004e+02 4.461159e+01 0.000000e+00
    endloop
  endfacet
  facet normal 0.000000e+00 0.000000e+00 -1.000000e+00
    outer loop
      vertex   -2.156098e+02 4.176992e+01 0.000000e+00
      vertex   -2.141004e+02 4.461159e+01 0.000000e+00
      vertex   -2.143968e+02 4.162456e+01 0.000000e+00
    endloop
  endfacet
  facet normal 0.000000e+00 0.000000e+00 -1.000000e+00
    outer loop
      vertex   -2.143968e+02 4.162456e+01 0.000000e+00
      vertex   -2.141004e+02 4.461159e+01 0.000000e+00
      vertex   -2.131885e+02 4.144398e+01 0.000000e+00
    endloop
  endfacet
  facet normal 0.000000e+00 0.000000e+00 -1.000000e+00
    outer loop
      vertex   -2.131885e+02 4.144398e+01 0.000000e+00
      vertex   -2.141004e+02 4.461159e+01 0.000000e+00
      vertex   -2.106696e+02 4.402208e+01 0.000000e+00
    endloop
  endfacet
  facet normal 3.142437e-15 -3.070339e-15 -1.000000e+00
    outer loop
      vertex   -2.131885e+02 4.144398e+01 0.000000e+00
      vertex   -2.106696e+02 4.402208e+01 0.000000e+00
      vertex   -2.119860e+02 4.122834e+01 4.440892e-15
    endloop
  endfacet
  facet normal -3.589848e-16 -1.420431e-15 -1.000000e+00
    outer loop
      vertex   -2.119860e+02 4.122834e+01 4.440892e-15
      vertex   -2.106696e+02 4.402208e+01 0.000000e+00
      vertex   -2.072946e+02 4.316913e+01 0.000000e+00
    endloop
  endfacet
  facet normal -9.145354e-16 -7.752111e-17 -1.000000e+00
    outer loop
      vertex   -2.119860e+02 4.122834e+01 4.440892e-15
      vertex   -2.072946e+02 4.316913e+01 0.000000e+00
      vertex   -2.070213e+02 3.994437e+01 0.000000e+00
    endloop
  endfacet
  facet normal 0.000000e+00 0.000000e+00 -1.000000e+00
    outer loop
      vertex   -2.070213e+02 3.994437e+01 0.000000e+00
      vertex   -2.072946e+02 4.316913e+01 0.000000e+00
      vertex   -2.039957e+02 4.205785e+01 0.000000e+00
    endloop
  endfacet
  facet normal 0.000000e+00 0.000000e+00 -1.000000e+00
    outer loop
      vertex   -2.070213e+02 3.994437e+01 0.000000e+00
      vertex   -2.039957e+02 4.205785e+01 0.000000e+00
      vertex   -2.058650e+02 3.954999e+01 0.000000e+00
    endloop
  endfacet
  facet normal 0.000000e+00 0.000000e+00 -1.000000e+00
    outer loop
      vertex   -2.058650e+02 3.954999e+01 0.000000e+00
      vertex   -2.039957e+02 4.205785e+01 0.000000e+00
      vertex   -2.047207e+02 3.912215e+01 0.000000e+00
    endloop
  endfacet
  facet normal 0.000000e+00 0.000000e+00 -1.000000e+00
    outer loop
      vertex   -2.047207e+02 3.912215e+01 0.000000e+00
      vertex   -2.039957e+02 4.205785e+01 0.000000e+00
      vertex   -2.007926e+02 4.069490e+01 0.000000e+00
    endloop
  endfacet
  facet normal 1.945493e-15 -4.859093e-15 -1.000000e+00
    outer loop
      vertex   -2.047207e+02 3.912215e+01 0.000000e+00
      vertex   -2.007926e+02 4.069490e+01 0.000000e+00
      vertex   -2.035893e+02 3.866120e+01 4.440892e-15
    endloop
  endfacet
  facet normal -6.622082e-16 -1.272994e-15 -1.000000e+00
    outer loop
      vertex   -2.035893e+02 3.866120e+01 4.440892e-15
      vertex   -2.007926e+02 4.069490e+01 0.000000e+00
      vertex   -1.977044e+02 3.908842e+01 0.000000e+00
    endloop
  endfacet
  facet normal -7.816978e-16 3.729900e-16 -1.000000e+00
    outer loop
      vertex   -2.035893e+02 3.866120e+01 4.440892e-15
      vertex   -1.977044e+02 3.908842e+01 0.000000e+00
      vertex   -1.990000e+02 3.637307e+01 0.000000e+00
    endloop
  endfacet
  facet normal 0.000000e+00 0.000000e+00 -1.000000e+00
    outer loop
      vertex   -1.990000e+02 3.637307e+01 0.000000e+00
      vertex   -1.977044e+02 3.908842e+01 0.000000e+00
      vertex   -1.947496e+02 3.724803e+01 0.000000e+00
    endloop
  endfacet
  facet normal 0.000000e+00 0.000000e+00 -1.000000e+00
    outer loop
      vertex   -1.990000e+02 3.637307e+01 0.000000e+00
      vertex   -1.947496e+02 3.724803e+01 0.000000e+00
      vertex   -1.979510e+02 3.574690e+01 0.000000e+00
    endloop
  endfacet
  facet normal 0.000000e+00 0.000000e+00 -1.000000e+00
    outer loop
      vertex   -1.979510e+02 3.574690e+01 0.000000e+00
      vertex   -1.947496e+02 3.724803e+01 0.000000e+00
      vertex   -1.969206e+02 3.509049e+01 0.000000e+00
    endloop
  endfacet
  facet normal 2.610399e-15 -2.626743e-15 -1.000000e+00
    outer loop
      vertex   -1.969206e+02 3.509049e+01 0.000000e+00
      vertex   -1.947496e+02 3.724803e+01 0.000000e+00
      vertex   -1.959098e+02 3.440439e+01 4.440892e-15
    endloop
  endfacet
  facet normal -8.838826e-16 -1.201062e-15 -1.000000e+00
    outer loop
      vertex   -1.959098e+02 3.440439e+01 4.440892e-15
      vertex   -1.947496e+02 3.724803e+01 0.000000e+00
      vertex   -1.919459e+02 3.518475e+01 0.000000e+00
    endloop
  endfacet
  facet normal -1.364530e-15 1.240419e-15 -1.000000e+00
    outer loop
      vertex   -1.959098e+02 3.440439e+01 4.440892e-15
      vertex   -1.919459e+02 3.518475e+01 0.000000e+00
      vertex   -1.957420e+02 3.180483e+01 9.873425e-16
    endloop
  endfacet
  facet normal -2.572493e-16 -3.196851e-18 -1.000000e+00
    outer loop
      vertex   -1.957420e+02 3.180483e+01 9.873425e-16
      vertex   -1.919459e+02 3.518475e+01 0.000000e+00
      vertex   -1.918965e+02 3.121208e+01 0.000000e+00
    endloop
  endfacet
  facet normal -3.919839e-17 1.411402e-15 -1.000000e+00
    outer loop
      vertex   -1.957420e+02 3.180483e+01 9.873425e-16
      vertex   -1.918965e+02 3.121208e+01 0.000000e+00
      vertex   -1.944672e+02 3.079084e+01 -4.937736e-16
    endloop
  endfacet
  facet normal 2.253239e-16 -2.028825e-16 -1.000000e+00
    outer loop
      vertex   -1.944672e+02 3.079084e+01 -4.937736e-16
      vertex   -1.918965e+02 3.121208e+01 0.000000e+00
      vertex   -1.932348e+02 2.972579e+01 0.000000e+00
    endloop
  endfacet
  facet normal 0.000000e+00 0.000000e+00 -1.000000e+00
    outer loop
      vertex   -1.919459e+02 3.518475e+01 0.000000e+00
      vertex   -1.893101e+02 3.291091e+01 0.000000e+00
      vertex   -1.918965e+02 3.121208e+01 0.000000e+00
    endloop
  endfacet
  facet normal 0.000000e+00 0.000000e+00 -1.000000e+00
    outer loop
      vertex   -1.918965e+02 3.121208e+01 0.000000e+00
      vertex   -1.893101e+02 3.291091e+01 0.000000e+00
      vertex   -1.910006e+02 3.038150e+01 0.000000e+00
    endloop
  endfacet
  facet normal 0.000000e+00 0.000000e+00 -1.000000e+00
    outer loop
      vertex   -1.910006e+02 3.038150e+01 0.000000e+00
      vertex   -1.893101e+02 3.291091e+01 0.000000e+00
      vertex   -1.901292e+02 2.952520e+01 0.000000e+00
    endloop
  endfacet
  facet normal 0.000000e+00 0.000000e+00 -1.000000e+00
    outer loop
      vertex   -1.901292e+02 2.952520e+01 0.000000e+00
      vertex   -1.893101e+02 3.291091e+01 0.000000e+00
      vertex   -1.867660e+02 3.323402e+01 0.000000e+00
    endloop
  endfacet
  facet normal 2.699205e-15 -2.447716e-15 -1.000000e+00
    outer loop
      vertex   -1.901292e+02 2.952520e+01 0.000000e+00
      vertex   -1.867660e+02 3.323402e+01 0.000000e+00
      vertex   -1.892831e+02 2.864393e+01 4.440892e-15
    endloop
  endfacet
  facet normal -1.522369e-15 -1.326429e-16 -1.000000e+00
    outer loop
      vertex   -1.892831e+02 2.864393e+01 4.440892e-15
      vertex   -1.867660e+02 3.323402e+01 0.000000e+00
      vertex   -1.860213e+02 2.468698e+01 0.000000e+00
    endloop
  endfacet
  facet normal 2.241595e-16 1.307084e-15 -1.000000e+00
    outer loop
      vertex   -1.892831e+02 2.864393e+01 4.440892e-15
      vertex   -1.860213e+02 2.468698e+01 0.000000e+00
      vertex   -1.896595e+02 2.606629e+01 9.873425e-16
    endloop
  endfacet
  facet normal 2.551051e-16 1.388709e-15 -1.000000e+00
    outer loop
      vertex   -1.896595e+02 2.606629e+01 9.873425e-16
      vertex   -1.860213e+02 2.468698e+01 0.000000e+00
      vertex   -1.886234e+02 2.480942e+01 -4.937736e-16
    endloop
  endfacet
  facet normal 1.782184e-16 -2.452965e-16 -1.000000e+00
    outer loop
      vertex   -1.886234e+02 2.480942e+01 -4.937736e-16
      vertex   -1.860213e+02 2.468698e+01 0.000000e+00
      vertex   -1.876393e+02 2.351141e+01 0.000000e+00
    endloop
  endfacet
  facet normal 0.000000e+00 -0.000000e+00 -1.000000e+00
    outer loop
      vertex   -1.879461e+02 3.437362e+01 0.000000e+00
      vertex   -1.875483e+02 3.399834e+01 0.000000e+00
      vertex   -1.893101e+02 3.291091e+01 0.000000e+00
    endloop
  endfacet
  facet normal 0.000000e+00 0.000000e+00 -1.000000e+00
    outer loop
      vertex   -1.893101e+02 3.291091e+01 0.000000e+00
      vertex   -1.875483e+02 3.399834e+01 0.000000e+00
      vertex   -1.871549e+02 3.361845e+01 0.000000e+00
    endloop
  endfacet
  facet normal 0.000000e+00 0.000000e+00 -1.000000e+00
    outer loop
      vertex   -1.893101e+02 3.291091e+01 0.000000e+00
      vertex   -1.871549e+02 3.361845e+01 0.000000e+00
      vertex   -1.867660e+02 3.323402e+01 0.000000e+00
    endloop
  endfacet
  facet normal 1.079043e-18 9.401625e-20 -1.000000e+00
    outer loop
      vertex   -1.867660e+02 3.323402e+01 0.000000e+00
      vertex   -1.533830e+02 1.911701e+01 3.469447e-17
      vertex   -1.860213e+02 2.468698e+01 0.000000e+00
    endloop
  endfacet
  facet normal 1.208279e-18 8.512946e-19 -1.000000e+00
    outer loop
      vertex   -1.860213e+02 2.468698e+01 0.000000e+00
      vertex   -1.533830e+02 1.911701e+01 3.469447e-17
      vertex   -1.853176e+02 2.368828e+01 0.000000e+00
    endloop
  endfacet
  facet normal 1.200127e-18 7.943467e-19 -1.000000e+00
    outer loop
      vertex   -1.853176e+02 2.368828e+01 0.000000e+00
      vertex   -1.533830e+02 1.911701e+01 3.469447e-17
      vertex   -1.846434e+02 2.266953e+01 0.000000e+00
    endloop
  endfacet
  facet normal -5.219492e-16 -4.602654e-15 -1.000000e+00
    outer loop
      vertex   -1.846434e+02 2.266953e+01 0.000000e+00
      vertex   -1.533830e+02 1.911701e+01 3.469447e-17
      vertex   -1.839990e+02 2.163160e+01 4.440892e-15
    endloop
  endfacet
  facet normal -6.657745e-17 9.416497e-16 -1.000000e+00
    outer loop
      vertex   -1.839990e+02 2.163160e+01 4.440892e-15
      vertex   -1.533830e+02 1.911701e+01 3.469447e-17
      vertex   -1.816311e+02 1.708294e+01 0.000000e+00
    endloop
  endfacet
  facet normal 4.910192e-16 1.231916e-15 -1.000000e+00
    outer loop
      vertex   -1.839990e+02 2.163160e+01 4.440892e-15
      vertex   -1.816311e+02 1.708294e+01 0.000000e+00
      vertex   -1.849030e+02 1.918852e+01 9.873425e-16
    endloop
  endfacet
  facet normal 5.382594e-16 1.305323e-15 -1.000000e+00
    outer loop
      vertex   -1.849030e+02 1.918852e+01 9.873425e-16
      vertex   -1.816311e+02 1.708294e+01 0.000000e+00
      vertex   -1.841509e+02 1.774371e+01 -4.937736e-16
    endloop
  endfacet
  facet normal 1.233238e-16 -2.769899e-16 -1.000000e+00
    outer loop
      vertex   -1.841509e+02 1.774371e+01 -4.937736e-16
      vertex   -1.816311e+02 1.708294e+01 0.000000e+00
      vertex   -1.834582e+02 1.626947e+01 0.000000e+00
    endloop
  endfacet
  facet normal -2.584438e-16 2.104856e-15 -1.000000e+00
    outer loop
      vertex   -1.801326e+02 3.254347e+00 9.873425e-16
      vertex   -1.802982e+02 4.874774e+00 4.440892e-15
      vertex   -1.783131e+02 5.118512e+00 4.440892e-15
    endloop
  endfacet
  facet normal 0.000000e+00 0.000000e+00 -1.000000e+00
    outer loop
      vertex   -1.786812e+02 7.533733e+00 0.000000e+00
      vertex   -1.789178e+02 8.732291e+00 0.000000e+00
      vertex   -1.753690e+02 5.750811e+00 0.000000e+00
    endloop
  endfacet
  facet normal 9.155271e-19 1.089742e-18 -1.000000e+00
    outer loop
      vertex   -1.753690e+02 5.750811e+00 0.000000e+00
      vertex   -1.789178e+02 8.732291e+00 0.000000e+00
      vertex   -1.533830e+02 1.911701e+01 3.469447e-17
    endloop
  endfacet
  facet normal 3.339529e-19 2.046370e-18 -1.000000e+00
    outer loop
      vertex   -1.753690e+02 5.750811e+00 0.000000e+00
      vertex   -1.533830e+02 1.911701e+01 3.469447e-17
      vertex   -1.579000e+02 2.900000e+00 0.000000e+00
    endloop
  endfacet
  facet normal 6.303949e-17 -2.965775e-16 -1.000000e+00
    outer loop
      vertex   -1.808741e+02 8.316468e+00 0.000000e+00
      vertex   -1.812451e+02 9.902509e+00 -4.937736e-16
      vertex   -1.789178e+02 8.732291e+00 0.000000e+00
    endloop
  endfacet
  facet normal 7.978891e-16 1.164888e-15 -1.000000e+00
    outer loop
      vertex   -1.789178e+02 8.732291e+00 0.000000e+00
      vertex   -1.812451e+02 9.902509e+00 -4.937736e-16
      vertex   -1.816804e+02 1.147213e+01 9.873425e-16
    endloop
  endfacet
  facet normal 7.364190e-16 1.102907e-15 -1.000000e+00
    outer loop
      vertex   -1.789178e+02 8.732291e+00 0.000000e+00
      vertex   -1.816804e+02 1.147213e+01 9.873425e-16
      vertex   -1.802882e+02 1.367386e+01 4.440892e-15
    endloop
  endfacet
  facet normal -6.904203e-16 2.005126e-15 -1.000000e+00
    outer loop
      vertex   -1.802882e+02 1.367386e+01 4.440892e-15
      vertex   -1.816804e+02 1.147213e+01 9.873425e-16
      vertex   -1.821793e+02 1.302273e+01 4.440892e-15
    endloop
  endfacet
  facet normal -3.272190e-16 8.079343e-16 -1.000000e+00
    outer loop
      vertex   -1.789178e+02 8.732291e+00 0.000000e+00
      vertex   -1.802882e+02 1.367386e+01 4.440892e-15
      vertex   -1.533830e+02 1.911701e+01 3.469447e-17
    endloop
  endfacet
  facet normal 5.759762e-16 -3.656519e-15 -1.000000e+00
    outer loop
      vertex   -1.533830e+02 1.911701e+01 3.469447e-17
      vertex   -1.802882e+02 1.367386e+01 4.440892e-15
      vertex   -1.807027e+02 1.482308e+01 0.000000e+00
    endloop
  endfacet
  facet normal 1.195901e-18 4.710780e-19 -1.000000e+00
    outer loop
      vertex   -1.533830e+02 1.911701e+01 3.469447e-17
      vertex   -1.807027e+02 1.482308e+01 0.000000e+00
      vertex   -1.811505e+02 1.595976e+01 0.000000e+00
    endloop
  endfacet
  facet normal 1.191492e-18 5.098539e-19 -1.000000e+00
    outer loop
      vertex   -1.811505e+02 1.595976e+01 0.000000e+00
      vertex   -1.816311e+02 1.708294e+01 0.000000e+00
      vertex   -1.533830e+02 1.911701e+01 3.469447e-17
    endloop
  endfacet
  facet normal -1.092222e-15 1.817763e-15 -1.000000e+00
    outer loop
      vertex   -1.849030e+02 1.918852e+01 9.873425e-16
      vertex   -1.857133e+02 2.060152e+01 4.440892e-15
      vertex   -1.839990e+02 2.163160e+01 4.440892e-15
    endloop
  endfacet
  facet normal -1.446289e-15 1.550955e-15 -1.000000e+00
    outer loop
      vertex   -1.896595e+02 2.606629e+01 9.873425e-16
      vertex   -1.907459e+02 2.727993e+01 4.440892e-15
      vertex   -1.892831e+02 2.864393e+01 4.440892e-15
    endloop
  endfacet
  facet normal -1.737145e-15 1.216362e-15 -1.000000e+00
    outer loop
      vertex   -1.957420e+02 3.180483e+01 9.873425e-16
      vertex   -1.970569e+02 3.276608e+01 4.440892e-15
      vertex   -1.959098e+02 3.440439e+01 4.440892e-15
    endloop
  endfacet
  facet normal 2.625817e-16 -1.516016e-16 -1.000000e+00
    outer loop
      vertex   -2.000000e+02 3.464102e+01 0.000000e+00
      vertex   -2.014269e+02 3.542656e+01 -4.937736e-16
      vertex   -1.990000e+02 3.637307e+01 0.000000e+00
    endloop
  endfacet
  facet normal -3.317888e-16 1.372410e-15 -1.000000e+00
    outer loop
      vertex   -1.990000e+02 3.637307e+01 0.000000e+00
      vertex   -2.014269e+02 3.542656e+01 -4.937736e-16
      vertex   -2.028846e+02 3.615335e+01 9.873425e-16
    endloop
  endfacet
  facet normal -3.268593e-16 1.285255e-15 -1.000000e+00
    outer loop
      vertex   -1.990000e+02 3.637307e+01 0.000000e+00
      vertex   -2.028846e+02 3.615335e+01 9.873425e-16
      vertex   -2.035893e+02 3.866120e+01 4.440892e-15
    endloop
  endfacet
  facet normal -1.952080e-15 8.286090e-16 -1.000000e+00
    outer loop
      vertex   -2.035893e+02 3.866120e+01 4.440892e-15
      vertex   -2.028846e+02 3.615335e+01 9.873425e-16
      vertex   -2.043708e+02 3.682019e+01 4.440892e-15
    endloop
  endfacet
  facet normal 2.883634e-16 -9.369494e-17 -1.000000e+00
    outer loop
      vertex   -2.076393e+02 3.804226e+01 0.000000e+00
      vertex   -2.091984e+02 3.851396e+01 -4.937736e-16
      vertex   -2.070213e+02 3.994437e+01 0.000000e+00
    endloop
  endfacet
  facet normal -6.098784e-16 1.273436e-15 -1.000000e+00
    outer loop
      vertex   -2.070213e+02 3.994437e+01 0.000000e+00
      vertex   -2.091984e+02 3.851396e+01 -4.937736e-16
      vertex   -2.107754e+02 3.892179e+01 9.873425e-16
    endloop
  endfacet
  facet normal -5.869362e-16 1.189211e-15 -1.000000e+00
    outer loop
      vertex   -2.070213e+02 3.994437e+01 0.000000e+00
      vertex   -2.107754e+02 3.892179e+01 9.873425e-16
      vertex   -2.119860e+02 4.122834e+01 4.440892e-15
    endloop
  endfacet
  facet normal -2.081700e-15 4.046415e-16 -1.000000e+00
    outer loop
      vertex   -2.119860e+02 4.122834e+01 4.440892e-15
      vertex   -2.107754e+02 3.892179e+01 9.873425e-16
      vertex   -2.123676e+02 3.926509e+01 4.440892e-15
    endloop
  endfacet
  facet normal 3.015422e-16 -3.169336e-17 -1.000000e+00
    outer loop
      vertex   -2.158189e+02 3.978088e+01 0.000000e+00
      vertex   -2.174419e+02 3.991812e+01 -4.937736e-16
      vertex   -2.156098e+02 4.176992e+01 0.000000e+00
    endloop
  endfacet
  facet normal -8.613134e-16 1.118808e-15 -1.000000e+00
    outer loop
      vertex   -2.156098e+02 4.176992e+01 0.000000e+00
      vertex   -2.174419e+02 3.991812e+01 -4.937736e-16
      vertex   -2.190692e+02 3.998917e+01 9.873425e-16
    endloop
  endfacet
  facet normal -8.213611e-16 1.041193e-15 -1.000000e+00
    outer loop
      vertex   -2.156098e+02 4.176992e+01 0.000000e+00
      vertex   -2.190692e+02 3.998917e+01 9.873425e-16
      vertex   -2.207330e+02 4.199360e+01 4.440892e-15
    endloop
  endfacet
  facet normal -2.120340e-15 -3.701067e-17 -1.000000e+00
    outer loop
      vertex   -2.207330e+02 4.199360e+01 4.440892e-15
      vertex   -2.190692e+02 3.998917e+01 9.873425e-16
      vertex   -2.206981e+02 3.999391e+01 4.440892e-15
    endloop
  endfacet
  facet normal 3.015422e-16 3.169336e-17 -1.000000e+00
    outer loop
      vertex   -2.241811e+02 3.978088e+01 0.000000e+00
      vertex   -2.257973e+02 3.957767e+01 -4.937736e-16
      vertex   -2.243902e+02 4.176992e+01 0.000000e+00
    endloop
  endfacet
  facet normal -1.025920e-15 8.837134e-16 -1.000000e+00
    outer loop
      vertex   -2.243902e+02 4.176992e+01 0.000000e+00
      vertex   -2.257973e+02 3.957767e+01 -4.937736e-16
      vertex   -2.294479e+02 4.092354e+01 4.440892e-15
    endloop
  endfacet
  facet normal -1.056116e-15 8.018082e-16 -1.000000e+00
    outer loop
      vertex   -2.257973e+02 3.957767e+01 -4.937736e-16
      vertex   -2.274038e+02 3.930883e+01 9.873425e-16
      vertex   -2.294479e+02 4.092354e+01 4.440892e-15
    endloop
  endfacet
  facet normal -2.066310e-15 -4.770453e-16 -1.000000e+00
    outer loop
      vertex   -2.294479e+02 4.092354e+01 4.440892e-15
      vertex   -2.274038e+02 3.930883e+01 9.873425e-16
      vertex   -2.289980e+02 3.897480e+01 4.440892e-15
    endloop
  endfacet
  facet normal 2.883634e-16 9.369494e-17 -1.000000e+00
    outer loop
      vertex   -2.323607e+02 3.804226e+01 0.000000e+00
      vertex   -2.338992e+02 3.750748e+01 -4.937736e-16
      vertex   -2.329787e+02 3.994437e+01 0.000000e+00
    endloop
  endfacet
  facet normal -1.187236e-15 6.511013e-16 -1.000000e+00
    outer loop
      vertex   -2.329787e+02 3.994437e+01 0.000000e+00
      vertex   -2.338992e+02 3.750748e+01 -4.937736e-16
      vertex   -2.377500e+02 3.806493e+01 4.440892e-15
    endloop
  endfacet
  facet normal -1.199742e-15 5.647080e-16 -1.000000e+00
    outer loop
      vertex   -2.338992e+02 3.750748e+01 -4.937736e-16
      vertex   -2.354148e+02 3.691050e+01 9.873425e-16
      vertex   -2.377500e+02 3.806493e+01 4.440892e-15
    endloop
  endfacet
  facet normal -1.921973e-15 -8.962308e-16 -1.000000e+00
    outer loop
      vertex   -2.377500e+02 3.806493e+01 4.440892e-15
      vertex   -2.354148e+02 3.691050e+01 9.873425e-16
      vertex   -2.369047e+02 3.625231e+01 4.440892e-15
    endloop
  endfacet
  facet normal 2.625817e-16 1.516016e-16 -1.000000e+00
    outer loop
      vertex   -2.400000e+02 3.464102e+01 0.000000e+00
      vertex   -2.413938e+02 3.379803e+01 -4.937736e-16
      vertex   -2.410000e+02 3.637307e+01 0.000000e+00
    endloop
  endfacet
  facet normal -1.296663e-15 3.900330e-16 -1.000000e+00
    outer loop
      vertex   -2.410000e+02 3.637307e+01 0.000000e+00
      vertex   -2.413938e+02 3.379803e+01 -4.937736e-16
      vertex   -2.452762e+02 3.354269e+01 4.440892e-15
    endloop
  endfacet
  facet normal -1.290935e-15 3.029272e-16 -1.000000e+00
    outer loop
      vertex   -2.413938e+02 3.379803e+01 -4.937736e-16
      vertex   -2.427520e+02 3.289900e+01 9.873425e-16
      vertex   -2.452762e+02 3.354269e+01 4.440892e-15
    endloop
  endfacet
  facet normal -1.693637e-15 -1.276247e-15 -1.000000e+00
    outer loop
      vertex   -2.452762e+02 3.354269e+01 4.440892e-15
      vertex   -2.427520e+02 3.289900e+01 9.873425e-16
      vertex   -2.440726e+02 3.194542e+01 4.440892e-15
    endloop
  endfacet
  facet normal -1.325707e-15 2.790716e-17 -1.000000e+00
    outer loop
      vertex   -2.479533e+02 2.861145e+01 -4.937736e-16
      vertex   -2.490949e+02 2.744967e+01 9.873425e-16
      vertex   -2.516978e+02 2.755448e+01 4.440892e-15
    endloop
  endfacet
  facet normal -1.391280e-15 -1.600484e-15 -1.000000e+00
    outer loop
      vertex   -2.516978e+02 2.755448e+01 4.440892e-15
      vertex   -2.490949e+02 2.744967e+01 9.873425e-16
      vertex   -2.501884e+02 2.624236e+01 4.440892e-15
    endloop
  endfacet
  facet normal -1.028118e-15 -1.854773e-15 -1.000000e+00
    outer loop
      vertex   -2.541663e+02 2.080065e+01 9.873425e-16
      vertex   -2.549848e+02 1.939238e+01 4.440892e-15
      vertex   -2.567340e+02 2.036200e+01 4.440892e-15
    endloop
  endfacet
  facet normal 1.233238e-16 2.769899e-16 -1.000000e+00
    outer loop
      vertex   -2.583689e+02 1.708294e+01 0.000000e+00
      vertex   -2.565418e+02 1.626947e+01 0.000000e+00
      vertex   -2.571739e+02 1.476825e+01 -4.937736e-16
    endloop
  endfacet
  facet normal -6.200218e-16 -2.028000e-15 -1.000000e+00
    outer loop
      vertex   -2.577443e+02 1.324254e+01 9.873425e-16
      vertex   -2.582522e+02 1.169487e+01 4.440892e-15
      vertex   -2.601648e+02 1.227961e+01 4.440892e-15
    endloop
  endfacet
  facet normal -1.848279e-16 -2.112593e-15 -1.000000e+00
    outer loop
      vertex   -2.596728e+02 5.105666e+00 9.873425e-16
      vertex   -2.598478e+02 3.486230e+00 4.440892e-15
      vertex   -2.618402e+02 3.660541e+00 4.440892e-15
    endloop
  endfacet
  facet normal 2.584438e-16 -2.104856e-15 -1.000000e+00
    outer loop
      vertex   -2.598674e+02 -3.254347e+00 9.873425e-16
      vertex   -2.597018e+02 -4.874774e+00 4.440892e-15
      vertex   -2.616869e+02 -5.118512e+00 4.440892e-15
    endloop
  endfacet
  facet normal 6.904203e-16 -2.005126e-15 -1.000000e+00
    outer loop
      vertex   -2.583196e+02 -1.147213e+01 9.873425e-16
      vertex   -2.578207e+02 -1.302273e+01 4.440892e-15
      vertex   -2.597118e+02 -1.367386e+01 4.440892e-15
    endloop
  endfacet
  facet normal 1.092222e-15 -1.817763e-15 -1.000000e+00
    outer loop
      vertex   -2.550970e+02 -1.918852e+01 9.873425e-16
      vertex   -2.542867e+02 -2.060152e+01 4.440892e-15
      vertex   -2.560010e+02 -2.163160e+01 4.440892e-15
    endloop
  endfacet
  facet normal 1.446289e-15 -1.550955e-15 -1.000000e+00
    outer loop
      vertex   -2.503405e+02 -2.606629e+01 9.873425e-16
      vertex   -2.492541e+02 -2.727993e+01 4.440892e-15
      vertex   -2.507169e+02 -2.864393e+01 4.440892e-15
    endloop
  endfacet
  facet normal 1.737145e-15 -1.216362e-15 -1.000000e+00
    outer loop
      vertex   -2.442580e+02 -3.180483e+01 9.873425e-16
      vertex   -2.429431e+02 -3.276608e+01 4.440892e-15
      vertex   -2.440902e+02 -3.440439e+01 4.440892e-15
    endloop
  endfacet
  facet normal -2.625817e-16 1.516016e-16 -1.000000e+00
    outer loop
      vertex   -2.400000e+02 -3.464102e+01 0.000000e+00
      vertex   -2.385731e+02 -3.542656e+01 -4.937736e-16
      vertex   -2.410000e+02 -3.637307e+01 0.000000e+00
    endloop
  endfacet
  facet normal 3.317888e-16 -1.372410e-15 -1.000000e+00
    outer loop
      vertex   -2.410000e+02 -3.637307e+01 0.000000e+00
      vertex   -2.385731e+02 -3.542656e+01 -4.937736e-16
      vertex   -2.371154e+02 -3.615335e+01 9.873425e-16
    endloop
  endfacet
  facet normal 3.268593e-16 -1.285255e-15 -1.000000e+00
    outer loop
      vertex   -2.410000e+02 -3.637307e+01 0.000000e+00
      vertex   -2.371154e+02 -3.615335e+01 9.873425e-16
      vertex   -2.364107e+02 -3.866120e+01 4.440892e-15
    endloop
  endfacet
  facet normal 1.952080e-15 -8.286090e-16 -1.000000e+00
    outer loop
      vertex   -2.364107e+02 -3.866120e+01 4.440892e-15
      vertex   -2.371154e+02 -3.615335e+01 9.873425e-16
      vertex   -2.356292e+02 -3.682019e+01 4.440892e-15
    endloop
  endfacet
  facet normal -2.883634e-16 9.369494e-17 -1.000000e+00
    outer loop
      vertex   -2.323607e+02 -3.804226e+01 0.000000e+00
      vertex   -2.308016e+02 -3.851396e+01 -4.937736e-16
      vertex   -2.329787e+02 -3.994437e+01 0.000000e+00
    endloop
  endfacet
  facet normal 6.098784e-16 -1.273436e-15 -1.000000e+00
    outer loop
      vertex   -2.329787e+02 -3.994437e+01 0.000000e+00
      vertex   -2.308016e+02 -3.851396e+01 -4.937736e-16
      vertex   -2.292246e+02 -3.892179e+01 9.873425e-16
    endloop
  endfacet
  facet normal 5.869362e-16 -1.189211e-15 -1.000000e+00
    outer loop
      vertex   -2.329787e+02 -3.994437e+01 0.000000e+00
      vertex   -2.292246e+02 -3.892179e+01 9.873425e-16
      vertex   -2.280140e+02 -4.122834e+01 4.440892e-15
    endloop
  endfacet
  facet normal 2.081700e-15 -4.046415e-16 -1.000000e+00
    outer loop
      vertex   -2.280140e+02 -4.122834e+01 4.440892e-15
      vertex   -2.292246e+02 -3.892179e+01 9.873425e-16
      vertex   -2.276324e+02 -3.926509e+01 4.440892e-15
    endloop
  endfacet
  facet normal -3.015422e-16 3.169336e-17 -1.000000e+00
    outer loop
      vertex   -2.241811e+02 -3.978088e+01 0.000000e+00
      vertex   -2.225581e+02 -3.991812e+01 -4.937736e-16
      vertex   -2.243902e+02 -4.176992e+01 0.000000e+00
    endloop
  endfacet
  facet normal 8.613134e-16 -1.118808e-15 -1.000000e+00
    outer loop
      vertex   -2.243902e+02 -4.176992e+01 0.000000e+00
      vertex   -2.225581e+02 -3.991812e+01 -4.937736e-16
      vertex   -2.209308e+02 -3.998917e+01 9.873425e-16
    endloop
  endfacet
  facet normal 8.213611e-16 -1.041193e-15 -1.000000e+00
    outer loop
      vertex   -2.243902e+02 -4.176992e+01 0.000000e+00
      vertex   -2.209308e+02 -3.998917e+01 9.873425e-16
      vertex   -2.192670e+02 -4.199360e+01 4.440892e-15
    endloop
  endfacet
  facet normal 2.120340e-15 3.701067e-17 -1.000000e+00
    outer loop
      vertex   -2.192670e+02 -4.199360e+01 4.440892e-15
      vertex   -2.209308e+02 -3.998917e+01 9.873425e-16
      vertex   -2.193019e+02 -3.999391e+01 4.440892e-15
    endloop
  endfacet
  facet normal -3.015422e-16 -3.169336e-17 -1.000000e+00
    outer loop
      vertex   -2.158189e+02 -3.978088e+01 0.000000e+00
      vertex   -2.142027e+02 -3.957767e+01 -4.937736e-16
      vertex   -2.156098e+02 -4.176992e+01 0.000000e+00
    endloop
  endfacet
  facet normal 1.025920e-15 -8.837134e-16 -1.000000e+00
    outer loop
      vertex   -2.156098e+02 -4.176992e+01 0.000000e+00
      vertex   -2.142027e+02 -3.957767e+01 -4.937736e-16
      vertex   -2.105521e+02 -4.092354e+01 4.440892e-15
    endloop
  endfacet
  facet normal 1.056116e-15 -8.018082e-16 -1.000000e+00
    outer loop
      vertex   -2.142027e+02 -3.957767e+01 -4.937736e-16
      vertex   -2.125962e+02 -3.930883e+01 9.873425e-16
      vertex   -2.105521e+02 -4.092354e+01 4.440892e-15
    endloop
  endfacet
  facet normal 2.066310e-15 4.770453e-16 -1.000000e+00
    outer loop
      vertex   -2.105521e+02 -4.092354e+01 4.440892e-15
      vertex   -2.125962e+02 -3.930883e+01 9.873425e-16
      vertex   -2.110020e+02 -3.897480e+01 4.440892e-15
    endloop
  endfacet
  facet normal -2.883634e-16 -9.369494e-17 -1.000000e+00
    outer loop
      vertex   -2.076393e+02 -3.804226e+01 0.000000e+00
      vertex   -2.061008e+02 -3.750748e+01 -4.937736e-16
      vertex   -2.070213e+02 -3.994437e+01 0.000000e+00
    endloop
  endfacet
  facet normal 1.187236e-15 -6.511013e-16 -1.000000e+00
    outer loop
      vertex   -2.070213e+02 -3.994437e+01 0.000000e+00
      vertex   -2.061008e+02 -3.750748e+01 -4.937736e-16
      vertex   -2.022500e+02 -3.806493e+01 4.440892e-15
    endloop
  endfacet
  facet normal 1.199742e-15 -5.647080e-16 -1.000000e+00
    outer loop
      vertex   -2.061008e+02 -3.750748e+01 -4.937736e-16
      vertex   -2.045852e+02 -3.691050e+01 9.873425e-16
      vertex   -2.022500e+02 -3.806493e+01 4.440892e-15
    endloop
  endfacet
  facet normal 1.921973e-15 8.962308e-16 -1.000000e+00
    outer loop
      vertex   -2.022500e+02 -3.806493e+01 4.440892e-15
      vertex   -2.045852e+02 -3.691050e+01 9.873425e-16
      vertex   -2.030953e+02 -3.625231e+01 4.440892e-15
    endloop
  endfacet
  facet normal -2.625817e-16 -1.516016e-16 -1.000000e+00
    outer loop
      vertex   -2.000000e+02 -3.464102e+01 0.000000e+00
      vertex   -1.986062e+02 -3.379803e+01 -4.937736e-16
      vertex   -1.990000e+02 -3.637307e+01 0.000000e+00
    endloop
  endfacet
  facet normal 1.296663e-15 -3.900330e-16 -1.000000e+00
    outer loop
      vertex   -1.990000e+02 -3.637307e+01 0.000000e+00
      vertex   -1.986062e+02 -3.379803e+01 -4.937736e-16
      vertex   -1.947238e+02 -3.354269e+01 4.440892e-15
    endloop
  endfacet
  facet normal 1.290935e-15 -3.029272e-16 -1.000000e+00
    outer loop
      vertex   -1.986062e+02 -3.379803e+01 -4.937736e-16
      vertex   -1.972480e+02 -3.289900e+01 9.873425e-16
      vertex   -1.947238e+02 -3.354269e+01 4.440892e-15
    endloop
  endfacet
  facet normal 1.693637e-15 1.276247e-15 -1.000000e+00
    outer loop
      vertex   -1.947238e+02 -3.354269e+01 4.440892e-15
      vertex   -1.972480e+02 -3.289900e+01 9.873425e-16
      vertex   -1.959274e+02 -3.194542e+01 4.440892e-15
    endloop
  endfacet
  facet normal -2.253239e-16 -2.028825e-16 -1.000000e+00
    outer loop
      vertex   -1.932348e+02 -2.972579e+01 0.000000e+00
      vertex   -1.920467e+02 -2.861145e+01 -4.937736e-16
      vertex   -1.918965e+02 -3.121208e+01 0.000000e+00
    endloop
  endfacet
  facet normal 1.349421e-15 -1.119184e-16 -1.000000e+00
    outer loop
      vertex   -1.918965e+02 -3.121208e+01 0.000000e+00
      vertex   -1.920467e+02 -2.861145e+01 -4.937736e-16
      vertex   -1.883022e+02 -2.755448e+01 4.440892e-15
    endloop
  endfacet
  facet normal 4.846576e-16 7.378818e-16 -1.000000e+00
    outer loop
      vertex   -1.918965e+02 -3.121208e+01 0.000000e+00
      vertex   -1.883022e+02 -2.755448e+01 4.440892e-15
      vertex   -1.893101e+02 -3.291091e+01 0.000000e+00
    endloop
  endfacet
  facet normal 1.325707e-15 -2.790716e-17 -1.000000e+00
    outer loop
      vertex   -1.920467e+02 -2.861145e+01 -4.937736e-16
      vertex   -1.909051e+02 -2.744967e+01 9.873425e-16
      vertex   -1.883022e+02 -2.755448e+01 4.440892e-15
    endloop
  endfacet
  facet normal 1.391280e-15 1.600484e-15 -1.000000e+00
    outer loop
      vertex   -1.883022e+02 -2.755448e+01 4.440892e-15
      vertex   -1.909051e+02 -2.744967e+01 9.873425e-16
      vertex   -1.898116e+02 -2.624236e+01 4.440892e-15
    endloop
  endfacet
  facet normal 0.000000e+00 0.000000e+00 -1.000000e+00
    outer loop
      vertex   -1.875142e+02 -2.662090e+01 0.000000e+00
      vertex   -1.867537e+02 -2.566480e+01 0.000000e+00
      vertex   -1.867660e+02 -3.323402e+01 0.000000e+00
    endloop
  endfacet
  facet normal 0.000000e+00 0.000000e+00 -1.000000e+00
    outer loop
      vertex   -1.867660e+02 -3.323402e+01 0.000000e+00
      vertex   -1.867537e+02 -2.566480e+01 0.000000e+00
      vertex   -1.860213e+02 -2.468698e+01 0.000000e+00
    endloop
  endfacet
  facet normal -1.782184e-16 -2.452965e-16 -1.000000e+00
    outer loop
      vertex   -1.876393e+02 -2.351141e+01 0.000000e+00
      vertex   -1.867089e+02 -2.217441e+01 -4.937736e-16
      vertex   -1.860213e+02 -2.468698e+01 0.000000e+00
    endloop
  endfacet
  facet normal 1.343202e-15 1.710876e-16 -1.000000e+00
    outer loop
      vertex   -1.860213e+02 -2.468698e+01 0.000000e+00
      vertex   -1.867089e+02 -2.217441e+01 -4.937736e-16
      vertex   -1.832660e+02 -2.036200e+01 4.440892e-15
    endloop
  endfacet
  facet normal 1.302539e-15 2.483326e-16 -1.000000e+00
    outer loop
      vertex   -1.867089e+02 -2.217441e+01 -4.937736e-16
      vertex   -1.858337e+02 -2.080065e+01 9.873425e-16
      vertex   -1.832660e+02 -2.036200e+01 4.440892e-15
    endloop
  endfacet
  facet normal 1.028118e-15 1.854773e-15 -1.000000e+00
    outer loop
      vertex   -1.832660e+02 -2.036200e+01 4.440892e-15
      vertex   -1.858337e+02 -2.080065e+01 9.873425e-16
      vertex   -1.850152e+02 -1.939238e+01 4.440892e-15
    endloop
  endfacet
  facet normal 0.000000e+00 0.000000e+00 -1.000000e+00
    outer loop
      vertex   -1.826893e+02 -1.928499e+01 0.000000e+00
      vertex   -1.821442e+02 -1.819166e+01 0.000000e+00
      vertex   -1.533830e+02 -1.911701e+01 0.000000e+00
    endloop
  endfacet
  facet normal 0.000000e+00 0.000000e+00 -1.000000e+00
    outer loop
      vertex   -1.533830e+02 -1.911701e+01 0.000000e+00
      vertex   -1.821442e+02 -1.819166e+01 0.000000e+00
      vertex   -1.816311e+02 -1.708294e+01 0.000000e+00
    endloop
  endfacet
  facet normal 6.482865e-17 9.003065e-16 -1.000000e+00
    outer loop
      vertex   -1.533830e+02 -1.911701e+01 0.000000e+00
      vertex   -1.816311e+02 -1.708294e+01 0.000000e+00
      vertex   -1.798352e+02 -1.227961e+01 4.440892e-15
    endloop
  endfacet
  facet normal 1.278278e-15 4.466163e-16 -1.000000e+00
    outer loop
      vertex   -1.798352e+02 -1.227961e+01 4.440892e-15
      vertex   -1.816311e+02 -1.708294e+01 0.000000e+00
      vertex   -1.828261e+02 -1.476825e+01 -4.937736e-16
    endloop
  endfacet
  facet normal 1.222444e-15 5.137190e-16 -1.000000e+00
    outer loop
      vertex   -1.798352e+02 -1.227961e+01 4.440892e-15
      vertex   -1.828261e+02 -1.476825e+01 -4.937736e-16
      vertex   -1.822557e+02 -1.324254e+01 9.873425e-16
    endloop
  endfacet
  facet normal -1.233238e-16 -2.769899e-16 -1.000000e+00
    outer loop
      vertex   -1.816311e+02 -1.708294e+01 0.000000e+00
      vertex   -1.834582e+02 -1.626947e+01 0.000000e+00
      vertex   -1.828261e+02 -1.476825e+01 -4.937736e-16
    endloop
  endfacet
  facet normal 6.200218e-16 2.028000e-15 -1.000000e+00
    outer loop
      vertex   -1.822557e+02 -1.324254e+01 9.873425e-16
      vertex   -1.817478e+02 -1.169487e+01 4.440892e-15
      vertex   -1.798352e+02 -1.227961e+01 4.440892e-15
    endloop
  endfacet
  facet normal -1.066262e-15 -3.475606e-15 -1.000000e+00
    outer loop
      vertex   -1.798352e+02 -1.227961e+01 4.440892e-15
      vertex   -1.794950e+02 -1.110623e+01 0.000000e+00
      vertex   -1.533830e+02 -1.911701e+01 0.000000e+00
    endloop
  endfacet
  facet normal 2.057617e-16 6.707043e-16 -1.000000e+00
    outer loop
      vertex   -1.533830e+02 -1.911701e+01 0.000000e+00
      vertex   -1.794950e+02 -1.110623e+01 0.000000e+00
      vertex   -1.753690e+02 -5.750811e+00 4.440892e-15
    endloop
  endfacet
  facet normal 1.620138e-15 -4.189961e-16 -1.000000e+00
    outer loop
      vertex   -1.794950e+02 -1.110623e+01 0.000000e+00
      vertex   -1.791892e+02 -9.923461e+00 0.000000e+00
      vertex   -1.753690e+02 -5.750811e+00 4.440892e-15
    endloop
  endfacet
  facet normal 1.547552e-15 -3.525422e-16 -1.000000e+00
    outer loop
      vertex   -1.753690e+02 -5.750811e+00 4.440892e-15
      vertex   -1.791892e+02 -9.923461e+00 0.000000e+00
      vertex   -1.789178e+02 -8.732291e+00 0.000000e+00
    endloop
  endfacet
  facet normal 1.848279e-16 2.112593e-15 -1.000000e+00
    outer loop
      vertex   -1.803272e+02 -5.105666e+00 9.873425e-16
      vertex   -1.801522e+02 -3.486230e+00 4.440892e-15
      vertex   -1.781598e+02 -3.660541e+00 4.440892e-15
    endloop
  endfacet
  facet normal 1.000000e+00 0.000000e+00 -0.000000e+00
    outer loop
      vertex   -1.200000e+02 5.000000e+00 0.000000e+00
      vertex   -1.200000e+02 5.000000e+00 5.000000e+01
      vertex   -1.200000e+02 -5.000000e+00 0.000000e+00
    endloop
  endfacet
  facet normal 1.000000e+00 0.000000e+00 0.000000e+00
    outer loop
      vertex   -1.200000e+02 -5.000000e+00 0.000000e+00
      vertex   -1.200000e+02 5.000000e+00 5.000000e+01
      vertex   -1.200000e+02 -5.000000e+00 5.000000e+01
    endloop
  endfacet
  facet normal -9.773057e-01 1.870204e-01 9.948330e-02
    outer loop
      vertex   -1.808741e+02 -8.316468e+00 0.000000e+00
      vertex   -1.759834e+02 -9.356026e+00 5.000000e+01
      vertex   -1.805679e+02 -6.716636e+00 -4.937736e-16
    endloop
  endfacet
  facet normal -9.773057e-01 1.870204e-01 9.948330e-02
    outer loop
      vertex   -1.805679e+02 -6.716636e+00 -4.937736e-16
      vertex   -1.759834e+02 -9.356026e+00 5.000000e+01
      vertex   -1.756389e+02 -7.556215e+00 5.000000e+01
    endloop
  endfacet
  facet normal -9.841096e-01 1.470762e-01 9.948330e-02
    outer loop
      vertex   -1.805679e+02 -6.716636e+00 -4.937736e-16
      vertex   -1.756389e+02 -7.556215e+00 5.000000e+01
      vertex   -1.753681e+02 -5.743874e+00 5.000000e+01
    endloop
  endfacet
  facet normal -9.892816e-01 1.068881e-01 9.948330e-02
    outer loop
      vertex   -1.751712e+02 -3.922008e+00 5.000000e+01
      vertex   -1.801522e+02 -3.486230e+00 4.440892e-15
      vertex   -1.753681e+02 -5.743874e+00 5.000000e+01
    endloop
  endfacet
  facet normal -9.892816e-01 1.068881e-01 9.948330e-02
    outer loop
      vertex   -1.753681e+02 -5.743874e+00 5.000000e+01
      vertex   -1.801522e+02 -3.486230e+00 4.440892e-15
      vertex   -1.803272e+02 -5.105666e+00 9.873425e-16
    endloop
  endfacet
  facet normal -9.841096e-01 1.470762e-01 9.948330e-02
    outer loop
      vertex   -1.753681e+02 -5.743874e+00 5.000000e+01
      vertex   -1.803272e+02 -5.105666e+00 9.873425e-16
      vertex   -1.805679e+02 -6.716636e+00 -4.937736e-16
    endloop
  endfacet
  facet normal 8.715574e-02 9.961947e-01 2.897682e-16
    outer loop
      vertex   -1.801522e+02 -3.486230e+00 4.440892e-15
      vertex   -1.751712e+02 -3.922008e+00 5.000000e+01
      vertex   -1.781598e+02 -3.660541e+00 4.440892e-15
    endloop
  endfacet
  facet normal 8.715574e-02 9.961947e-01 2.886580e-16
    outer loop
      vertex   -1.781598e+02 -3.660541e+00 4.440892e-15
      vertex   -1.751712e+02 -3.922008e+00 5.000000e+01
      vertex   -1.731788e+02 -4.096320e+00 5.000000e+01
    endloop
  endfacet
  facet normal -2.079117e-01 -9.781476e-01 1.465494e-16
    outer loop
      vertex   -1.808741e+02 -8.316468e+00 0.000000e+00
      vertex   -1.789178e+02 -8.732291e+00 0.000000e+00
      vertex   -1.759834e+02 -9.356026e+00 5.000000e+01
    endloop
  endfacet
  facet normal -2.079117e-01 -9.781476e-01 -2.664535e-17
    outer loop
      vertex   -1.759834e+02 -9.356026e+00 5.000000e+01
      vertex   -1.789178e+02 -8.732291e+00 0.000000e+00
      vertex   -1.740271e+02 -9.771849e+00 5.000000e+01
    endloop
  endfacet
  facet normal -9.924083e-01 7.229746e-02 9.949330e-02
    outer loop
      vertex   -1.781598e+02 -3.660541e+00 4.440892e-15
      vertex   -1.731788e+02 -4.096320e+00 5.000000e+01
      vertex   -1.780711e+02 -2.442083e+00 0.000000e+00
    endloop
  endfacet
  facet normal -9.931470e-01 6.176545e-02 9.921713e-02
    outer loop
      vertex   -1.780711e+02 -2.442083e+00 0.000000e+00
      vertex   -1.731788e+02 -4.096320e+00 5.000000e+01
      vertex   -1.755424e+02 -1.941063e+00 2.500000e+01
    endloop
  endfacet
  facet normal -9.940726e-01 4.340215e-02 9.967877e-02
    outer loop
      vertex   -1.780711e+02 -2.442083e+00 0.000000e+00
      vertex   -1.755424e+02 -1.941063e+00 2.500000e+01
      vertex   -1.780178e+02 -1.221558e+00 0.000000e+00
    endloop
  endfacet
  facet normal -9.949885e-01 1.447254e-02 9.893686e-02
    outer loop
      vertex   -1.780178e+02 -1.221558e+00 0.000000e+00
      vertex   -1.755424e+02 -1.941063e+00 2.500000e+01
      vertex   -1.780000e+02 0.000000e+00 0.000000e+00
    endloop
  endfacet
  facet normal -9.946799e-01 2.563673e-02 9.977333e-02
    outer loop
      vertex   -1.780000e+02 0.000000e+00 0.000000e+00
      vertex   -1.755424e+02 -1.941063e+00 2.500000e+01
      vertex   -1.730199e+02 -1.366982e+00 5.000000e+01
    endloop
  endfacet
  facet normal -9.949330e-01 1.447173e-02 9.949330e-02
    outer loop
      vertex   -1.780000e+02 0.000000e+00 0.000000e+00
      vertex   -1.730199e+02 -1.366982e+00 5.000000e+01
      vertex   -1.730000e+02 0.000000e+00 5.000000e+01
    endloop
  endfacet
  facet normal -9.923526e-01 7.229341e-02 1.000496e-01
    outer loop
      vertex   -1.731788e+02 -4.096320e+00 5.000000e+01
      vertex   -1.730795e+02 -2.732807e+00 5.000000e+01
      vertex   -1.755424e+02 -1.941063e+00 2.500000e+01
    endloop
  endfacet
  facet normal -9.941097e-01 4.340377e-02 9.930782e-02
    outer loop
      vertex   -1.755424e+02 -1.941063e+00 2.500000e+01
      vertex   -1.730795e+02 -2.732807e+00 5.000000e+01
      vertex   -1.730199e+02 -1.366982e+00 5.000000e+01
    endloop
  endfacet
  facet normal -9.701825e-01 2.210137e-01 9.949330e-02
    outer loop
      vertex   -1.740271e+02 -9.771849e+00 5.000000e+01
      vertex   -1.789178e+02 -8.732291e+00 0.000000e+00
      vertex   -1.743307e+02 -1.110483e+01 5.000000e+01
    endloop
  endfacet
  facet normal -9.676136e-01 2.318821e-01 9.977333e-02
    outer loop
      vertex   -1.743307e+02 -1.110483e+01 5.000000e+01
      vertex   -1.789178e+02 -8.732291e+00 0.000000e+00
      vertex   -1.769174e+02 -1.114191e+01 2.500000e+01
    endloop
  endfacet
  facet normal -9.633619e-01 2.491423e-01 9.930782e-02
    outer loop
      vertex   -1.743307e+02 -1.110483e+01 5.000000e+01
      vertex   -1.769174e+02 -1.114191e+01 2.500000e+01
      vertex   -1.746730e+02 -1.242841e+01 5.000000e+01
    endloop
  endfacet
  facet normal -9.556367e-01 2.770353e-01 1.000496e-01
    outer loop
      vertex   -1.746730e+02 -1.242841e+01 5.000000e+01
      vertex   -1.769174e+02 -1.114191e+01 2.500000e+01
      vertex   -1.750537e+02 -1.374147e+01 5.000000e+01
    endloop
  endfacet
  facet normal -9.586026e-01 2.669026e-01 9.921713e-02
    outer loop
      vertex   -1.750537e+02 -1.374147e+01 5.000000e+01
      vertex   -1.769174e+02 -1.114191e+01 2.500000e+01
      vertex   -1.794950e+02 -1.110623e+01 0.000000e+00
    endloop
  endfacet
  facet normal -9.556903e-01 2.770509e-01 9.949330e-02
    outer loop
      vertex   -1.750537e+02 -1.374147e+01 5.000000e+01
      vertex   -1.794950e+02 -1.110623e+01 0.000000e+00
      vertex   -1.798352e+02 -1.227961e+01 4.440892e-15
    endloop
  endfacet
  facet normal -9.702366e-01 2.210260e-01 9.893686e-02
    outer loop
      vertex   -1.789178e+02 -8.732291e+00 0.000000e+00
      vertex   -1.791892e+02 -9.923461e+00 0.000000e+00
      vertex   -1.769174e+02 -1.114191e+01 2.500000e+01
    endloop
  endfacet
  facet normal -9.633259e-01 2.491330e-01 9.967877e-02
    outer loop
      vertex   -1.769174e+02 -1.114191e+01 2.500000e+01
      vertex   -1.791892e+02 -9.923461e+00 0.000000e+00
      vertex   -1.794950e+02 -1.110623e+01 0.000000e+00
    endloop
  endfacet
  facet normal -9.170655e-01 3.861268e-01 9.948330e-02
    outer loop
      vertex   -1.834582e+02 -1.626947e+01 0.000000e+00
      vertex   -1.788905e+02 -1.830315e+01 5.000000e+01
      vertex   -1.828261e+02 -1.476825e+01 -4.937736e-16
    endloop
  endfacet
  facet normal -9.170655e-01 3.861268e-01 9.948330e-02
    outer loop
      vertex   -1.828261e+02 -1.476825e+01 -4.937736e-16
      vertex   -1.788905e+02 -1.830315e+01 5.000000e+01
      vertex   -1.781794e+02 -1.661428e+01 5.000000e+01
    endloop
  endfacet
  facet normal -9.320256e-01 3.484701e-01 9.948330e-02
    outer loop
      vertex   -1.828261e+02 -1.476825e+01 -4.937736e-16
      vertex   -1.781794e+02 -1.661428e+01 5.000000e+01
      vertex   -1.775376e+02 -1.489785e+01 5.000000e+01
    endloop
  endfacet
  facet normal -9.454401e-01 3.102355e-01 9.948330e-02
    outer loop
      vertex   -1.769663e+02 -1.315673e+01 5.000000e+01
      vertex   -1.817478e+02 -1.169487e+01 4.440892e-15
      vertex   -1.775376e+02 -1.489785e+01 5.000000e+01
    endloop
  endfacet
  facet normal -9.454401e-01 3.102355e-01 9.948330e-02
    outer loop
      vertex   -1.775376e+02 -1.489785e+01 5.000000e+01
      vertex   -1.817478e+02 -1.169487e+01 4.440892e-15
      vertex   -1.822557e+02 -1.324254e+01 9.873425e-16
    endloop
  endfacet
  facet normal -9.320256e-01 3.484701e-01 9.948330e-02
    outer loop
      vertex   -1.775376e+02 -1.489785e+01 5.000000e+01
      vertex   -1.822557e+02 -1.324254e+01 9.873425e-16
      vertex   -1.828261e+02 -1.476825e+01 -4.937736e-16
    endloop
  endfacet
  facet normal 2.923717e-01 9.563048e-01 -4.174439e-16
    outer loop
      vertex   -1.817478e+02 -1.169487e+01 4.440892e-15
      vertex   -1.769663e+02 -1.315673e+01 5.000000e+01
      vertex   -1.798352e+02 -1.227961e+01 4.440892e-15
    endloop
  endfacet
  facet normal 2.923717e-01 9.563048e-01 8.881784e-17
    outer loop
      vertex   -1.798352e+02 -1.227961e+01 4.440892e-15
      vertex   -1.769663e+02 -1.315673e+01 5.000000e+01
      vertex   -1.750537e+02 -1.374147e+01 5.000000e+01
    endloop
  endfacet
  facet normal -4.067366e-01 -9.135455e-01 -7.993606e-17
    outer loop
      vertex   -1.834582e+02 -1.626947e+01 0.000000e+00
      vertex   -1.816311e+02 -1.708294e+01 0.000000e+00
      vertex   -1.788905e+02 -1.830315e+01 5.000000e+01
    endloop
  endfacet
  facet normal -4.067366e-01 -9.135455e-01 -4.263256e-16
    outer loop
      vertex   -1.788905e+02 -1.830315e+01 5.000000e+01
      vertex   -1.816311e+02 -1.708294e+01 0.000000e+00
      vertex   -1.770634e+02 -1.911662e+01 5.000000e+01
    endloop
  endfacet
  facet normal -9.030303e-01 4.178963e-01 9.949330e-02
    outer loop
      vertex   -1.770634e+02 -1.911662e+01 5.000000e+01
      vertex   -1.816311e+02 -1.708294e+01 0.000000e+00
      vertex   -1.776375e+02 -2.035733e+01 5.000000e+01
    endloop
  endfacet
  facet normal -8.982579e-01 4.279931e-01 9.977333e-02
    outer loop
      vertex   -1.776375e+02 -2.035733e+01 5.000000e+01
      vertex   -1.816311e+02 -1.708294e+01 0.000000e+00
      vertex   -1.801754e+02 -1.985580e+01 2.500000e+01
    endloop
  endfacet
  facet normal -8.905105e-01 4.439922e-01 9.930782e-02
    outer loop
      vertex   -1.776375e+02 -2.035733e+01 5.000000e+01
      vertex   -1.801754e+02 -1.985580e+01 2.500000e+01
      vertex   -1.782475e+02 -2.158082e+01 5.000000e+01
    endloop
  endfacet
  facet normal -8.771549e-01 4.696695e-01 1.000496e-01
    outer loop
      vertex   -1.782475e+02 -2.158082e+01 5.000000e+01
      vertex   -1.801754e+02 -1.985580e+01 2.500000e+01
      vertex   -1.788929e+02 -2.278605e+01 5.000000e+01
    endloop
  endfacet
  facet normal -8.821627e-01 4.603748e-01 9.921713e-02
    outer loop
      vertex   -1.788929e+02 -2.278605e+01 5.000000e+01
      vertex   -1.801754e+02 -1.985580e+01 2.500000e+01
      vertex   -1.826893e+02 -1.928499e+01 0.000000e+00
    endloop
  endfacet
  facet normal -8.772040e-01 4.696958e-01 9.949330e-02
    outer loop
      vertex   -1.788929e+02 -2.278605e+01 5.000000e+01
      vertex   -1.826893e+02 -1.928499e+01 0.000000e+00
      vertex   -1.832660e+02 -2.036200e+01 4.440892e-15
    endloop
  endfacet
  facet normal -9.030807e-01 4.179196e-01 9.893686e-02
    outer loop
      vertex   -1.816311e+02 -1.708294e+01 0.000000e+00
      vertex   -1.821442e+02 -1.819166e+01 0.000000e+00
      vertex   -1.801754e+02 -1.985580e+01 2.500000e+01
    endloop
  endfacet
  facet normal -8.904773e-01 4.439756e-01 9.967877e-02
    outer loop
      vertex   -1.801754e+02 -1.985580e+01 2.500000e+01
      vertex   -1.821442e+02 -1.819166e+01 0.000000e+00
      vertex   -1.826893e+02 -1.928499e+01 0.000000e+00
    endloop
  endfacet
  facet normal -8.167452e-01 5.683576e-01 9.948330e-02
    outer loop
      vertex   -1.876393e+02 -2.351141e+01 0.000000e+00
      vertex   -1.835942e+02 -2.645034e+01 5.000000e+01
      vertex   -1.867089e+02 -2.217441e+01 -4.937736e-16
    endloop
  endfacet
  facet normal -8.167452e-01 5.683576e-01 9.948330e-02
    outer loop
      vertex   -1.867089e+02 -2.217441e+01 -4.937736e-16
      vertex   -1.835942e+02 -2.645034e+01 5.000000e+01
      vertex   -1.825475e+02 -2.494621e+01 5.000000e+01
    endloop
  endfacet
  facet normal -8.392076e-01 5.346342e-01 9.948330e-02
    outer loop
      vertex   -1.867089e+02 -2.217441e+01 -4.937736e-16
      vertex   -1.825475e+02 -2.494621e+01 5.000000e+01
      vertex   -1.815630e+02 -2.340073e+01 5.000000e+01
    endloop
  endfacet
  facet normal -8.602784e-01 5.000242e-01 9.948330e-02
    outer loop
      vertex   -1.806421e+02 -2.181643e+01 5.000000e+01
      vertex   -1.850152e+02 -1.939238e+01 4.440892e-15
      vertex   -1.815630e+02 -2.340073e+01 5.000000e+01
    endloop
  endfacet
  facet normal -8.602784e-01 5.000242e-01 9.948330e-02
    outer loop
      vertex   -1.815630e+02 -2.340073e+01 5.000000e+01
      vertex   -1.850152e+02 -1.939238e+01 4.440892e-15
      vertex   -1.858337e+02 -2.080065e+01 9.873425e-16
    endloop
  endfacet
  facet normal -8.392076e-01 5.346342e-01 9.948330e-02
    outer loop
      vertex   -1.815630e+02 -2.340073e+01 5.000000e+01
      vertex   -1.858337e+02 -2.080065e+01 9.873425e-16
      vertex   -1.867089e+02 -2.217441e+01 -4.937736e-16
    endloop
  endfacet
  facet normal 4.848096e-01 8.746197e-01 -7.904788e-16
    outer loop
      vertex   -1.850152e+02 -1.939238e+01 4.440892e-15
      vertex   -1.806421e+02 -2.181643e+01 5.000000e+01
      vertex   -1.832660e+02 -2.036200e+01 4.440892e-15
    endloop
  endfacet
  facet normal 4.848096e-01 8.746197e-01 5.595524e-16
    outer loop
      vertex   -1.832660e+02 -2.036200e+01 4.440892e-15
      vertex   -1.806421e+02 -2.181643e+01 5.000000e+01
      vertex   -1.788929e+02 -2.278605e+01 5.000000e+01
    endloop
  endfacet
  facet normal -5.877853e-01 -8.090170e-01 -6.217249e-16
    outer loop
      vertex   -1.876393e+02 -2.351141e+01 0.000000e+00
      vertex   -1.860213e+02 -2.468698e+01 0.000000e+00
      vertex   -1.835942e+02 -2.645034e+01 5.000000e+01
    endloop
  endfacet
  facet normal -5.877853e-01 -8.090170e-01 3.819167e-16
    outer loop
      vertex   -1.835942e+02 -2.645034e+01 5.000000e+01
      vertex   -1.860213e+02 -2.468698e+01 0.000000e+00
      vertex   -1.819762e+02 -2.762591e+01 5.000000e+01
    endloop
  endfacet
  facet normal -7.964114e-01 5.965148e-01 9.949330e-02
    outer loop
      vertex   -1.819762e+02 -2.762591e+01 5.000000e+01
      vertex   -1.860213e+02 -2.468698e+01 0.000000e+00
      vertex   -1.827958e+02 -2.872013e+01 5.000000e+01
    endloop
  endfacet
  facet normal -7.896440e-01 6.053987e-01 9.977333e-02
    outer loop
      vertex   -1.827958e+02 -2.872013e+01 5.000000e+01
      vertex   -1.860213e+02 -2.468698e+01 0.000000e+00
      vertex   -1.851739e+02 -2.770190e+01 2.500000e+01
    endloop
  endfacet
  facet normal -7.787395e-01 6.194374e-01 9.930782e-02
    outer loop
      vertex   -1.827958e+02 -2.872013e+01 5.000000e+01
      vertex   -1.851739e+02 -2.770190e+01 2.500000e+01
      vertex   -1.836468e+02 -2.979006e+01 5.000000e+01
    endloop
  endfacet
  facet normal -7.603371e-01 6.417768e-01 1.000496e-01
    outer loop
      vertex   -1.836468e+02 -2.979006e+01 5.000000e+01
      vertex   -1.851739e+02 -2.770190e+01 2.500000e+01
      vertex   -1.845286e+02 -3.083477e+01 5.000000e+01
    endloop
  endfacet
  facet normal -7.671680e-01 6.337265e-01 9.921713e-02
    outer loop
      vertex   -1.845286e+02 -3.083477e+01 5.000000e+01
      vertex   -1.851739e+02 -2.770190e+01 2.500000e+01
      vertex   -1.875142e+02 -2.662090e+01 0.000000e+00
    endloop
  endfacet
  facet normal -7.603798e-01 6.418128e-01 9.949330e-02
    outer loop
      vertex   -1.845286e+02 -3.083477e+01 5.000000e+01
      vertex   -1.875142e+02 -2.662090e+01 0.000000e+00
      vertex   -1.883022e+02 -2.755448e+01 4.440892e-15
    endloop
  endfacet
  facet normal -7.964558e-01 5.965481e-01 9.893686e-02
    outer loop
      vertex   -1.860213e+02 -2.468698e+01 0.000000e+00
      vertex   -1.867537e+02 -2.566480e+01 0.000000e+00
      vertex   -1.851739e+02 -2.770190e+01 2.500000e+01
    endloop
  endfacet
  facet normal -7.787105e-01 6.194143e-01 9.967877e-02
    outer loop
      vertex   -1.851739e+02 -2.770190e+01 2.500000e+01
      vertex   -1.867537e+02 -2.566480e+01 0.000000e+00
      vertex   -1.875142e+02 -2.662090e+01 0.000000e+00
    endloop
  endfacet
  facet normal -6.807291e-01 7.257485e-01 9.948330e-02
    outer loop
      vertex   -1.932348e+02 -2.972579e+01 0.000000e+00
      vertex   -1.898891e+02 -3.344152e+01 5.000000e+01
      vertex   -1.920467e+02 -2.861145e+01 -4.937736e-16
    endloop
  endfacet
  facet normal -6.807291e-01 7.257485e-01 9.948330e-02
    outer loop
      vertex   -1.920467e+02 -2.861145e+01 -4.937736e-16
      vertex   -1.898891e+02 -3.344152e+01 5.000000e+01
      vertex   -1.885526e+02 -3.218788e+01 5.000000e+01
    endloop
  endfacet
  facet normal -7.097122e-01 6.974322e-01 9.948330e-02
    outer loop
      vertex   -1.920467e+02 -2.861145e+01 -4.937736e-16
      vertex   -1.885526e+02 -3.218788e+01 5.000000e+01
      vertex   -1.872682e+02 -3.088087e+01 5.000000e+01
    endloop
  endfacet
  facet normal -7.375184e-01 6.679594e-01 9.948330e-02
    outer loop
      vertex   -1.860381e+02 -2.952266e+01 5.000000e+01
      vertex   -1.898116e+02 -2.624236e+01 4.440892e-15
      vertex   -1.872682e+02 -3.088087e+01 5.000000e+01
    endloop
  endfacet
  facet normal -7.375184e-01 6.679594e-01 9.948330e-02
    outer loop
      vertex   -1.872682e+02 -3.088087e+01 5.000000e+01
      vertex   -1.898116e+02 -2.624236e+01 4.440892e-15
      vertex   -1.909051e+02 -2.744967e+01 9.873425e-16
    endloop
  endfacet
  facet normal -7.097122e-01 6.974322e-01 9.948330e-02
    outer loop
      vertex   -1.872682e+02 -3.088087e+01 5.000000e+01
      vertex   -1.909051e+02 -2.744967e+01 9.873425e-16
      vertex   -1.920467e+02 -2.861145e+01 -4.937736e-16
    endloop
  endfacet
  facet normal 6.560590e-01 7.547096e-01 -9.059420e-16
    outer loop
      vertex   -1.898116e+02 -2.624236e+01 4.440892e-15
      vertex   -1.860381e+02 -2.952266e+01 5.000000e+01
      vertex   -1.883022e+02 -2.755448e+01 4.440892e-15
    endloop
  endfacet
  facet normal 6.560590e-01 7.547096e-01 2.220446e-16
    outer loop
      vertex   -1.883022e+02 -2.755448e+01 4.440892e-15
      vertex   -1.860381e+02 -2.952266e+01 5.000000e+01
      vertex   -1.845286e+02 -3.083477e+01 5.000000e+01
    endloop
  endfacet
  facet normal -7.431448e-01 -6.691306e-01 -8.615331e-16
    outer loop
      vertex   -1.932348e+02 -2.972579e+01 0.000000e+00
      vertex   -1.918965e+02 -3.121208e+01 0.000000e+00
      vertex   -1.898891e+02 -3.344152e+01 5.000000e+01
    endloop
  endfacet
  facet normal -7.431448e-01 -6.691306e-01 -3.730349e-16
    outer loop
      vertex   -1.898891e+02 -3.344152e+01 5.000000e+01
      vertex   -1.918965e+02 -3.121208e+01 0.000000e+00
      vertex   -1.885509e+02 -3.492781e+01 5.000000e+01
    endloop
  endfacet
  facet normal -6.549855e-01 7.490628e-01 9.949330e-02
    outer loop
      vertex   -1.885509e+02 -3.492781e+01 5.000000e+01
      vertex   -1.918965e+02 -3.121208e+01 0.000000e+00
      vertex   -1.895800e+02 -3.582772e+01 5.000000e+01
    endloop
  endfacet
  facet normal -6.465189e-01 7.563455e-01 9.977333e-02
    outer loop
      vertex   -1.895800e+02 -3.582772e+01 5.000000e+01
      vertex   -1.918965e+02 -3.121208e+01 0.000000e+00
      vertex   -1.916945e+02 -3.433729e+01 2.500000e+01
    endloop
  endfacet
  facet normal -6.329339e-01 7.678103e-01 9.930782e-02
    outer loop
      vertex   -1.895800e+02 -3.582772e+01 5.000000e+01
      vertex   -1.916945e+02 -3.433729e+01 2.500000e+01
      vertex   -1.906349e+02 -3.669732e+01 5.000000e+01
    endloop
  endfacet
  facet normal -6.102890e-01 7.858354e-01 1.000496e-01
    outer loop
      vertex   -1.906349e+02 -3.669732e+01 5.000000e+01
      vertex   -1.916945e+02 -3.433729e+01 2.500000e+01
      vertex   -1.917147e+02 -3.753587e+01 5.000000e+01
    endloop
  endfacet
  facet normal -6.186444e-01 7.793812e-01 9.921713e-02
    outer loop
      vertex   -1.917147e+02 -3.753587e+01 5.000000e+01
      vertex   -1.916945e+02 -3.433729e+01 2.500000e+01
      vertex   -1.937589e+02 -3.279335e+01 0.000000e+00
    endloop
  endfacet
  facet normal -6.103233e-01 7.858795e-01 9.949330e-02
    outer loop
      vertex   -1.917147e+02 -3.753587e+01 5.000000e+01
      vertex   -1.937589e+02 -3.279335e+01 0.000000e+00
      vertex   -1.947238e+02 -3.354269e+01 4.440892e-15
    endloop
  endfacet
  facet normal -6.550220e-01 7.491045e-01 9.893686e-02
    outer loop
      vertex   -1.918965e+02 -3.121208e+01 0.000000e+00
      vertex   -1.928162e+02 -3.201626e+01 0.000000e+00
      vertex   -1.916945e+02 -3.433729e+01 2.500000e+01
    endloop
  endfacet
  facet normal -6.329103e-01 7.677816e-01 9.967877e-02
    outer loop
      vertex   -1.916945e+02 -3.433729e+01 2.500000e+01
      vertex   -1.928162e+02 -3.201626e+01 0.000000e+00
      vertex   -1.937589e+02 -3.279335e+01 0.000000e+00
    endloop
  endfacet
  facet normal -5.149619e-01 8.514207e-01 9.948330e-02
    outer loop
      vertex   -2.000000e+02 -3.464102e+01 0.000000e+00
      vertex   -1.975000e+02 -3.897114e+01 5.000000e+01
      vertex   -1.986062e+02 -3.379803e+01 -4.937736e-16
    endloop
  endfacet
  facet normal -5.149619e-01 8.514207e-01 9.948330e-02
    outer loop
      vertex   -1.986062e+02 -3.379803e+01 -4.937736e-16
      vertex   -1.975000e+02 -3.897114e+01 5.000000e+01
      vertex   -1.959320e+02 -3.802279e+01 5.000000e+01
    endloop
  endfacet
  facet normal -5.491990e-01 8.297491e-01 9.948330e-02
    outer loop
      vertex   -1.986062e+02 -3.379803e+01 -4.937736e-16
      vertex   -1.959320e+02 -3.802279e+01 5.000000e+01
      vertex   -1.944039e+02 -3.701138e+01 5.000000e+01
    endloop
  endfacet
  facet normal -5.825253e-01 8.067016e-01 9.948330e-02
    outer loop
      vertex   -1.929183e+02 -3.593860e+01 5.000000e+01
      vertex   -1.959274e+02 -3.194542e+01 4.440892e-15
      vertex   -1.944039e+02 -3.701138e+01 5.000000e+01
    endloop
  endfacet
  facet normal -5.825253e-01 8.067016e-01 9.948330e-02
    outer loop
      vertex   -1.944039e+02 -3.701138e+01 5.000000e+01
      vertex   -1.959274e+02 -3.194542e+01 4.440892e-15
      vertex   -1.972480e+02 -3.289900e+01 9.873425e-16
    endloop
  endfacet
  facet normal -5.491990e-01 8.297491e-01 9.948330e-02
    outer loop
      vertex   -1.944039e+02 -3.701138e+01 5.000000e+01
      vertex   -1.972480e+02 -3.289900e+01 9.873425e-16
      vertex   -1.986062e+02 -3.379803e+01 -4.937736e-16
    endloop
  endfacet
  facet normal 7.986355e-01 6.018150e-01 -1.119105e-15
    outer loop
      vertex   -1.959274e+02 -3.194542e+01 4.440892e-15
      vertex   -1.929183e+02 -3.593860e+01 5.000000e+01
      vertex   -1.947238e+02 -3.354269e+01 4.440892e-15
    endloop
  endfacet
  facet normal 7.986355e-01 6.018150e-01 2.398082e-16
    outer loop
      vertex   -1.947238e+02 -3.354269e+01 4.440892e-15
      vertex   -1.929183e+02 -3.593860e+01 5.000000e+01
      vertex   -1.917147e+02 -3.753587e+01 5.000000e+01
    endloop
  endfacet
  facet normal -8.660254e-01 -5.000000e-01 8.792966e-16
    outer loop
      vertex   -2.000000e+02 -3.464102e+01 0.000000e+00
      vertex   -1.990000e+02 -3.637307e+01 0.000000e+00
      vertex   -1.975000e+02 -3.897114e+01 5.000000e+01
    endloop
  endfacet
  facet normal -8.660254e-01 -5.000000e-01 8.748557e-16
    outer loop
      vertex   -1.975000e+02 -3.897114e+01 5.000000e+01
      vertex   -1.990000e+02 -3.637307e+01 0.000000e+00
      vertex   -1.965000e+02 -4.070319e+01 5.000000e+01
    endloop
  endfacet
  facet normal -4.849336e-01 8.688731e-01 9.949330e-02
    outer loop
      vertex   -1.965000e+02 -4.070319e+01 5.000000e+01
      vertex   -1.990000e+02 -3.637307e+01 0.000000e+00
      vertex   -1.976938e+02 -4.136947e+01 5.000000e+01
    endloop
  endfacet
  facet normal -4.751379e-01 8.742364e-01 9.977333e-02
    outer loop
      vertex   -1.976938e+02 -4.136947e+01 5.000000e+01
      vertex   -1.990000e+02 -3.637307e+01 0.000000e+00
      vertex   -1.994522e+02 -3.947198e+01 2.500000e+01
    endloop
  endfacet
  facet normal -4.594661e-01 8.826261e-01 9.930782e-02
    outer loop
      vertex   -1.976938e+02 -4.136947e+01 5.000000e+01
      vertex   -1.994522e+02 -3.947198e+01 2.500000e+01
      vertex   -1.989064e+02 -4.200073e+01 5.000000e+01
    endloop
  endfacet
  facet normal -4.335684e-01 8.955493e-01 1.000496e-01
    outer loop
      vertex   -1.989064e+02 -4.200073e+01 5.000000e+01
      vertex   -1.994522e+02 -3.947198e+01 2.500000e+01
      vertex   -2.001369e+02 -4.259647e+01 5.000000e+01
    endloop
  endfacet
  facet normal -4.430831e-01 8.909733e-01 9.921713e-02
    outer loop
      vertex   -2.001369e+02 -4.259647e+01 5.000000e+01
      vertex   -1.994522e+02 -3.947198e+01 2.500000e+01
      vertex   -2.011504e+02 -3.753257e+01 0.000000e+00
    endloop
  endfacet
  facet normal -4.335927e-01 8.955995e-01 9.949330e-02
    outer loop
      vertex   -2.001369e+02 -4.259647e+01 5.000000e+01
      vertex   -2.011504e+02 -3.753257e+01 0.000000e+00
      vertex   -2.022500e+02 -3.806493e+01 4.440892e-15
    endloop
  endfacet
  facet normal -4.849606e-01 8.689216e-01 9.893686e-02
    outer loop
      vertex   -1.990000e+02 -3.637307e+01 0.000000e+00
      vertex   -2.000668e+02 -3.696846e+01 0.000000e+00
      vertex   -1.994522e+02 -3.947198e+01 2.500000e+01
    endloop
  endfacet
  facet normal -4.594490e-01 8.825932e-01 9.967877e-02
    outer loop
      vertex   -1.994522e+02 -3.947198e+01 2.500000e+01
      vertex   -2.000668e+02 -3.696846e+01 0.000000e+00
      vertex   -2.011504e+02 -3.753257e+01 0.000000e+00
    endloop
  endfacet
  facet normal -3.266885e-01 9.398818e-01 9.948330e-02
    outer loop
      vertex   -2.076393e+02 -3.804226e+01 0.000000e+00
      vertex   -2.060942e+02 -4.279754e+01 5.000000e+01
      vertex   -2.061008e+02 -3.750748e+01 -4.937736e-16
    endloop
  endfacet
  facet normal -3.266885e-01 9.398818e-01 9.948330e-02
    outer loop
      vertex   -2.061008e+02 -3.750748e+01 -4.937736e-16
      vertex   -2.060942e+02 -4.279754e+01 5.000000e+01
      vertex   -2.043633e+02 -4.219591e+01 5.000000e+01
    endloop
  endfacet
  facet normal -3.646831e-01 9.258020e-01 9.948330e-02
    outer loop
      vertex   -2.061008e+02 -3.750748e+01 -4.937736e-16
      vertex   -2.043633e+02 -4.219591e+01 5.000000e+01
      vertex   -2.026584e+02 -4.152431e+01 5.000000e+01
    endloop
  endfacet
  facet normal -4.020730e-01 9.101870e-01 9.948330e-02
    outer loop
      vertex   -2.009822e+02 -4.078385e+01 5.000000e+01
      vertex   -2.030953e+02 -3.625231e+01 4.440892e-15
      vertex   -2.026584e+02 -4.152431e+01 5.000000e+01
    endloop
  endfacet
  facet normal -4.020730e-01 9.101870e-01 9.948330e-02
    outer loop
      vertex   -2.026584e+02 -4.152431e+01 5.000000e+01
      vertex   -2.030953e+02 -3.625231e+01 4.440892e-15
      vertex   -2.045852e+02 -3.691050e+01 9.873425e-16
    endloop
  endfacet
  facet normal -3.646831e-01 9.258020e-01 9.948330e-02
    outer loop
      vertex   -2.026584e+02 -4.152431e+01 5.000000e+01
      vertex   -2.045852e+02 -3.691050e+01 9.873425e-16
      vertex   -2.061008e+02 -3.750748e+01 -4.937736e-16
    endloop
  endfacet
  facet normal 9.063078e-01 4.226183e-01 4.529710e-16
    outer loop
      vertex   -2.030953e+02 -3.625231e+01 4.440892e-15
      vertex   -2.009822e+02 -4.078385e+01 5.000000e+01
      vertex   -2.022500e+02 -3.806493e+01 4.440892e-15
    endloop
  endfacet
  facet normal 9.063078e-01 4.226183e-01 1.998401e-15
    outer loop
      vertex   -2.022500e+02 -3.806493e+01 4.440892e-15
      vertex   -2.009822e+02 -4.078385e+01 5.000000e+01
      vertex   -2.001369e+02 -4.259647e+01 5.000000e+01
    endloop
  endfacet
  facet normal -9.510565e-01 -3.090170e-01 -2.002842e-15
    outer loop
      vertex   -2.076393e+02 -3.804226e+01 0.000000e+00
      vertex   -2.070213e+02 -3.994437e+01 0.000000e+00
      vertex   -2.060942e+02 -4.279754e+01 5.000000e+01
    endloop
  endfacet
  facet normal -9.510565e-01 -3.090170e-01 -3.796963e-16
    outer loop
      vertex   -2.060942e+02 -4.279754e+01 5.000000e+01
      vertex   -2.070213e+02 -3.994437e+01 0.000000e+00
      vertex   -2.054762e+02 -4.469966e+01 5.000000e+01
    endloop
  endfacet
  facet normal -2.936878e-01 9.507095e-01 9.949330e-02
    outer loop
      vertex   -2.054762e+02 -4.469966e+01 5.000000e+01
      vertex   -2.070213e+02 -3.994437e+01 0.000000e+00
      vertex   -2.067824e+02 -4.510317e+01 5.000000e+01
    endloop
  endfacet
  facet normal -2.829910e-01 9.539190e-01 9.977333e-02
    outer loop
      vertex   -2.067824e+02 -4.510317e+01 5.000000e+01
      vertex   -2.070213e+02 -3.994437e+01 0.000000e+00
      vertex   -2.081079e+02 -4.288156e+01 2.500000e+01
    endloop
  endfacet
  facet normal -2.659174e-01 9.588670e-01 9.930782e-02
    outer loop
      vertex   -2.067824e+02 -4.510317e+01 5.000000e+01
      vertex   -2.081079e+02 -4.288156e+01 2.500000e+01
      vertex   -2.080998e+02 -4.546852e+01 5.000000e+01
    endloop
  endfacet
  facet normal -2.378987e-01 9.661233e-01 1.000496e-01
    outer loop
      vertex   -2.080998e+02 -4.546852e+01 5.000000e+01
      vertex   -2.081079e+02 -4.288156e+01 2.500000e+01
      vertex   -2.094273e+02 -4.579539e+01 5.000000e+01
    endloop
  endfacet
  facet normal -2.481569e-01 9.636255e-01 9.921713e-02
    outer loop
      vertex   -2.094273e+02 -4.579539e+01 5.000000e+01
      vertex   -2.081079e+02 -4.288156e+01 2.500000e+01
      vertex   -2.093658e+02 -4.063144e+01 0.000000e+00
    endloop
  endfacet
  facet normal -2.379120e-01 9.661775e-01 9.949330e-02
    outer loop
      vertex   -2.094273e+02 -4.579539e+01 5.000000e+01
      vertex   -2.093658e+02 -4.063144e+01 0.000000e+00
      vertex   -2.105521e+02 -4.092354e+01 4.440892e-15
    endloop
  endfacet
  facet normal -2.937041e-01 9.507625e-01 9.893686e-02
    outer loop
      vertex   -2.070213e+02 -3.994437e+01 0.000000e+00
      vertex   -2.081885e+02 -4.030496e+01 0.000000e+00
      vertex   -2.081079e+02 -4.288156e+01 2.500000e+01
    endloop
  endfacet
  facet normal -2.659074e-01 9.588313e-01 9.967877e-02
    outer loop
      vertex   -2.081079e+02 -4.288156e+01 2.500000e+01
      vertex   -2.081885e+02 -4.030496e+01 0.000000e+00
      vertex   -2.093658e+02 -4.063144e+01 0.000000e+00
    endloop
  endfacet
  facet normal -1.241371e-01 9.872654e-01 9.948330e-02
    outer loop
      vertex   -2.158189e+02 -3.978088e+01 0.000000e+00
      vertex   -2.152962e+02 -4.475349e+01 5.000000e+01
      vertex   -2.142027e+02 -3.957767e+01 -4.937736e-16
    endloop
  endfacet
  facet normal -1.241371e-01 9.872654e-01 9.948330e-02
    outer loop
      vertex   -2.142027e+02 -3.957767e+01 -4.937736e-16
      vertex   -2.152962e+02 -4.475349e+01 5.000000e+01
      vertex   -2.134781e+02 -4.452487e+01 5.000000e+01
    endloop
  endfacet
  facet normal -1.642288e-01 9.813929e-01 9.948330e-02
    outer loop
      vertex   -2.142027e+02 -3.957767e+01 -4.937736e-16
      vertex   -2.134781e+02 -4.452487e+01 5.000000e+01
      vertex   -2.116707e+02 -4.422243e+01 5.000000e+01
    endloop
  endfacet
  facet normal -2.040482e-01 9.738929e-01 9.948330e-02
    outer loop
      vertex   -2.098772e+02 -4.384665e+01 5.000000e+01
      vertex   -2.110020e+02 -3.897480e+01 4.440892e-15
      vertex   -2.116707e+02 -4.422243e+01 5.000000e+01
    endloop
  endfacet
  facet normal -2.040482e-01 9.738929e-01 9.948330e-02
    outer loop
      vertex   -2.116707e+02 -4.422243e+01 5.000000e+01
      vertex   -2.110020e+02 -3.897480e+01 4.440892e-15
      vertex   -2.125962e+02 -3.930883e+01 9.873425e-16
    endloop
  endfacet
  facet normal -1.642288e-01 9.813929e-01 9.948330e-02
    outer loop
      vertex   -2.116707e+02 -4.422243e+01 5.000000e+01
      vertex   -2.125962e+02 -3.930883e+01 9.873425e-16
      vertex   -2.142027e+02 -3.957767e+01 -4.937736e-16
    endloop
  endfacet
  facet normal 9.743701e-01 2.249511e-01 -1.185718e-15
    outer loop
      vertex   -2.110020e+02 -3.897480e+01 4.440892e-15
      vertex   -2.098772e+02 -4.384665e+01 5.000000e+01
      vertex   -2.105521e+02 -4.092354e+01 4.440892e-15
    endloop
  endfacet
  facet normal 9.743701e-01 2.249511e-01 -3.552714e-16
    outer loop
      vertex   -2.105521e+02 -4.092354e+01 4.440892e-15
      vertex   -2.098772e+02 -4.384665e+01 5.000000e+01
      vertex   -2.094273e+02 -4.579539e+01 5.000000e+01
    endloop
  endfacet
  facet normal -9.945219e-01 -1.045285e-01 -6.394885e-16
    outer loop
      vertex   -2.158189e+02 -3.978088e+01 0.000000e+00
      vertex   -2.156098e+02 -4.176992e+01 0.000000e+00
      vertex   -2.152962e+02 -4.475349e+01 5.000000e+01
    endloop
  endfacet
  facet normal -9.945219e-01 -1.045285e-01 -6.394885e-16
    outer loop
      vertex   -2.152962e+02 -4.475349e+01 5.000000e+01
      vertex   -2.156098e+02 -4.176992e+01 0.000000e+00
      vertex   -2.150872e+02 -4.674253e+01 5.000000e+01
    endloop
  endfacet
  facet normal -8.960636e-02 9.909954e-01 9.949330e-02
    outer loop
      vertex   -2.150872e+02 -4.674253e+01 5.000000e+01
      vertex   -2.156098e+02 -4.176992e+01 0.000000e+00
      vertex   -2.164487e+02 -4.686564e+01 5.000000e+01
    endloop
  endfacet
  facet normal -7.847607e-02 9.919107e-01 9.977333e-02
    outer loop
      vertex   -2.164487e+02 -4.686564e+01 5.000000e+01
      vertex   -2.156098e+02 -4.176992e+01 0.000000e+00
      vertex   -2.172833e+02 -4.441700e+01 2.500000e+01
    endloop
  endfacet
  facet normal -6.074676e-02 9.932008e-01 9.930782e-02
    outer loop
      vertex   -2.164487e+02 -4.686564e+01 5.000000e+01
      vertex   -2.172833e+02 -4.441700e+01 2.500000e+01
      vertex   -2.178133e+02 -4.694910e+01 5.000000e+01
    endloop
  endfacet
  facet normal -3.183172e-02 9.944731e-01 1.000496e-01
    outer loop
      vertex   -2.178133e+02 -4.694910e+01 5.000000e+01
      vertex   -2.172833e+02 -4.441700e+01 2.500000e+01
      vertex   -2.191797e+02 -4.699284e+01 5.000000e+01
    endloop
  endfacet
  facet normal -4.238504e-02 9.941627e-01 9.921713e-02
    outer loop
      vertex   -2.191797e+02 -4.699284e+01 5.000000e+01
      vertex   -2.172833e+02 -4.441700e+01 2.500000e+01
      vertex   -2.180459e+02 -4.195452e+01 0.000000e+00
    endloop
  endfacet
  facet normal -3.183350e-02 9.945289e-01 9.949330e-02
    outer loop
      vertex   -2.191797e+02 -4.699284e+01 5.000000e+01
      vertex   -2.180459e+02 -4.195452e+01 0.000000e+00
      vertex   -2.192670e+02 -4.199360e+01 4.440892e-15
    endloop
  endfacet
  facet normal -8.961136e-02 9.910506e-01 9.893686e-02
    outer loop
      vertex   -2.156098e+02 -4.176992e+01 0.000000e+00
      vertex   -2.168265e+02 -4.187994e+01 0.000000e+00
      vertex   -2.172833e+02 -4.441700e+01 2.500000e+01
    endloop
  endfacet
  facet normal -6.074450e-02 9.931638e-01 9.967877e-02
    outer loop
      vertex   -2.172833e+02 -4.441700e+01 2.500000e+01
      vertex   -2.168265e+02 -4.187994e+01 0.000000e+00
      vertex   -2.180459e+02 -4.195452e+01 0.000000e+00
    endloop
  endfacet
  facet normal 8.383958e-02 9.915009e-01 9.948330e-02
    outer loop
      vertex   -2.241811e+02 -3.978088e+01 0.000000e+00
      vertex   -2.247038e+02 -4.475349e+01 5.000000e+01
      vertex   -2.225581e+02 -3.991812e+01 -4.937736e-16
    endloop
  endfacet
  facet normal 8.383958e-02 9.915009e-01 9.948330e-02
    outer loop
      vertex   -2.225581e+02 -3.991812e+01 -4.937736e-16
      vertex   -2.247038e+02 -4.475349e+01 5.000000e+01
      vertex   -2.228778e+02 -4.490788e+01 5.000000e+01
    endloop
  endfacet
  facet normal 4.340300e-02 9.940922e-01 9.948330e-02
    outer loop
      vertex   -2.225581e+02 -3.991812e+01 -4.937736e-16
      vertex   -2.228778e+02 -4.490788e+01 5.000000e+01
      vertex   -2.210471e+02 -4.498782e+01 5.000000e+01
    endloop
  endfacet
  facet normal 2.894448e-03 9.950350e-01 9.948330e-02
    outer loop
      vertex   -2.192146e+02 -4.499315e+01 5.000000e+01
      vertex   -2.193019e+02 -3.999391e+01 4.440892e-15
      vertex   -2.210471e+02 -4.498782e+01 5.000000e+01
    endloop
  endfacet
  facet normal 2.894448e-03 9.950350e-01 9.948330e-02
    outer loop
      vertex   -2.210471e+02 -4.498782e+01 5.000000e+01
      vertex   -2.193019e+02 -3.999391e+01 4.440892e-15
      vertex   -2.209308e+02 -3.998917e+01 9.873425e-16
    endloop
  endfacet
  facet normal 4.340300e-02 9.940922e-01 9.948330e-02
    outer loop
      vertex   -2.210471e+02 -4.498782e+01 5.000000e+01
      vertex   -2.209308e+02 -3.998917e+01 9.873425e-16
      vertex   -2.225581e+02 -3.991812e+01 -4.937736e-16
    endloop
  endfacet
  facet normal 9.998477e-01 1.745241e-02 1.859624e-17
    outer loop
      vertex   -2.193019e+02 -3.999391e+01 4.440892e-15
      vertex   -2.192146e+02 -4.499315e+01 5.000000e+01
      vertex   -2.192670e+02 -4.199360e+01 4.440892e-15
    endloop
  endfacet
  facet normal 9.998477e-01 1.745241e-02 1.887379e-17
    outer loop
      vertex   -2.192670e+02 -4.199360e+01 4.440892e-15
      vertex   -2.192146e+02 -4.499315e+01 5.000000e+01
      vertex   -2.191797e+02 -4.699284e+01 5.000000e+01
    endloop
  endfacet
  facet normal -9.945219e-01 1.045285e-01 -2.087219e-16
    outer loop
      vertex   -2.241811e+02 -3.978088e+01 0.000000e+00
      vertex   -2.243902e+02 -4.176992e+01 0.000000e+00
      vertex   -2.247038e+02 -4.475349e+01 5.000000e+01
    endloop
  endfacet
  facet normal -9.945219e-01 1.045285e-01 1.487699e-15
    outer loop
      vertex   -2.247038e+02 -4.475349e+01 5.000000e+01
      vertex   -2.243902e+02 -4.176992e+01 0.000000e+00
      vertex   -2.249128e+02 -4.674253e+01 5.000000e+01
    endloop
  endfacet
  facet normal 1.183913e-01 9.879699e-01 9.949330e-02
    outer loop
      vertex   -2.249128e+02 -4.674253e+01 5.000000e+01
      vertex   -2.243902e+02 -4.176992e+01 0.000000e+00
      vertex   -2.262703e+02 -4.657987e+01 5.000000e+01
    endloop
  endfacet
  facet normal 1.294686e-01 9.865511e-01 9.977333e-02
    outer loop
      vertex   -2.262703e+02 -4.657987e+01 5.000000e+01
      vertex   -2.243902e+02 -4.176992e+01 0.000000e+00
      vertex   -2.265775e+02 -4.401121e+01 2.500000e+01
    endloop
  endfacet
  facet normal 1.470788e-01 9.841269e-01 9.930782e-02
    outer loop
      vertex   -2.262703e+02 -4.657987e+01 5.000000e+01
      vertex   -2.265775e+02 -4.401121e+01 2.500000e+01
      vertex   -2.276224e+02 -4.637779e+01 5.000000e+01
    endloop
  endfacet
  facet normal 1.756265e-01 9.793597e-01 1.000496e-01
    outer loop
      vertex   -2.276224e+02 -4.637779e+01 5.000000e+01
      vertex   -2.265775e+02 -4.401121e+01 2.500000e+01
      vertex   -2.289680e+02 -4.613648e+01 5.000000e+01
    endloop
  endfacet
  facet normal 1.652392e-01 9.812502e-01 9.921713e-02
    outer loop
      vertex   -2.289680e+02 -4.613648e+01 5.000000e+01
      vertex   -2.265775e+02 -4.401121e+01 2.500000e+01
      vertex   -2.268115e+02 -4.144398e+01 0.000000e+00
    endloop
  endfacet
  facet normal 1.756363e-01 9.794146e-01 9.949330e-02
    outer loop
      vertex   -2.289680e+02 -4.613648e+01 5.000000e+01
      vertex   -2.268115e+02 -4.144398e+01 0.000000e+00
      vertex   -2.280140e+02 -4.122834e+01 4.440892e-15
    endloop
  endfacet
  facet normal 1.183979e-01 9.880250e-01 9.893686e-02
    outer loop
      vertex   -2.243902e+02 -4.176992e+01 0.000000e+00
      vertex   -2.256032e+02 -4.162456e+01 0.000000e+00
      vertex   -2.265775e+02 -4.401121e+01 2.500000e+01
    endloop
  endfacet
  facet normal 1.470733e-01 9.840902e-01 9.967877e-02
    outer loop
      vertex   -2.265775e+02 -4.401121e+01 2.500000e+01
      vertex   -2.256032e+02 -4.162456e+01 0.000000e+00
      vertex   -2.268115e+02 -4.144398e+01 0.000000e+00
    endloop
  endfacet
  facet normal 2.881521e-01 9.524030e-01 9.948330e-02
    outer loop
      vertex   -2.323607e+02 -3.804226e+01 0.000000e+00
      vertex   -2.339058e+02 -4.279754e+01 5.000000e+01
      vertex   -2.308016e+02 -3.851396e+01 -4.937736e-16
    endloop
  endfacet
  facet normal 2.881521e-01 9.524030e-01 9.948330e-02
    outer loop
      vertex   -2.308016e+02 -3.851396e+01 -4.937736e-16
      vertex   -2.339058e+02 -4.279754e+01 5.000000e+01
      vertex   -2.321518e+02 -4.332821e+01 5.000000e+01
    endloop
  endfacet
  facet normal 2.491379e-01 9.633449e-01 9.948330e-02
    outer loop
      vertex   -2.308016e+02 -3.851396e+01 -4.937736e-16
      vertex   -2.321518e+02 -4.332821e+01 5.000000e+01
      vertex   -2.303777e+02 -4.378702e+01 5.000000e+01
    endloop
  endfacet
  facet normal 2.097106e-01 9.726893e-01 9.948330e-02
    outer loop
      vertex   -2.285864e+02 -4.417322e+01 5.000000e+01
      vertex   -2.276324e+02 -3.926509e+01 4.440892e-15
      vertex   -2.303777e+02 -4.378702e+01 5.000000e+01
    endloop
  endfacet
  facet normal 2.097106e-01 9.726893e-01 9.948330e-02
    outer loop
      vertex   -2.303777e+02 -4.378702e+01 5.000000e+01
      vertex   -2.276324e+02 -3.926509e+01 4.440892e-15
      vertex   -2.292246e+02 -3.892179e+01 9.873425e-16
    endloop
  endfacet
  facet normal 2.491379e-01 9.633449e-01 9.948330e-02
    outer loop
      vertex   -2.303777e+02 -4.378702e+01 5.000000e+01
      vertex   -2.292246e+02 -3.892179e+01 9.873425e-16
      vertex   -2.308016e+02 -3.851396e+01 -4.937736e-16
    endloop
  endfacet
  facet normal 9.816272e-01 -1.908090e-01 -1.183498e-15
    outer loop
      vertex   -2.276324e+02 -3.926509e+01 4.440892e-15
      vertex   -2.285864e+02 -4.417322e+01 5.000000e+01
      vertex   -2.280140e+02 -4.122834e+01 4.440892e-15
    endloop
  endfacet
  facet normal 9.816272e-01 -1.908090e-01 -1.185718e-15
    outer loop
      vertex   -2.280140e+02 -4.122834e+01 4.440892e-15
      vertex   -2.285864e+02 -4.417322e+01 5.000000e+01
      vertex   -2.289680e+02 -4.613648e+01 5.000000e+01
    endloop
  endfacet
  facet normal -9.510565e-01 3.090170e-01 6.528111e-16
    outer loop
      vertex   -2.323607e+02 -3.804226e+01 0.000000e+00
      vertex   -2.329787e+02 -3.994437e+01 0.000000e+00
      vertex   -2.339058e+02 -4.279754e+01 5.000000e+01
    endloop
  endfacet
  facet normal -9.510565e-01 3.090170e-01 -9.703349e-16
    outer loop
      vertex   -2.339058e+02 -4.279754e+01 5.000000e+01
      vertex   -2.329787e+02 -3.994437e+01 0.000000e+00
      vertex   -2.345238e+02 -4.469966e+01 5.000000e+01
    endloop
  endfacet
  facet normal 3.212146e-01 9.417655e-01 9.949330e-02
    outer loop
      vertex   -2.345238e+02 -4.469966e+01 5.000000e+01
      vertex   -2.329787e+02 -3.994437e+01 0.000000e+00
      vertex   -2.358177e+02 -4.425833e+01 5.000000e+01
    endloop
  endfacet
  facet normal 3.317550e-01 9.380746e-01 9.977333e-02
    outer loop
      vertex   -2.358177e+02 -4.425833e+01 5.000000e+01
      vertex   -2.329787e+02 -3.994437e+01 0.000000e+00
      vertex   -2.355842e+02 -4.168191e+01 2.500000e+01
    endloop
  endfacet
  facet normal 3.484762e-01 9.320420e-01 9.930782e-02
    outer loop
      vertex   -2.358177e+02 -4.425833e+01 5.000000e+01
      vertex   -2.355842e+02 -4.168191e+01 2.500000e+01
      vertex   -2.370983e+02 -4.377955e+01 5.000000e+01
    endloop
  endfacet
  facet normal 3.754089e-01 9.214435e-01 1.000496e-01
    outer loop
      vertex   -2.370983e+02 -4.377955e+01 5.000000e+01
      vertex   -2.355842e+02 -4.168191e+01 2.500000e+01
      vertex   -2.383644e+02 -4.326373e+01 5.000000e+01
    endloop
  endfacet
  facet normal 3.656417e-01 9.254524e-01 9.921713e-02
    outer loop
      vertex   -2.383644e+02 -4.326373e+01 5.000000e+01
      vertex   -2.355842e+02 -4.168191e+01 2.500000e+01
      vertex   -2.352793e+02 -3.912215e+01 0.000000e+00
    endloop
  endfacet
  facet normal 3.754300e-01 9.214952e-01 9.949330e-02
    outer loop
      vertex   -2.383644e+02 -4.326373e+01 5.000000e+01
      vertex   -2.352793e+02 -3.912215e+01 0.000000e+00
      vertex   -2.364107e+02 -3.866120e+01 4.440892e-15
    endloop
  endfacet
  facet normal 3.212325e-01 9.418180e-01 9.893686e-02
    outer loop
      vertex   -2.329787e+02 -3.994437e+01 0.000000e+00
      vertex   -2.341350e+02 -3.954999e+01 0.000000e+00
      vertex   -2.355842e+02 -4.168191e+01 2.500000e+01
    endloop
  endfacet
  facet normal 3.484632e-01 9.320073e-01 9.967877e-02
    outer loop
      vertex   -2.355842e+02 -4.168191e+01 2.500000e+01
      vertex   -2.341350e+02 -3.954999e+01 0.000000e+00
      vertex   -2.352793e+02 -3.912215e+01 0.000000e+00
    endloop
  endfacet
  facet normal 4.798710e-01 8.716805e-01 9.948330e-02
    outer loop
      vertex   -2.400000e+02 -3.464102e+01 0.000000e+00
      vertex   -2.425000e+02 -3.897114e+01 5.000000e+01
      vertex   -2.385731e+02 -3.542656e+01 -4.937736e-16
    endloop
  endfacet
  facet normal 4.798710e-01 8.716805e-01 9.948330e-02
    outer loop
      vertex   -2.385731e+02 -3.542656e+01 -4.937736e-16
      vertex   -2.425000e+02 -3.897114e+01 5.000000e+01
      vertex   -2.408947e+02 -3.985488e+01 5.000000e+01
    endloop
  endfacet
  facet normal 4.439843e-01 8.904948e-01 9.948330e-02
    outer loop
      vertex   -2.385731e+02 -3.542656e+01 -4.937736e-16
      vertex   -2.408947e+02 -3.985488e+01 5.000000e+01
      vertex   -2.392548e+02 -4.067252e+01 5.000000e+01
    endloop
  endfacet
  facet normal 4.073614e-01 9.078324e-01 9.948330e-02
    outer loop
      vertex   -2.375829e+02 -4.142272e+01 5.000000e+01
      vertex   -2.356292e+02 -3.682019e+01 4.440892e-15
      vertex   -2.392548e+02 -4.067252e+01 5.000000e+01
    endloop
  endfacet
  facet normal 4.073614e-01 9.078324e-01 9.948330e-02
    outer loop
      vertex   -2.392548e+02 -4.067252e+01 5.000000e+01
      vertex   -2.356292e+02 -3.682019e+01 4.440892e-15
      vertex   -2.371154e+02 -3.615335e+01 9.873425e-16
    endloop
  endfacet
  facet normal 4.439843e-01 8.904948e-01 9.948330e-02
    outer loop
      vertex   -2.392548e+02 -4.067252e+01 5.000000e+01
      vertex   -2.371154e+02 -3.615335e+01 9.873425e-16
      vertex   -2.385731e+02 -3.542656e+01 -4.937736e-16
    endloop
  endfacet
  facet normal 9.205049e-01 -3.907311e-01 -1.585398e-15
    outer loop
      vertex   -2.356292e+02 -3.682019e+01 4.440892e-15
      vertex   -2.375829e+02 -4.142272e+01 5.000000e+01
      vertex   -2.364107e+02 -3.866120e+01 4.440892e-15
    endloop
  endfacet
  facet normal 9.205049e-01 -3.907311e-01 -2.664535e-16
    outer loop
      vertex   -2.364107e+02 -3.866120e+01 4.440892e-15
      vertex   -2.375829e+02 -4.142272e+01 5.000000e+01
      vertex   -2.383644e+02 -4.326373e+01 5.000000e+01
    endloop
  endfacet
  facet normal -8.660254e-01 5.000000e-01 1.376677e-15
    outer loop
      vertex   -2.400000e+02 -3.464102e+01 0.000000e+00
      vertex   -2.410000e+02 -3.637307e+01 0.000000e+00
      vertex   -2.425000e+02 -3.897114e+01 5.000000e+01
    endloop
  endfacet
  facet normal -8.660254e-01 5.000000e-01 1.372236e-15
    outer loop
      vertex   -2.425000e+02 -3.897114e+01 5.000000e+01
      vertex   -2.410000e+02 -3.637307e+01 0.000000e+00
      vertex   -2.435000e+02 -4.070319e+01 5.000000e+01
    endloop
  endfacet
  facet normal 5.099994e-01 8.544014e-01 9.949330e-02
    outer loop
      vertex   -2.435000e+02 -4.070319e+01 5.000000e+01
      vertex   -2.410000e+02 -3.637307e+01 0.000000e+00
      vertex   -2.446739e+02 -4.000248e+01 5.000000e+01
    endloop
  endfacet
  facet normal 5.195420e-01 8.485997e-01 9.977333e-02
    outer loop
      vertex   -2.446739e+02 -4.000248e+01 5.000000e+01
      vertex   -2.410000e+02 -3.637307e+01 0.000000e+00
      vertex   -2.439098e+02 -3.753092e+01 2.500000e+01
    endloop
  endfacet
  facet normal 5.346436e-01 8.392224e-01 9.930782e-02
    outer loop
      vertex   -2.446739e+02 -4.000248e+01 5.000000e+01
      vertex   -2.439098e+02 -3.753092e+01 2.500000e+01
      vertex   -2.458269e+02 -3.926793e+01 5.000000e+01
    endloop
  endfacet
  facet normal 5.587842e-01 8.232559e-01 1.000496e-01
    outer loop
      vertex   -2.458269e+02 -3.926793e+01 5.000000e+01
      vertex   -2.439098e+02 -3.753092e+01 2.500000e+01
      vertex   -2.469581e+02 -3.850015e+01 5.000000e+01
    endloop
  endfacet
  facet normal 5.500640e-01 8.292078e-01 9.921713e-02
    outer loop
      vertex   -2.469581e+02 -3.850015e+01 5.000000e+01
      vertex   -2.439098e+02 -3.753092e+01 2.500000e+01
      vertex   -2.430794e+02 -3.509049e+01 0.000000e+00
    endloop
  endfacet
  facet normal 5.588156e-01 8.233020e-01 9.949330e-02
    outer loop
      vertex   -2.469581e+02 -3.850015e+01 5.000000e+01
      vertex   -2.430794e+02 -3.509049e+01 0.000000e+00
      vertex   -2.440902e+02 -3.440439e+01 4.440892e-15
    endloop
  endfacet
  facet normal 5.100278e-01 8.544490e-01 9.893686e-02
    outer loop
      vertex   -2.410000e+02 -3.637307e+01 0.000000e+00
      vertex   -2.420490e+02 -3.574690e+01 0.000000e+00
      vertex   -2.439098e+02 -3.753092e+01 2.500000e+01
    endloop
  endfacet
  facet normal 5.346237e-01 8.391911e-01 9.967877e-02
    outer loop
      vertex   -2.439098e+02 -3.753092e+01 2.500000e+01
      vertex   -2.420490e+02 -3.574690e+01 0.000000e+00
      vertex   -2.430794e+02 -3.509049e+01 0.000000e+00
    endloop
  endfacet
  facet normal 6.506172e-01 7.528614e-01 9.948330e-02
    outer loop
      vertex   -2.467652e+02 -2.972579e+01 0.000000e+00
      vertex   -2.501109e+02 -3.344152e+01 5.000000e+01
      vertex   -2.455328e+02 -3.079084e+01 -4.937736e-16
    endloop
  endfacet
  facet normal 6.506172e-01 7.528614e-01 9.948330e-02
    outer loop
      vertex   -2.455328e+02 -3.079084e+01 -4.937736e-16
      vertex   -2.501109e+02 -3.344152e+01 5.000000e+01
      vertex   -2.487244e+02 -3.463970e+01 5.000000e+01
    endloop
  endfacet
  facet normal 6.194265e-01 7.787258e-01 9.948330e-02
    outer loop
      vertex   -2.455328e+02 -3.079084e+01 -4.937736e-16
      vertex   -2.487244e+02 -3.463970e+01 5.000000e+01
      vertex   -2.472903e+02 -3.578044e+01 5.000000e+01
    endloop
  endfacet
  facet normal 5.872086e-01 8.032989e-01 9.948330e-02
    outer loop
      vertex   -2.458109e+02 -3.686184e+01 5.000000e+01
      vertex   -2.429431e+02 -3.276608e+01 4.440892e-15
      vertex   -2.472903e+02 -3.578044e+01 5.000000e+01
    endloop
  endfacet
  facet normal 5.872086e-01 8.032989e-01 9.948330e-02
    outer loop
      vertex   -2.472903e+02 -3.578044e+01 5.000000e+01
      vertex   -2.429431e+02 -3.276608e+01 4.440892e-15
      vertex   -2.442580e+02 -3.180483e+01 9.873425e-16
    endloop
  endfacet
  facet normal 6.194265e-01 7.787258e-01 9.948330e-02
    outer loop
      vertex   -2.472903e+02 -3.578044e+01 5.000000e+01
      vertex   -2.442580e+02 -3.180483e+01 9.873425e-16
      vertex   -2.455328e+02 -3.079084e+01 -4.937736e-16
    endloop
  endfacet
  facet normal 8.191520e-01 -5.735764e-01 -2.309264e-16
    outer loop
      vertex   -2.429431e+02 -3.276608e+01 4.440892e-15
      vertex   -2.458109e+02 -3.686184e+01 5.000000e+01
      vertex   -2.440902e+02 -3.440439e+01 4.440892e-15
    endloop
  endfacet
  facet normal 8.191520e-01 -5.735764e-01 -2.309264e-16
    outer loop
      vertex   -2.440902e+02 -3.440439e+01 4.440892e-15
      vertex   -2.458109e+02 -3.686184e+01 5.000000e+01
      vertex   -2.469581e+02 -3.850015e+01 5.000000e+01
    endloop
  endfacet
  facet normal -7.431448e-01 6.691306e-01 -1.332268e-15
    outer loop
      vertex   -2.467652e+02 -2.972579e+01 0.000000e+00
      vertex   -2.481035e+02 -3.121208e+01 0.000000e+00
      vertex   -2.501109e+02 -3.344152e+01 5.000000e+01
    endloop
  endfacet
  facet normal -7.431448e-01 6.691306e-01 -7.727152e-16
    outer loop
      vertex   -2.501109e+02 -3.344152e+01 5.000000e+01
      vertex   -2.481035e+02 -3.121208e+01 0.000000e+00
      vertex   -2.514491e+02 -3.492781e+01 5.000000e+01
    endloop
  endfacet
  facet normal 6.764947e-01 7.296958e-01 9.949330e-02
    outer loop
      vertex   -2.514491e+02 -3.492781e+01 5.000000e+01
      vertex   -2.481035e+02 -3.121208e+01 0.000000e+00
      vertex   -2.524517e+02 -3.399834e+01 5.000000e+01
    endloop
  endfacet
  facet normal 6.846225e-01 7.220369e-01 9.977333e-02
    outer loop
      vertex   -2.524517e+02 -3.399834e+01 5.000000e+01
      vertex   -2.481035e+02 -3.121208e+01 0.000000e+00
      vertex   -2.511905e+02 -3.173964e+01 2.500000e+01
    endloop
  endfacet
  facet normal 6.974445e-01 7.097247e-01 9.930782e-02
    outer loop
      vertex   -2.524517e+02 -3.399834e+01 5.000000e+01
      vertex   -2.511905e+02 -3.173964e+01 2.500000e+01
      vertex   -2.534268e+02 -3.304011e+01 5.000000e+01
    endloop
  endfacet
  facet normal 7.177380e-01 6.890880e-01 1.000496e-01
    outer loop
      vertex   -2.534268e+02 -3.304011e+01 5.000000e+01
      vertex   -2.511905e+02 -3.173964e+01 2.500000e+01
      vertex   -2.543736e+02 -3.205392e+01 5.000000e+01
    endloop
  endfacet
  facet normal 7.104457e-01 6.967229e-01 9.921713e-02
    outer loop
      vertex   -2.543736e+02 -3.205392e+01 5.000000e+01
      vertex   -2.511905e+02 -3.173964e+01 2.500000e+01
      vertex   -2.498708e+02 -2.952520e+01 0.000000e+00
    endloop
  endfacet
  facet normal 7.177782e-01 6.891266e-01 9.949330e-02
    outer loop
      vertex   -2.543736e+02 -3.205392e+01 5.000000e+01
      vertex   -2.498708e+02 -2.952520e+01 0.000000e+00
      vertex   -2.507169e+02 -2.864393e+01 4.440892e-15
    endloop
  endfacet
  facet normal 6.765324e-01 7.297365e-01 9.893686e-02
    outer loop
      vertex   -2.481035e+02 -3.121208e+01 0.000000e+00
      vertex   -2.489994e+02 -3.038150e+01 0.000000e+00
      vertex   -2.511905e+02 -3.173964e+01 2.500000e+01
    endloop
  endfacet
  facet normal 6.974185e-01 7.096982e-01 9.967877e-02
    outer loop
      vertex   -2.511905e+02 -3.173964e+01 2.500000e+01
      vertex   -2.489994e+02 -3.038150e+01 0.000000e+00
      vertex   -2.498708e+02 -2.952520e+01 0.000000e+00
    endloop
  endfacet
  facet normal 7.929284e-01 6.011386e-01 9.948330e-02
    outer loop
      vertex   -2.523607e+02 -2.351141e+01 0.000000e+00
      vertex   -2.564058e+02 -2.645034e+01 5.000000e+01
      vertex   -2.513766e+02 -2.480942e+01 -4.937736e-16
    endloop
  endfacet
  facet normal 7.929284e-01 6.011386e-01 9.948330e-02
    outer loop
      vertex   -2.513766e+02 -2.480942e+01 -4.937736e-16
      vertex   -2.564058e+02 -2.645034e+01 5.000000e+01
      vertex   -2.552987e+02 -2.791060e+01 5.000000e+01
    endloop
  endfacet
  facet normal 7.677967e-01 6.329228e-01 9.948330e-02
    outer loop
      vertex   -2.513766e+02 -2.480942e+01 -4.937736e-16
      vertex   -2.552987e+02 -2.791060e+01 5.000000e+01
      vertex   -2.541331e+02 -2.932458e+01 5.000000e+01
    endloop
  endfacet
  facet normal 7.413919e-01 6.636574e-01 9.948330e-02
    outer loop
      vertex   -2.529109e+02 -3.068993e+01 5.000000e+01
      vertex   -2.492541e+02 -2.727993e+01 4.440892e-15
      vertex   -2.541331e+02 -2.932458e+01 5.000000e+01
    endloop
  endfacet
  facet normal 7.413919e-01 6.636574e-01 9.948330e-02
    outer loop
      vertex   -2.541331e+02 -2.932458e+01 5.000000e+01
      vertex   -2.492541e+02 -2.727993e+01 4.440892e-15
      vertex   -2.503405e+02 -2.606629e+01 9.873425e-16
    endloop
  endfacet
  facet normal 7.677967e-01 6.329228e-01 9.948330e-02
    outer loop
      vertex   -2.541331e+02 -2.932458e+01 5.000000e+01
      vertex   -2.503405e+02 -2.606629e+01 9.873425e-16
      vertex   -2.513766e+02 -2.480942e+01 -4.937736e-16
    endloop
  endfacet
  facet normal 6.819984e-01 -7.313537e-01 -1.554312e-15
    outer loop
      vertex   -2.492541e+02 -2.727993e+01 4.440892e-15
      vertex   -2.529109e+02 -3.068993e+01 5.000000e+01
      vertex   -2.507169e+02 -2.864393e+01 4.440892e-15
    endloop
  endfacet
  facet normal 6.819984e-01 -7.313537e-01 -9.769963e-16
    outer loop
      vertex   -2.507169e+02 -2.864393e+01 4.440892e-15
      vertex   -2.529109e+02 -3.068993e+01 5.000000e+01
      vertex   -2.543736e+02 -3.205392e+01 5.000000e+01
    endloop
  endfacet
  facet normal -5.877853e-01 8.090170e-01 6.217249e-16
    outer loop
      vertex   -2.523607e+02 -2.351141e+01 0.000000e+00
      vertex   -2.539787e+02 -2.468698e+01 0.000000e+00
      vertex   -2.564058e+02 -2.645034e+01 5.000000e+01
    endloop
  endfacet
  facet normal -5.877853e-01 8.090170e-01 -3.819167e-16
    outer loop
      vertex   -2.564058e+02 -2.645034e+01 5.000000e+01
      vertex   -2.539787e+02 -2.468698e+01 0.000000e+00
      vertex   -2.580238e+02 -2.762591e+01 5.000000e+01
    endloop
  endfacet
  facet normal 8.134240e-01 5.730991e-01 9.949330e-02
    outer loop
      vertex   -2.580238e+02 -2.762591e+01 5.000000e+01
      vertex   -2.539787e+02 -2.468698e+01 0.000000e+00
      vertex   -2.588112e+02 -2.650831e+01 5.000000e+01
    endloop
  endfacet
  facet normal 8.197818e-01 5.639176e-01 9.977333e-02
    outer loop
      vertex   -2.588112e+02 -2.650831e+01 5.000000e+01
      vertex   -2.539787e+02 -2.468698e+01 0.000000e+00
      vertex   -2.571079e+02 -2.456120e+01 2.500000e+01
    endloop
  endfacet
  facet normal 8.297637e-01 5.492086e-01 9.930782e-02
    outer loop
      vertex   -2.588112e+02 -2.650831e+01 5.000000e+01
      vertex   -2.571079e+02 -2.456120e+01 2.500000e+01
      vertex   -2.595658e+02 -2.536828e+01 5.000000e+01
    endloop
  endfacet
  facet normal 8.453231e-01 5.248036e-01 1.000496e-01
    outer loop
      vertex   -2.595658e+02 -2.536828e+01 5.000000e+01
      vertex   -2.571079e+02 -2.456120e+01 2.500000e+01
      vertex   -2.602869e+02 -2.420679e+01 5.000000e+01
    endloop
  endfacet
  facet normal 8.397776e-01 5.337879e-01 9.921713e-02
    outer loop
      vertex   -2.602869e+02 -2.420679e+01 5.000000e+01
      vertex   -2.571079e+02 -2.456120e+01 2.500000e+01
      vertex   -2.553566e+02 -2.266953e+01 0.000000e+00
    endloop
  endfacet
  facet normal 8.453705e-01 5.248331e-01 9.949330e-02
    outer loop
      vertex   -2.602869e+02 -2.420679e+01 5.000000e+01
      vertex   -2.553566e+02 -2.266953e+01 0.000000e+00
      vertex   -2.560010e+02 -2.163160e+01 4.440892e-15
    endloop
  endfacet
  facet normal 8.134693e-01 5.731310e-01 9.893686e-02
    outer loop
      vertex   -2.539787e+02 -2.468698e+01 0.000000e+00
      vertex   -2.546824e+02 -2.368828e+01 0.000000e+00
      vertex   -2.571079e+02 -2.456120e+01 2.500000e+01
    endloop
  endfacet
  facet normal 8.297328e-01 5.491882e-01 9.967877e-02
    outer loop
      vertex   -2.571079e+02 -2.456120e+01 2.500000e+01
      vertex   -2.546824e+02 -2.368828e+01 0.000000e+00
      vertex   -2.553566e+02 -2.266953e+01 0.000000e+00
    endloop
  endfacet
  facet normal 9.005847e-01 4.231432e-01 9.948330e-02
    outer loop
      vertex   -2.565418e+02 -1.626947e+01 0.000000e+00
      vertex   -2.611095e+02 -1.830315e+01 5.000000e+01
      vertex   -2.558491e+02 -1.774371e+01 -4.937736e-16
    endloop
  endfacet
  facet normal 9.005847e-01 4.231432e-01 9.948330e-02
    outer loop
      vertex   -2.558491e+02 -1.774371e+01 -4.937736e-16
      vertex   -2.611095e+02 -1.830315e+01 5.000000e+01
      vertex   -2.603303e+02 -1.996167e+01 5.000000e+01
    endloop
  endfacet
  facet normal 8.826106e-01 4.594580e-01 9.948330e-02
    outer loop
      vertex   -2.558491e+02 -1.774371e+01 -4.937736e-16
      vertex   -2.603303e+02 -1.996167e+01 5.000000e+01
      vertex   -2.594841e+02 -2.158709e+01 5.000000e+01
    endloop
  endfacet
  facet normal 8.631728e-01 4.950108e-01 9.948330e-02
    outer loop
      vertex   -2.585725e+02 -2.317671e+01 5.000000e+01
      vertex   -2.542867e+02 -2.060152e+01 4.440892e-15
      vertex   -2.594841e+02 -2.158709e+01 5.000000e+01
    endloop
  endfacet
  facet normal 8.631728e-01 4.950108e-01 9.948330e-02
    outer loop
      vertex   -2.594841e+02 -2.158709e+01 5.000000e+01
      vertex   -2.542867e+02 -2.060152e+01 4.440892e-15
      vertex   -2.550970e+02 -1.918852e+01 9.873425e-16
    endloop
  endfacet
  facet normal 8.826106e-01 4.594580e-01 9.948330e-02
    outer loop
      vertex   -2.594841e+02 -2.158709e+01 5.000000e+01
      vertex   -2.550970e+02 -1.918852e+01 9.873425e-16
      vertex   -2.558491e+02 -1.774371e+01 -4.937736e-16
    endloop
  endfacet
  facet normal 5.150381e-01 -8.571673e-01 -1.243450e-16
    outer loop
      vertex   -2.542867e+02 -2.060152e+01 4.440892e-15
      vertex   -2.585725e+02 -2.317671e+01 5.000000e+01
      vertex   -2.560010e+02 -2.163160e+01 4.440892e-15
    endloop
  endfacet
  facet normal 5.150381e-01 -8.571673e-01 -7.460699e-16
    outer loop
      vertex   -2.560010e+02 -2.163160e+01 4.440892e-15
      vertex   -2.585725e+02 -2.317671e+01 5.000000e+01
      vertex   -2.602869e+02 -2.420679e+01 5.000000e+01
    endloop
  endfacet
  facet normal -4.067366e-01 9.135455e-01 -4.307665e-16
    outer loop
      vertex   -2.565418e+02 -1.626947e+01 0.000000e+00
      vertex   -2.583689e+02 -1.708294e+01 0.000000e+00
      vertex   -2.611095e+02 -1.830315e+01 5.000000e+01
    endloop
  endfacet
  facet normal -4.067366e-01 9.135455e-01 -7.283063e-16
    outer loop
      vertex   -2.611095e+02 -1.830315e+01 5.000000e+01
      vertex   -2.583689e+02 -1.708294e+01 0.000000e+00
      vertex   -2.629366e+02 -1.911662e+01 5.000000e+01
    endloop
  endfacet
  facet normal 9.148027e-01 3.914551e-01 9.949330e-02
    outer loop
      vertex   -2.629366e+02 -1.911662e+01 5.000000e+01
      vertex   -2.583689e+02 -1.708294e+01 0.000000e+00
      vertex   -2.634745e+02 -1.785973e+01 5.000000e+01
    endloop
  endfacet
  facet normal 9.191127e-01 3.811524e-01 9.977333e-02
    outer loop
      vertex   -2.634745e+02 -1.785973e+01 5.000000e+01
      vertex   -2.583689e+02 -1.708294e+01 0.000000e+00
      vertex   -2.614036e+02 -1.630930e+01 2.500000e+01
    endloop
  endfacet
  facet normal 9.258183e-01 3.646895e-01 9.930782e-02
    outer loop
      vertex   -2.634745e+02 -1.785973e+01 5.000000e+01
      vertex   -2.614036e+02 -1.630930e+01 2.500000e+01
      vertex   -2.639755e+02 -1.658774e+01 5.000000e+01
    endloop
  endfacet
  facet normal 9.359636e-01 3.375829e-01 1.000496e-01
    outer loop
      vertex   -2.639755e+02 -1.658774e+01 5.000000e+01
      vertex   -2.614036e+02 -1.630930e+01 2.500000e+01
      vertex   -2.644394e+02 -1.530170e+01 5.000000e+01
    endloop
  endfacet
  facet normal 9.324072e-01 3.475237e-01 9.921713e-02
    outer loop
      vertex   -2.644394e+02 -1.530170e+01 5.000000e+01
      vertex   -2.614036e+02 -1.630930e+01 2.500000e+01
      vertex   -2.592973e+02 -1.482308e+01 0.000000e+00
    endloop
  endfacet
  facet normal 9.360161e-01 3.376018e-01 9.949330e-02
    outer loop
      vertex   -2.644394e+02 -1.530170e+01 5.000000e+01
      vertex   -2.592973e+02 -1.482308e+01 0.000000e+00
      vertex   -2.597118e+02 -1.367386e+01 4.440892e-15
    endloop
  endfacet
  facet normal 9.148537e-01 3.914769e-01 9.893686e-02
    outer loop
      vertex   -2.583689e+02 -1.708294e+01 0.000000e+00
      vertex   -2.588495e+02 -1.595976e+01 0.000000e+00
      vertex   -2.614036e+02 -1.630930e+01 2.500000e+01
    endloop
  endfacet
  facet normal 9.257838e-01 3.646759e-01 9.967877e-02
    outer loop
      vertex   -2.614036e+02 -1.630930e+01 2.500000e+01
      vertex   -2.588495e+02 -1.595976e+01 0.000000e+00
      vertex   -2.592973e+02 -1.482308e+01 0.000000e+00
    endloop
  endfacet
  facet normal 9.688812e-01 2.266544e-01 9.948330e-02
    outer loop
      vertex   -2.591259e+02 -8.316468e+00 0.000000e+00
      vertex   -2.640166e+02 -9.356026e+00 5.000000e+01
      vertex   -2.587549e+02 -9.902509e+00 -4.937736e-16
    endloop
  endfacet
  facet normal 9.688812e-01 2.266544e-01 9.948330e-02
    outer loop
      vertex   -2.587549e+02 -9.902509e+00 -4.937736e-16
      vertex   -2.640166e+02 -9.356026e+00 5.000000e+01
      vertex   -2.635992e+02 -1.114032e+01 5.000000e+01
    endloop
  endfacet
  facet normal 9.588501e-01 2.659127e-01 9.948330e-02
    outer loop
      vertex   -2.587549e+02 -9.902509e+00 -4.937736e-16
      vertex   -2.635992e+02 -1.114032e+01 5.000000e+01
      vertex   -2.631095e+02 -1.290615e+01 5.000000e+01
    endloop
  endfacet
  facet normal 9.472290e-01 3.047299e-01 9.948330e-02
    outer loop
      vertex   -2.625483e+02 -1.465057e+01 5.000000e+01
      vertex   -2.578207e+02 -1.302273e+01 4.440892e-15
      vertex   -2.631095e+02 -1.290615e+01 5.000000e+01
    endloop
  endfacet
  facet normal 9.472290e-01 3.047299e-01 9.948330e-02
    outer loop
      vertex   -2.631095e+02 -1.290615e+01 5.000000e+01
      vertex   -2.578207e+02 -1.302273e+01 4.440892e-15
      vertex   -2.583196e+02 -1.147213e+01 9.873425e-16
    endloop
  endfacet
  facet normal 9.588501e-01 2.659127e-01 9.948330e-02
    outer loop
      vertex   -2.631095e+02 -1.290615e+01 5.000000e+01
      vertex   -2.583196e+02 -1.147213e+01 9.873425e-16
      vertex   -2.587549e+02 -9.902509e+00 -4.937736e-16
    endloop
  endfacet
  facet normal 3.255682e-01 -9.455186e-01 6.528111e-16
    outer loop
      vertex   -2.578207e+02 -1.302273e+01 4.440892e-15
      vertex   -2.625483e+02 -1.465057e+01 5.000000e+01
      vertex   -2.597118e+02 -1.367386e+01 4.440892e-15
    endloop
  endfacet
  facet normal 3.255682e-01 -9.455186e-01 5.595524e-16
    outer loop
      vertex   -2.597118e+02 -1.367386e+01 4.440892e-15
      vertex   -2.625483e+02 -1.465057e+01 5.000000e+01
      vertex   -2.644394e+02 -1.530170e+01 5.000000e+01
    endloop
  endfacet
  facet normal -2.079117e-01 9.781476e-01 -1.465494e-16
    outer loop
      vertex   -2.591259e+02 -8.316468e+00 0.000000e+00
      vertex   -2.610822e+02 -8.732291e+00 0.000000e+00
      vertex   -2.640166e+02 -9.356026e+00 5.000000e+01
    endloop
  endfacet
  facet normal -2.079117e-01 9.781476e-01 3.086420e-16
    outer loop
      vertex   -2.640166e+02 -9.356026e+00 5.000000e+01
      vertex   -2.610822e+02 -8.732291e+00 0.000000e+00
      vertex   -2.659729e+02 -9.771849e+00 5.000000e+01
    endloop
  endfacet
  facet normal 9.762002e-01 1.927027e-01 9.949330e-02
    outer loop
      vertex   -2.659729e+02 -9.771849e+00 5.000000e+01
      vertex   -2.610822e+02 -8.732291e+00 0.000000e+00
      vertex   -2.662377e+02 -8.430606e+00 5.000000e+01
    endloop
  endfacet
  facet normal 9.782739e-01 1.817291e-01 9.977333e-02
    outer loop
      vertex   -2.662377e+02 -8.430606e+00 5.000000e+01
      vertex   -2.610822e+02 -8.732291e+00 0.000000e+00
      vertex   -2.638897e+02 -7.344618e+00 2.500000e+01
    endloop
  endfacet
  facet normal 9.814102e-01 1.642317e-01 9.930782e-02
    outer loop
      vertex   -2.662377e+02 -8.430606e+00 5.000000e+01
      vertex   -2.638897e+02 -7.344618e+00 2.500000e+01
      vertex   -2.664633e+02 -7.082228e+00 5.000000e+01
    endloop
  endfacet
  facet normal 9.856980e-01 1.356081e-01 1.000496e-01
    outer loop
      vertex   -2.664633e+02 -7.082228e+00 5.000000e+01
      vertex   -2.638897e+02 -7.344618e+00 2.500000e+01
      vertex   -2.666497e+02 -5.727859e+00 5.000000e+01
    endloop
  endfacet
  facet normal 9.842861e-01 1.460711e-01 9.921713e-02
    outer loop
      vertex   -2.666497e+02 -5.727859e+00 5.000000e+01
      vertex   -2.638897e+02 -7.344618e+00 2.500000e+01
      vertex   -2.615204e+02 -6.328800e+00 0.000000e+00
    endloop
  endfacet
  facet normal 9.857532e-01 1.356157e-01 9.949330e-02
    outer loop
      vertex   -2.666497e+02 -5.727859e+00 5.000000e+01
      vertex   -2.615204e+02 -6.328800e+00 0.000000e+00
      vertex   -2.616869e+02 -5.118512e+00 4.440892e-15
    endloop
  endfacet
  facet normal 9.762546e-01 1.927135e-01 9.893686e-02
    outer loop
      vertex   -2.610822e+02 -8.732291e+00 0.000000e+00
      vertex   -2.613188e+02 -7.533733e+00 0.000000e+00
      vertex   -2.638897e+02 -7.344618e+00 2.500000e+01
    endloop
  endfacet
  facet normal 9.813736e-01 1.642256e-01 9.967877e-02
    outer loop
      vertex   -2.638897e+02 -7.344618e+00 2.500000e+01
      vertex   -2.613188e+02 -7.533733e+00 0.000000e+00
      vertex   -2.615204e+02 -6.328800e+00 0.000000e+00
    endloop
  endfacet
  facet normal 9.948330e-01 2.025976e-02 9.948330e-02
    outer loop
      vertex   -2.600000e+02 4.898587e-15 0.000000e+00
      vertex   -2.650000e+02 5.510911e-15 5.000000e+01
      vertex   -2.599668e+02 -1.628524e+00 -4.937736e-16
    endloop
  endfacet
  facet normal 9.948330e-01 2.025976e-02 9.948330e-02
    outer loop
      vertex   -2.599668e+02 -1.628524e+00 -4.937736e-16
      vertex   -2.650000e+02 5.510911e-15 5.000000e+01
      vertex   -2.649627e+02 -1.832089e+00 5.000000e+01
    endloop
  endfacet
  facet normal 9.931833e-01 6.074569e-02 9.948330e-02
    outer loop
      vertex   -2.599668e+02 -1.628524e+00 -4.937736e-16
      vertex   -2.649627e+02 -1.832089e+00 5.000000e+01
      vertex   -2.648508e+02 -3.661140e+00 5.000000e+01
    endloop
  endfacet
  facet normal 9.898867e-01 1.011309e-01 9.948330e-02
    outer loop
      vertex   -2.646646e+02 -5.484120e+00 5.000000e+01
      vertex   -2.597018e+02 -4.874774e+00 4.440892e-15
      vertex   -2.648508e+02 -3.661140e+00 5.000000e+01
    endloop
  endfacet
  facet normal 9.898867e-01 1.011309e-01 9.948330e-02
    outer loop
      vertex   -2.648508e+02 -3.661140e+00 5.000000e+01
      vertex   -2.597018e+02 -4.874774e+00 4.440892e-15
      vertex   -2.598674e+02 -3.254347e+00 9.873425e-16
    endloop
  endfacet
  facet normal 9.931833e-01 6.074569e-02 9.948330e-02
    outer loop
      vertex   -2.648508e+02 -3.661140e+00 5.000000e+01
      vertex   -2.598674e+02 -3.254347e+00 9.873425e-16
      vertex   -2.599668e+02 -1.628524e+00 -4.937736e-16
    endloop
  endfacet
  facet normal 1.218693e-01 -9.925462e-01 1.199041e-16
    outer loop
      vertex   -2.597018e+02 -4.874774e+00 4.440892e-15
      vertex   -2.646646e+02 -5.484120e+00 5.000000e+01
      vertex   -2.616869e+02 -5.118512e+00 4.440892e-15
    endloop
  endfacet
  facet normal 1.218693e-01 -9.925462e-01 1.199041e-16
    outer loop
      vertex   -2.616869e+02 -5.118512e+00 4.440892e-15
      vertex   -2.646646e+02 -5.484120e+00 5.000000e+01
      vertex   -2.666497e+02 -5.727859e+00 5.000000e+01
    endloop
  endfacet
  facet normal 1.224647e-16 1.000000e+00 3.944305e-32
    outer loop
      vertex   -2.600000e+02 4.898587e-15 0.000000e+00
      vertex   -2.620000e+02 5.143517e-15 0.000000e+00
      vertex   -2.650000e+02 5.510911e-15 5.000000e+01
    endloop
  endfacet
  facet normal 1.224647e-16 1.000000e+00 3.944305e-32
    outer loop
      vertex   -2.650000e+02 5.510911e-15 5.000000e+01
      vertex   -2.620000e+02 5.143517e-15 0.000000e+00
      vertex   -2.670000e+02 5.755840e-15 5.000000e+01
    endloop
  endfacet
  facet normal 9.949330e-01 -1.447173e-02 9.949330e-02
    outer loop
      vertex   -2.670000e+02 5.755840e-15 5.000000e+01
      vertex   -2.620000e+02 5.143517e-15 0.000000e+00
      vertex   -2.669801e+02 1.366982e+00 5.000000e+01
    endloop
  endfacet
  facet normal 9.946799e-01 -2.563673e-02 9.977333e-02
    outer loop
      vertex   -2.669801e+02 1.366982e+00 5.000000e+01
      vertex   -2.620000e+02 5.143517e-15 0.000000e+00
      vertex   -2.644576e+02 1.941063e+00 2.500000e+01
    endloop
  endfacet
  facet normal 9.941097e-01 -4.340377e-02 9.930782e-02
    outer loop
      vertex   -2.669801e+02 1.366982e+00 5.000000e+01
      vertex   -2.644576e+02 1.941063e+00 2.500000e+01
      vertex   -2.669205e+02 2.732807e+00 5.000000e+01
    endloop
  endfacet
  facet normal 9.923526e-01 -7.229341e-02 1.000496e-01
    outer loop
      vertex   -2.669205e+02 2.732807e+00 5.000000e+01
      vertex   -2.644576e+02 1.941063e+00 2.500000e+01
      vertex   -2.668212e+02 4.096320e+00 5.000000e+01
    endloop
  endfacet
  facet normal 9.931470e-01 -6.176545e-02 9.921713e-02
    outer loop
      vertex   -2.668212e+02 4.096320e+00 5.000000e+01
      vertex   -2.644576e+02 1.941063e+00 2.500000e+01
      vertex   -2.619289e+02 2.442083e+00 0.000000e+00
    endloop
  endfacet
  facet normal 9.924083e-01 -7.229746e-02 9.949330e-02
    outer loop
      vertex   -2.668212e+02 4.096320e+00 5.000000e+01
      vertex   -2.619289e+02 2.442083e+00 0.000000e+00
      vertex   -2.618402e+02 3.660541e+00 4.440892e-15
    endloop
  endfacet
  facet normal 9.949885e-01 -1.447254e-02 9.893686e-02
    outer loop
      vertex   -2.620000e+02 5.143517e-15 0.000000e+00
      vertex   -2.619822e+02 1.221558e+00 0.000000e+00
      vertex   -2.644576e+02 1.941063e+00 2.500000e+01
    endloop
  endfacet
  facet normal 9.940726e-01 -4.340215e-02 9.967877e-02
    outer loop
      vertex   -2.644576e+02 1.941063e+00 2.500000e+01
      vertex   -2.619822e+02 1.221558e+00 0.000000e+00
      vertex   -2.619289e+02 2.442083e+00 0.000000e+00
    endloop
  endfacet
  facet normal 9.773057e-01 -1.870204e-01 9.948330e-02
    outer loop
      vertex   -2.591259e+02 8.316468e+00 0.000000e+00
      vertex   -2.640166e+02 9.356026e+00 5.000000e+01
      vertex   -2.594321e+02 6.716636e+00 -4.937736e-16
    endloop
  endfacet
  facet normal 9.773057e-01 -1.870204e-01 9.948330e-02
    outer loop
      vertex   -2.594321e+02 6.716636e+00 -4.937736e-16
      vertex   -2.640166e+02 9.356026e+00 5.000000e+01
      vertex   -2.643611e+02 7.556215e+00 5.000000e+01
    endloop
  endfacet
  facet normal 9.841096e-01 -1.470762e-01 9.948330e-02
    outer loop
      vertex   -2.594321e+02 6.716636e+00 -4.937736e-16
      vertex   -2.643611e+02 7.556215e+00 5.000000e+01
      vertex   -2.646319e+02 5.743874e+00 5.000000e+01
    endloop
  endfacet
  facet normal 9.892816e-01 -1.068881e-01 9.948330e-02
    outer loop
      vertex   -2.648288e+02 3.922008e+00 5.000000e+01
      vertex   -2.598478e+02 3.486230e+00 4.440892e-15
      vertex   -2.646319e+02 5.743874e+00 5.000000e+01
    endloop
  endfacet
  facet normal 9.892816e-01 -1.068881e-01 9.948330e-02
    outer loop
      vertex   -2.646319e+02 5.743874e+00 5.000000e+01
      vertex   -2.598478e+02 3.486230e+00 4.440892e-15
      vertex   -2.596728e+02 5.105666e+00 9.873425e-16
    endloop
  endfacet
  facet normal 9.841096e-01 -1.470762e-01 9.948330e-02
    outer loop
      vertex   -2.646319e+02 5.743874e+00 5.000000e+01
      vertex   -2.596728e+02 5.105666e+00 9.873425e-16
      vertex   -2.594321e+02 6.716636e+00 -4.937736e-16
    endloop
  endfacet
  facet normal -8.715574e-02 -9.961947e-01 -1.487699e-16
    outer loop
      vertex   -2.598478e+02 3.486230e+00 4.440892e-15
      vertex   -2.648288e+02 3.922008e+00 5.000000e+01
      vertex   -2.618402e+02 3.660541e+00 4.440892e-15
    endloop
  endfacet
  facet normal -8.715574e-02 -9.961947e-01 1.176836e-16
    outer loop
      vertex   -2.618402e+02 3.660541e+00 4.440892e-15
      vertex   -2.648288e+02 3.922008e+00 5.000000e+01
      vertex   -2.668212e+02 4.096320e+00 5.000000e+01
    endloop
  endfacet
  facet normal 2.079117e-01 9.781476e-01 -2.664535e-17
    outer loop
      vertex   -2.591259e+02 8.316468e+00 0.000000e+00
      vertex   -2.610822e+02 8.732291e+00 0.000000e+00
      vertex   -2.640166e+02 9.356026e+00 5.000000e+01
    endloop
  endfacet
  facet normal 2.079117e-01 9.781476e-01 7.993606e-17
    outer loop
      vertex   -2.640166e+02 9.356026e+00 5.000000e+01
      vertex   -2.610822e+02 8.732291e+00 0.000000e+00
      vertex   -2.659729e+02 9.771849e+00 5.000000e+01
    endloop
  endfacet
  facet normal 9.701825e-01 -2.210137e-01 9.949330e-02
    outer loop
      vertex   -2.659729e+02 9.771849e+00 5.000000e+01
      vertex   -2.610822e+02 8.732291e+00 0.000000e+00
      vertex   -2.656693e+02 1.110483e+01 5.000000e+01
    endloop
  endfacet
  facet normal 9.676136e-01 -2.318821e-01 9.977333e-02
    outer loop
      vertex   -2.656693e+02 1.110483e+01 5.000000e+01
      vertex   -2.610822e+02 8.732291e+00 0.000000e+00
      vertex   -2.630826e+02 1.114191e+01 2.500000e+01
    endloop
  endfacet
  facet normal 9.633619e-01 -2.491423e-01 9.930782e-02
    outer loop
      vertex   -2.656693e+02 1.110483e+01 5.000000e+01
      vertex   -2.630826e+02 1.114191e+01 2.500000e+01
      vertex   -2.653270e+02 1.242841e+01 5.000000e+01
    endloop
  endfacet
  facet normal 9.556367e-01 -2.770353e-01 1.000496e-01
    outer loop
      vertex   -2.653270e+02 1.242841e+01 5.000000e+01
      vertex   -2.630826e+02 1.114191e+01 2.500000e+01
      vertex   -2.649463e+02 1.374147e+01 5.000000e+01
    endloop
  endfacet
  facet normal 9.586026e-01 -2.669026e-01 9.921713e-02
    outer loop
      vertex   -2.649463e+02 1.374147e+01 5.000000e+01
      vertex   -2.630826e+02 1.114191e+01 2.500000e+01
      vertex   -2.605050e+02 1.110623e+01 0.000000e+00
    endloop
  endfacet
  facet normal 9.556903e-01 -2.770509e-01 9.949330e-02
    outer loop
      vertex   -2.649463e+02 1.374147e+01 5.000000e+01
      vertex   -2.605050e+02 1.110623e+01 0.000000e+00
      vertex   -2.601648e+02 1.227961e+01 4.440892e-15
    endloop
  endfacet
  facet normal 9.702366e-01 -2.210260e-01 9.893686e-02
    outer loop
      vertex   -2.610822e+02 8.732291e+00 0.000000e+00
      vertex   -2.608108e+02 9.923461e+00 0.000000e+00
      vertex   -2.630826e+02 1.114191e+01 2.500000e+01
    endloop
  endfacet
  facet normal 9.633259e-01 -2.491330e-01 9.967877e-02
    outer loop
      vertex   -2.630826e+02 1.114191e+01 2.500000e+01
      vertex   -2.608108e+02 9.923461e+00 0.000000e+00
      vertex   -2.605050e+02 1.110623e+01 0.000000e+00
    endloop
  endfacet
  facet normal 9.170655e-01 -3.861268e-01 9.948330e-02
    outer loop
      vertex   -2.565418e+02 1.626947e+01 0.000000e+00
      vertex   -2.611095e+02 1.830315e+01 5.000000e+01
      vertex   -2.571739e+02 1.476825e+01 -4.937736e-16
    endloop
  endfacet
  facet normal 9.170655e-01 -3.861268e-01 9.948330e-02
    outer loop
      vertex   -2.571739e+02 1.476825e+01 -4.937736e-16
      vertex   -2.611095e+02 1.830315e+01 5.000000e+01
      vertex   -2.618206e+02 1.661428e+01 5.000000e+01
    endloop
  endfacet
  facet normal 9.320256e-01 -3.484701e-01 9.948330e-02
    outer loop
      vertex   -2.571739e+02 1.476825e+01 -4.937736e-16
      vertex   -2.618206e+02 1.661428e+01 5.000000e+01
      vertex   -2.624624e+02 1.489785e+01 5.000000e+01
    endloop
  endfacet
  facet normal 9.454401e-01 -3.102355e-01 9.948330e-02
    outer loop
      vertex   -2.630337e+02 1.315673e+01 5.000000e+01
      vertex   -2.582522e+02 1.169487e+01 4.440892e-15
      vertex   -2.624624e+02 1.489785e+01 5.000000e+01
    endloop
  endfacet
  facet normal 9.454401e-01 -3.102355e-01 9.948330e-02
    outer loop
      vertex   -2.624624e+02 1.489785e+01 5.000000e+01
      vertex   -2.582522e+02 1.169487e+01 4.440892e-15
      vertex   -2.577443e+02 1.324254e+01 9.873425e-16
    endloop
  endfacet
  facet normal 9.320256e-01 -3.484701e-01 9.948330e-02
    outer loop
      vertex   -2.624624e+02 1.489785e+01 5.000000e+01
      vertex   -2.577443e+02 1.324254e+01 9.873425e-16
      vertex   -2.571739e+02 1.476825e+01 -4.937736e-16
    endloop
  endfacet
  facet normal -2.923717e-01 -9.563048e-01 2.620126e-16
    outer loop
      vertex   -2.582522e+02 1.169487e+01 4.440892e-15
      vertex   -2.630337e+02 1.315673e+01 5.000000e+01
      vertex   -2.601648e+02 1.227961e+01 4.440892e-15
    endloop
  endfacet
  facet normal -2.923717e-01 -9.563048e-01 1.776357e-17
    outer loop
      vertex   -2.601648e+02 1.227961e+01 4.440892e-15
      vertex   -2.630337e+02 1.315673e+01 5.000000e+01
      vertex   -2.649463e+02 1.374147e+01 5.000000e+01
    endloop
  endfacet
  facet normal 4.067366e-01 9.135455e-01 4.973799e-16
    outer loop
      vertex   -2.565418e+02 1.626947e+01 0.000000e+00
      vertex   -2.583689e+02 1.708294e+01 0.000000e+00
      vertex   -2.611095e+02 1.830315e+01 5.000000e+01
    endloop
  endfacet
  facet normal 4.067366e-01 9.135455e-01 4.973799e-16
    outer loop
      vertex   -2.611095e+02 1.830315e+01 5.000000e+01
      vertex   -2.583689e+02 1.708294e+01 0.000000e+00
      vertex   -2.629366e+02 1.911662e+01 5.000000e+01
    endloop
  endfacet
  facet normal 9.030303e-01 -4.178963e-01 9.949330e-02
    outer loop
      vertex   -2.629366e+02 1.911662e+01 5.000000e+01
      vertex   -2.583689e+02 1.708294e+01 0.000000e+00
      vertex   -2.623625e+02 2.035733e+01 5.000000e+01
    endloop
  endfacet
  facet normal 8.982579e-01 -4.279931e-01 9.977333e-02
    outer loop
      vertex   -2.623625e+02 2.035733e+01 5.000000e+01
      vertex   -2.583689e+02 1.708294e+01 0.000000e+00
      vertex   -2.598246e+02 1.985580e+01 2.500000e+01
    endloop
  endfacet
  facet normal 8.905105e-01 -4.439922e-01 9.930782e-02
    outer loop
      vertex   -2.623625e+02 2.035733e+01 5.000000e+01
      vertex   -2.598246e+02 1.985580e+01 2.500000e+01
      vertex   -2.617525e+02 2.158082e+01 5.000000e+01
    endloop
  endfacet
  facet normal 8.771549e-01 -4.696695e-01 1.000496e-01
    outer loop
      vertex   -2.617525e+02 2.158082e+01 5.000000e+01
      vertex   -2.598246e+02 1.985580e+01 2.500000e+01
      vertex   -2.611071e+02 2.278605e+01 5.000000e+01
    endloop
  endfacet
  facet normal 8.821627e-01 -4.603748e-01 9.921713e-02
    outer loop
      vertex   -2.611071e+02 2.278605e+01 5.000000e+01
      vertex   -2.598246e+02 1.985580e+01 2.500000e+01
      vertex   -2.573107e+02 1.928499e+01 0.000000e+00
    endloop
  endfacet
  facet normal 8.772040e-01 -4.696958e-01 9.949330e-02
    outer loop
      vertex   -2.611071e+02 2.278605e+01 5.000000e+01
      vertex   -2.573107e+02 1.928499e+01 0.000000e+00
      vertex   -2.567340e+02 2.036200e+01 4.440892e-15
    endloop
  endfacet
  facet normal 9.030807e-01 -4.179196e-01 9.893686e-02
    outer loop
      vertex   -2.583689e+02 1.708294e+01 0.000000e+00
      vertex   -2.578558e+02 1.819166e+01 0.000000e+00
      vertex   -2.598246e+02 1.985580e+01 2.500000e+01
    endloop
  endfacet
  facet normal 8.904773e-01 -4.439756e-01 9.967877e-02
    outer loop
      vertex   -2.598246e+02 1.985580e+01 2.500000e+01
      vertex   -2.578558e+02 1.819166e+01 0.000000e+00
      vertex   -2.573107e+02 1.928499e+01 0.000000e+00
    endloop
  endfacet
  facet normal 8.167452e-01 -5.683576e-01 9.948330e-02
    outer loop
      vertex   -2.523607e+02 2.351141e+01 0.000000e+00
      vertex   -2.564058e+02 2.645034e+01 5.000000e+01
      vertex   -2.532911e+02 2.217441e+01 -4.937736e-16
    endloop
  endfacet
  facet normal 8.167452e-01 -5.683576e-01 9.948330e-02
    outer loop
      vertex   -2.532911e+02 2.217441e+01 -4.937736e-16
      vertex   -2.564058e+02 2.645034e+01 5.000000e+01
      vertex   -2.574525e+02 2.494621e+01 5.000000e+01
    endloop
  endfacet
  facet normal 8.392076e-01 -5.346342e-01 9.948330e-02
    outer loop
      vertex   -2.532911e+02 2.217441e+01 -4.937736e-16
      vertex   -2.574525e+02 2.494621e+01 5.000000e+01
      vertex   -2.584370e+02 2.340073e+01 5.000000e+01
    endloop
  endfacet
  facet normal 8.602784e-01 -5.000242e-01 9.948330e-02
    outer loop
      vertex   -2.593579e+02 2.181643e+01 5.000000e+01
      vertex   -2.549848e+02 1.939238e+01 4.440892e-15
      vertex   -2.584370e+02 2.340073e+01 5.000000e+01
    endloop
  endfacet
  facet normal 8.602784e-01 -5.000242e-01 9.948330e-02
    outer loop
      vertex   -2.584370e+02 2.340073e+01 5.000000e+01
      vertex   -2.549848e+02 1.939238e+01 4.440892e-15
      vertex   -2.541663e+02 2.080065e+01 9.873425e-16
    endloop
  endfacet
  facet normal 8.392076e-01 -5.346342e-01 9.948330e-02
    outer loop
      vertex   -2.584370e+02 2.340073e+01 5.000000e+01
      vertex   -2.541663e+02 2.080065e+01 9.873425e-16
      vertex   -2.532911e+02 2.217441e+01 -4.937736e-16
    endloop
  endfacet
  facet normal -4.848096e-01 -8.746197e-01 8.615331e-16
    outer loop
      vertex   -2.549848e+02 1.939238e+01 4.440892e-15
      vertex   -2.593579e+02 2.181643e+01 5.000000e+01
      vertex   -2.567340e+02 2.036200e+01 4.440892e-15
    endloop
  endfacet
  facet normal -4.848096e-01 -8.746197e-01 1.323386e-15
    outer loop
      vertex   -2.567340e+02 2.036200e+01 4.440892e-15
      vertex   -2.593579e+02 2.181643e+01 5.000000e+01
      vertex   -2.611071e+02 2.278605e+01 5.000000e+01
    endloop
  endfacet
  facet normal 5.877853e-01 8.090170e-01 3.819167e-16
    outer loop
      vertex   -2.523607e+02 2.351141e+01 0.000000e+00
      vertex   -2.539787e+02 2.468698e+01 0.000000e+00
      vertex   -2.564058e+02 2.645034e+01 5.000000e+01
    endloop
  endfacet
  facet normal 5.877853e-01 8.090170e-01 -6.217249e-16
    outer loop
      vertex   -2.564058e+02 2.645034e+01 5.000000e+01
      vertex   -2.539787e+02 2.468698e+01 0.000000e+00
      vertex   -2.580238e+02 2.762591e+01 5.000000e+01
    endloop
  endfacet
  facet normal 7.964114e-01 -5.965148e-01 9.949330e-02
    outer loop
      vertex   -2.580238e+02 2.762591e+01 5.000000e+01
      vertex   -2.539787e+02 2.468698e+01 0.000000e+00
      vertex   -2.572042e+02 2.872013e+01 5.000000e+01
    endloop
  endfacet
  facet normal 7.896440e-01 -6.053987e-01 9.977333e-02
    outer loop
      vertex   -2.572042e+02 2.872013e+01 5.000000e+01
      vertex   -2.539787e+02 2.468698e+01 0.000000e+00
      vertex   -2.548261e+02 2.770190e+01 2.500000e+01
    endloop
  endfacet
  facet normal 7.787395e-01 -6.194374e-01 9.930782e-02
    outer loop
      vertex   -2.572042e+02 2.872013e+01 5.000000e+01
      vertex   -2.548261e+02 2.770190e+01 2.500000e+01
      vertex   -2.563532e+02 2.979006e+01 5.000000e+01
    endloop
  endfacet
  facet normal 7.603371e-01 -6.417768e-01 1.000496e-01
    outer loop
      vertex   -2.563532e+02 2.979006e+01 5.000000e+01
      vertex   -2.548261e+02 2.770190e+01 2.500000e+01
      vertex   -2.554714e+02 3.083477e+01 5.000000e+01
    endloop
  endfacet
  facet normal 7.671680e-01 -6.337265e-01 9.921713e-02
    outer loop
      vertex   -2.554714e+02 3.083477e+01 5.000000e+01
      vertex   -2.548261e+02 2.770190e+01 2.500000e+01
      vertex   -2.524858e+02 2.662090e+01 0.000000e+00
    endloop
  endfacet
  facet normal 7.603798e-01 -6.418128e-01 9.949330e-02
    outer loop
      vertex   -2.554714e+02 3.083477e+01 5.000000e+01
      vertex   -2.524858e+02 2.662090e+01 0.000000e+00
      vertex   -2.516978e+02 2.755448e+01 4.440892e-15
    endloop
  endfacet
  facet normal 7.964558e-01 -5.965481e-01 9.893686e-02
    outer loop
      vertex   -2.539787e+02 2.468698e+01 0.000000e+00
      vertex   -2.532463e+02 2.566480e+01 0.000000e+00
      vertex   -2.548261e+02 2.770190e+01 2.500000e+01
    endloop
  endfacet
  facet normal 7.787105e-01 -6.194143e-01 9.967877e-02
    outer loop
      vertex   -2.548261e+02 2.770190e+01 2.500000e+01
      vertex   -2.532463e+02 2.566480e+01 0.000000e+00
      vertex   -2.524858e+02 2.662090e+01 0.000000e+00
    endloop
  endfacet
  facet normal 6.807291e-01 -7.257485e-01 9.948330e-02
    outer loop
      vertex   -2.467652e+02 2.972579e+01 0.000000e+00
      vertex   -2.501109e+02 3.344152e+01 5.000000e+01
      vertex   -2.479533e+02 2.861145e+01 -4.937736e-16
    endloop
  endfacet
  facet normal 6.807291e-01 -7.257485e-01 9.948330e-02
    outer loop
      vertex   -2.479533e+02 2.861145e+01 -4.937736e-16
      vertex   -2.501109e+02 3.344152e+01 5.000000e+01
      vertex   -2.514474e+02 3.218788e+01 5.000000e+01
    endloop
  endfacet
  facet normal 7.097122e-01 -6.974322e-01 9.948330e-02
    outer loop
      vertex   -2.479533e+02 2.861145e+01 -4.937736e-16
      vertex   -2.514474e+02 3.218788e+01 5.000000e+01
      vertex   -2.527318e+02 3.088087e+01 5.000000e+01
    endloop
  endfacet
  facet normal 7.375184e-01 -6.679594e-01 9.948330e-02
    outer loop
      vertex   -2.539619e+02 2.952266e+01 5.000000e+01
      vertex   -2.501884e+02 2.624236e+01 4.440892e-15
      vertex   -2.527318e+02 3.088087e+01 5.000000e+01
    endloop
  endfacet
  facet normal 7.375184e-01 -6.679594e-01 9.948330e-02
    outer loop
      vertex   -2.527318e+02 3.088087e+01 5.000000e+01
      vertex   -2.501884e+02 2.624236e+01 4.440892e-15
      vertex   -2.490949e+02 2.744967e+01 9.873425e-16
    endloop
  endfacet
  facet normal 7.097122e-01 -6.974322e-01 9.948330e-02
    outer loop
      vertex   -2.527318e+02 3.088087e+01 5.000000e+01
      vertex   -2.490949e+02 2.744967e+01 9.873425e-16
      vertex   -2.479533e+02 2.861145e+01 -4.937736e-16
    endloop
  endfacet
  facet normal -6.560590e-01 -7.547096e-01 -1.243450e-16
    outer loop
      vertex   -2.501884e+02 2.624236e+01 4.440892e-15
      vertex   -2.539619e+02 2.952266e+01 5.000000e+01
      vertex   -2.516978e+02 2.755448e+01 4.440892e-15
    endloop
  endfacet
  facet normal -6.560590e-01 -7.547096e-01 3.552714e-17
    outer loop
      vertex   -2.516978e+02 2.755448e+01 4.440892e-15
      vertex   -2.539619e+02 2.952266e+01 5.000000e+01
      vertex   -2.554714e+02 3.083477e+01 5.000000e+01
    endloop
  endfacet
  facet normal 7.431448e-01 6.691306e-01 -1.412204e-15
    outer loop
      vertex   -2.467652e+02 2.972579e+01 0.000000e+00
      vertex   -2.481035e+02 3.121208e+01 0.000000e+00
      vertex   -2.501109e+02 3.344152e+01 5.000000e+01
    endloop
  endfacet
  facet normal 7.431448e-01 6.691306e-01 4.174439e-16
    outer loop
      vertex   -2.501109e+02 3.344152e+01 5.000000e+01
      vertex   -2.481035e+02 3.121208e+01 0.000000e+00
      vertex   -2.514491e+02 3.492781e+01 5.000000e+01
    endloop
  endfacet
  facet normal 6.549855e-01 -7.490628e-01 9.949330e-02
    outer loop
      vertex   -2.514491e+02 3.492781e+01 5.000000e+01
      vertex   -2.481035e+02 3.121208e+01 0.000000e+00
      vertex   -2.504200e+02 3.582772e+01 5.000000e+01
    endloop
  endfacet
  facet normal 6.465189e-01 -7.563455e-01 9.977333e-02
    outer loop
      vertex   -2.504200e+02 3.582772e+01 5.000000e+01
      vertex   -2.481035e+02 3.121208e+01 0.000000e+00
      vertex   -2.483055e+02 3.433729e+01 2.500000e+01
    endloop
  endfacet
  facet normal 6.329339e-01 -7.678103e-01 9.930782e-02
    outer loop
      vertex   -2.504200e+02 3.582772e+01 5.000000e+01
      vertex   -2.483055e+02 3.433729e+01 2.500000e+01
      vertex   -2.493651e+02 3.669732e+01 5.000000e+01
    endloop
  endfacet
  facet normal 6.102890e-01 -7.858354e-01 1.000496e-01
    outer loop
      vertex   -2.493651e+02 3.669732e+01 5.000000e+01
      vertex   -2.483055e+02 3.433729e+01 2.500000e+01
      vertex   -2.482853e+02 3.753587e+01 5.000000e+01
    endloop
  endfacet
  facet normal 6.186444e-01 -7.793812e-01 9.921713e-02
    outer loop
      vertex   -2.482853e+02 3.753587e+01 5.000000e+01
      vertex   -2.483055e+02 3.433729e+01 2.500000e+01
      vertex   -2.462411e+02 3.279335e+01 0.000000e+00
    endloop
  endfacet
  facet normal 6.103233e-01 -7.858795e-01 9.949330e-02
    outer loop
      vertex   -2.482853e+02 3.753587e+01 5.000000e+01
      vertex   -2.462411e+02 3.279335e+01 0.000000e+00
      vertex   -2.452762e+02 3.354269e+01 4.440892e-15
    endloop
  endfacet
  facet normal 6.550220e-01 -7.491045e-01 9.893686e-02
    outer loop
      vertex   -2.481035e+02 3.121208e+01 0.000000e+00
      vertex   -2.471838e+02 3.201626e+01 0.000000e+00
      vertex   -2.483055e+02 3.433729e+01 2.500000e+01
    endloop
  endfacet
  facet normal 6.329103e-01 -7.677816e-01 9.967877e-02
    outer loop
      vertex   -2.483055e+02 3.433729e+01 2.500000e+01
      vertex   -2.471838e+02 3.201626e+01 0.000000e+00
      vertex   -2.462411e+02 3.279335e+01 0.000000e+00
    endloop
  endfacet
  facet normal 5.149619e-01 -8.514207e-01 9.948330e-02
    outer loop
      vertex   -2.400000e+02 3.464102e+01 0.000000e+00
      vertex   -2.425000e+02 3.897114e+01 5.000000e+01
      vertex   -2.413938e+02 3.379803e+01 -4.937736e-16
    endloop
  endfacet
  facet normal 5.149619e-01 -8.514207e-01 9.948330e-02
    outer loop
      vertex   -2.413938e+02 3.379803e+01 -4.937736e-16
      vertex   -2.425000e+02 3.897114e+01 5.000000e+01
      vertex   -2.440680e+02 3.802279e+01 5.000000e+01
    endloop
  endfacet
  facet normal 5.491990e-01 -8.297491e-01 9.948330e-02
    outer loop
      vertex   -2.413938e+02 3.379803e+01 -4.937736e-16
      vertex   -2.440680e+02 3.802279e+01 5.000000e+01
      vertex   -2.455961e+02 3.701138e+01 5.000000e+01
    endloop
  endfacet
  facet normal 5.825253e-01 -8.067016e-01 9.948330e-02
    outer loop
      vertex   -2.470817e+02 3.593860e+01 5.000000e+01
      vertex   -2.440726e+02 3.194542e+01 4.440892e-15
      vertex   -2.455961e+02 3.701138e+01 5.000000e+01
    endloop
  endfacet
  facet normal 5.825253e-01 -8.067016e-01 9.948330e-02
    outer loop
      vertex   -2.455961e+02 3.701138e+01 5.000000e+01
      vertex   -2.440726e+02 3.194542e+01 4.440892e-15
      vertex   -2.427520e+02 3.289900e+01 9.873425e-16
    endloop
  endfacet
  facet normal 5.491990e-01 -8.297491e-01 9.948330e-02
    outer loop
      vertex   -2.455961e+02 3.701138e+01 5.000000e+01
      vertex   -2.427520e+02 3.289900e+01 9.873425e-16
      vertex   -2.413938e+02 3.379803e+01 -4.937736e-16
    endloop
  endfacet
  facet normal -7.986355e-01 -6.018150e-01 -4.796163e-16
    outer loop
      vertex   -2.440726e+02 3.194542e+01 4.440892e-15
      vertex   -2.470817e+02 3.593860e+01 5.000000e+01
      vertex   -2.452762e+02 3.354269e+01 4.440892e-15
    endloop
  endfacet
  facet normal -7.986355e-01 -6.018150e-01 4.973799e-16
    outer loop
      vertex   -2.452762e+02 3.354269e+01 4.440892e-15
      vertex   -2.470817e+02 3.593860e+01 5.000000e+01
      vertex   -2.482853e+02 3.753587e+01 5.000000e+01
    endloop
  endfacet
  facet normal 8.660254e-01 5.000000e-01 1.412204e-15
    outer loop
      vertex   -2.400000e+02 3.464102e+01 0.000000e+00
      vertex   -2.410000e+02 3.637307e+01 0.000000e+00
      vertex   -2.425000e+02 3.897114e+01 5.000000e+01
    endloop
  endfacet
  facet normal 8.660254e-01 5.000000e-01 1.088019e-15
    outer loop
      vertex   -2.425000e+02 3.897114e+01 5.000000e+01
      vertex   -2.410000e+02 3.637307e+01 0.000000e+00
      vertex   -2.435000e+02 4.070319e+01 5.000000e+01
    endloop
  endfacet
  facet normal 4.849336e-01 -8.688731e-01 9.949330e-02
    outer loop
      vertex   -2.435000e+02 4.070319e+01 5.000000e+01
      vertex   -2.410000e+02 3.637307e+01 0.000000e+00
      vertex   -2.423062e+02 4.136947e+01 5.000000e+01
    endloop
  endfacet
  facet normal 4.751379e-01 -8.742364e-01 9.977333e-02
    outer loop
      vertex   -2.423062e+02 4.136947e+01 5.000000e+01
      vertex   -2.410000e+02 3.637307e+01 0.000000e+00
      vertex   -2.405478e+02 3.947198e+01 2.500000e+01
    endloop
  endfacet
  facet normal 4.594661e-01 -8.826261e-01 9.930782e-02
    outer loop
      vertex   -2.423062e+02 4.136947e+01 5.000000e+01
      vertex   -2.405478e+02 3.947198e+01 2.500000e+01
      vertex   -2.410936e+02 4.200073e+01 5.000000e+01
    endloop
  endfacet
  facet normal 4.335684e-01 -8.955493e-01 1.000496e-01
    outer loop
      vertex   -2.410936e+02 4.200073e+01 5.000000e+01
      vertex   -2.405478e+02 3.947198e+01 2.500000e+01
      vertex   -2.398631e+02 4.259647e+01 5.000000e+01
    endloop
  endfacet
  facet normal 4.430831e-01 -8.909733e-01 9.921713e-02
    outer loop
      vertex   -2.398631e+02 4.259647e+01 5.000000e+01
      vertex   -2.405478e+02 3.947198e+01 2.500000e+01
      vertex   -2.388496e+02 3.753257e+01 0.000000e+00
    endloop
  endfacet
  facet normal 4.335927e-01 -8.955995e-01 9.949330e-02
    outer loop
      vertex   -2.398631e+02 4.259647e+01 5.000000e+01
      vertex   -2.388496e+02 3.753257e+01 0.000000e+00
      vertex   -2.377500e+02 3.806493e+01 4.440892e-15
    endloop
  endfacet
  facet normal 4.849606e-01 -8.689216e-01 9.893686e-02
    outer loop
      vertex   -2.410000e+02 3.637307e+01 0.000000e+00
      vertex   -2.399332e+02 3.696846e+01 0.000000e+00
      vertex   -2.405478e+02 3.947198e+01 2.500000e+01
    endloop
  endfacet
  facet normal 4.594490e-01 -8.825932e-01 9.967877e-02
    outer loop
      vertex   -2.405478e+02 3.947198e+01 2.500000e+01
      vertex   -2.399332e+02 3.696846e+01 0.000000e+00
      vertex   -2.388496e+02 3.753257e+01 0.000000e+00
    endloop
  endfacet
  facet normal 3.266885e-01 -9.398818e-01 9.948330e-02
    outer loop
      vertex   -2.323607e+02 3.804226e+01 0.000000e+00
      vertex   -2.339058e+02 4.279754e+01 5.000000e+01
      vertex   -2.338992e+02 3.750748e+01 -4.937736e-16
    endloop
  endfacet
  facet normal 3.266885e-01 -9.398818e-01 9.948330e-02
    outer loop
      vertex   -2.338992e+02 3.750748e+01 -4.937736e-16
      vertex   -2.339058e+02 4.279754e+01 5.000000e+01
      vertex   -2.356367e+02 4.219591e+01 5.000000e+01
    endloop
  endfacet
  facet normal 3.646831e-01 -9.258020e-01 9.948330e-02
    outer loop
      vertex   -2.338992e+02 3.750748e+01 -4.937736e-16
      vertex   -2.356367e+02 4.219591e+01 5.000000e+01
      vertex   -2.373416e+02 4.152431e+01 5.000000e+01
    endloop
  endfacet
  facet normal 4.020730e-01 -9.101870e-01 9.948330e-02
    outer loop
      vertex   -2.390178e+02 4.078385e+01 5.000000e+01
      vertex   -2.369047e+02 3.625231e+01 4.440892e-15
      vertex   -2.373416e+02 4.152431e+01 5.000000e+01
    endloop
  endfacet
  facet normal 4.020730e-01 -9.101870e-01 9.948330e-02
    outer loop
      vertex   -2.373416e+02 4.152431e+01 5.000000e+01
      vertex   -2.369047e+02 3.625231e+01 4.440892e-15
      vertex   -2.354148e+02 3.691050e+01 9.873425e-16
    endloop
  endfacet
  facet normal 3.646831e-01 -9.258020e-01 9.948330e-02
    outer loop
      vertex   -2.373416e+02 4.152431e+01 5.000000e+01
      vertex   -2.354148e+02 3.691050e+01 9.873425e-16
      vertex   -2.338992e+02 3.750748e+01 -4.937736e-16
    endloop
  endfacet
  facet normal -9.063078e-01 -4.226183e-01 -5.773160e-16
    outer loop
      vertex   -2.369047e+02 3.625231e+01 4.440892e-15
      vertex   -2.390178e+02 4.078385e+01 5.000000e+01
      vertex   -2.377500e+02 3.806493e+01 4.440892e-15
    endloop
  endfacet
  facet normal -9.063078e-01 -4.226183e-01 -5.773160e-16
    outer loop
      vertex   -2.377500e+02 3.806493e+01 4.440892e-15
      vertex   -2.390178e+02 4.078385e+01 5.000000e+01
      vertex   -2.398631e+02 4.259647e+01 5.000000e+01
    endloop
  endfacet
  facet normal 9.510565e-01 3.090170e-01 -6.528111e-16
    outer loop
      vertex   -2.323607e+02 3.804226e+01 0.000000e+00
      vertex   -2.329787e+02 3.994437e+01 0.000000e+00
      vertex   -2.339058e+02 4.279754e+01 5.000000e+01
    endloop
  endfacet
  facet normal 9.510565e-01 3.090170e-01 1.598721e-16
    outer loop
      vertex   -2.339058e+02 4.279754e+01 5.000000e+01
      vertex   -2.329787e+02 3.994437e+01 0.000000e+00
      vertex   -2.345238e+02 4.469966e+01 5.000000e+01
    endloop
  endfacet
  facet normal 2.936878e-01 -9.507095e-01 9.949330e-02
    outer loop
      vertex   -2.345238e+02 4.469966e+01 5.000000e+01
      vertex   -2.329787e+02 3.994437e+01 0.000000e+00
      vertex   -2.332176e+02 4.510317e+01 5.000000e+01
    endloop
  endfacet
  facet normal 2.829910e-01 -9.539190e-01 9.977333e-02
    outer loop
      vertex   -2.332176e+02 4.510317e+01 5.000000e+01
      vertex   -2.329787e+02 3.994437e+01 0.000000e+00
      vertex   -2.318921e+02 4.288156e+01 2.500000e+01
    endloop
  endfacet
  facet normal 2.659174e-01 -9.588670e-01 9.930782e-02
    outer loop
      vertex   -2.332176e+02 4.510317e+01 5.000000e+01
      vertex   -2.318921e+02 4.288156e+01 2.500000e+01
      vertex   -2.319002e+02 4.546852e+01 5.000000e+01
    endloop
  endfacet
  facet normal 2.378987e-01 -9.661233e-01 1.000496e-01
    outer loop
      vertex   -2.319002e+02 4.546852e+01 5.000000e+01
      vertex   -2.318921e+02 4.288156e+01 2.500000e+01
      vertex   -2.305727e+02 4.579539e+01 5.000000e+01
    endloop
  endfacet
  facet normal 2.481569e-01 -9.636255e-01 9.921713e-02
    outer loop
      vertex   -2.305727e+02 4.579539e+01 5.000000e+01
      vertex   -2.318921e+02 4.288156e+01 2.500000e+01
      vertex   -2.306342e+02 4.063144e+01 0.000000e+00
    endloop
  endfacet
  facet normal 2.379120e-01 -9.661775e-01 9.949330e-02
    outer loop
      vertex   -2.305727e+02 4.579539e+01 5.000000e+01
      vertex   -2.306342e+02 4.063144e+01 0.000000e+00
      vertex   -2.294479e+02 4.092354e+01 4.440892e-15
    endloop
  endfacet
  facet normal 2.937041e-01 -9.507625e-01 9.893686e-02
    outer loop
      vertex   -2.329787e+02 3.994437e+01 0.000000e+00
      vertex   -2.318115e+02 4.030496e+01 0.000000e+00
      vertex   -2.318921e+02 4.288156e+01 2.500000e+01
    endloop
  endfacet
  facet normal 2.659074e-01 -9.588313e-01 9.967877e-02
    outer loop
      vertex   -2.318921e+02 4.288156e+01 2.500000e+01
      vertex   -2.318115e+02 4.030496e+01 0.000000e+00
      vertex   -2.306342e+02 4.063144e+01 0.000000e+00
    endloop
  endfacet
  facet normal 1.241371e-01 -9.872654e-01 9.948330e-02
    outer loop
      vertex   -2.241811e+02 3.978088e+01 0.000000e+00
      vertex   -2.247038e+02 4.475349e+01 5.000000e+01
      vertex   -2.257973e+02 3.957767e+01 -4.937736e-16
    endloop
  endfacet
  facet normal 1.241371e-01 -9.872654e-01 9.948330e-02
    outer loop
      vertex   -2.257973e+02 3.957767e+01 -4.937736e-16
      vertex   -2.247038e+02 4.475349e+01 5.000000e+01
      vertex   -2.265219e+02 4.452487e+01 5.000000e+01
    endloop
  endfacet
  facet normal 1.642288e-01 -9.813929e-01 9.948330e-02
    outer loop
      vertex   -2.257973e+02 3.957767e+01 -4.937736e-16
      vertex   -2.265219e+02 4.452487e+01 5.000000e+01
      vertex   -2.283293e+02 4.422243e+01 5.000000e+01
    endloop
  endfacet
  facet normal 2.040482e-01 -9.738929e-01 9.948330e-02
    outer loop
      vertex   -2.301228e+02 4.384665e+01 5.000000e+01
      vertex   -2.289980e+02 3.897480e+01 4.440892e-15
      vertex   -2.283293e+02 4.422243e+01 5.000000e+01
    endloop
  endfacet
  facet normal 2.040482e-01 -9.738929e-01 9.948330e-02
    outer loop
      vertex   -2.283293e+02 4.422243e+01 5.000000e+01
      vertex   -2.289980e+02 3.897480e+01 4.440892e-15
      vertex   -2.274038e+02 3.930883e+01 9.873425e-16
    endloop
  endfacet
  facet normal 1.642288e-01 -9.813929e-01 9.948330e-02
    outer loop
      vertex   -2.283293e+02 4.422243e+01 5.000000e+01
      vertex   -2.274038e+02 3.930883e+01 9.873425e-16
      vertex   -2.257973e+02 3.957767e+01 -4.937736e-16
    endloop
  endfacet
  facet normal -9.743701e-01 -2.249511e-01 -1.740830e-15
    outer loop
      vertex   -2.289980e+02 3.897480e+01 4.440892e-15
      vertex   -2.301228e+02 4.384665e+01 5.000000e+01
      vertex   -2.294479e+02 4.092354e+01 4.440892e-15
    endloop
  endfacet
  facet normal -9.743701e-01 -2.249511e-01 -9.103829e-16
    outer loop
      vertex   -2.294479e+02 4.092354e+01 4.440892e-15
      vertex   -2.301228e+02 4.384665e+01 5.000000e+01
      vertex   -2.305727e+02 4.579539e+01 5.000000e+01
    endloop
  endfacet
  facet normal 9.945219e-01 1.045285e-01 -7.327472e-17
    outer loop
      vertex   -2.241811e+02 3.978088e+01 0.000000e+00
      vertex   -2.243902e+02 4.176992e+01 0.000000e+00
      vertex   -2.247038e+02 4.475349e+01 5.000000e+01
    endloop
  endfacet
  facet normal 9.945219e-01 1.045285e-01 7.738254e-16
    outer loop
      vertex   -2.247038e+02 4.475349e+01 5.000000e+01
      vertex   -2.243902e+02 4.176992e+01 0.000000e+00
      vertex   -2.249128e+02 4.674253e+01 5.000000e+01
    endloop
  endfacet
  facet normal 8.960636e-02 -9.909954e-01 9.949330e-02
    outer loop
      vertex   -2.249128e+02 4.674253e+01 5.000000e+01
      vertex   -2.243902e+02 4.176992e+01 0.000000e+00
      vertex   -2.235513e+02 4.686564e+01 5.000000e+01
    endloop
  endfacet
  facet normal 7.847607e-02 -9.919107e-01 9.977333e-02
    outer loop
      vertex   -2.235513e+02 4.686564e+01 5.000000e+01
      vertex   -2.243902e+02 4.176992e+01 0.000000e+00
      vertex   -2.227167e+02 4.441700e+01 2.500000e+01
    endloop
  endfacet
  facet normal 6.074676e-02 -9.932008e-01 9.930782e-02
    outer loop
      vertex   -2.235513e+02 4.686564e+01 5.000000e+01
      vertex   -2.227167e+02 4.441700e+01 2.500000e+01
      vertex   -2.221867e+02 4.694910e+01 5.000000e+01
    endloop
  endfacet
  facet normal 3.183172e-02 -9.944731e-01 1.000496e-01
    outer loop
      vertex   -2.221867e+02 4.694910e+01 5.000000e+01
      vertex   -2.227167e+02 4.441700e+01 2.500000e+01
      vertex   -2.208203e+02 4.699284e+01 5.000000e+01
    endloop
  endfacet
  facet normal 4.238504e-02 -9.941627e-01 9.921713e-02
    outer loop
      vertex   -2.208203e+02 4.699284e+01 5.000000e+01
      vertex   -2.227167e+02 4.441700e+01 2.500000e+01
      vertex   -2.219541e+02 4.195452e+01 0.000000e+00
    endloop
  endfacet
  facet normal 3.183350e-02 -9.945289e-01 9.949330e-02
    outer loop
      vertex   -2.208203e+02 4.699284e+01 5.000000e+01
      vertex   -2.219541e+02 4.195452e+01 0.000000e+00
      vertex   -2.207330e+02 4.199360e+01 4.440892e-15
    endloop
  endfacet
  facet normal 8.961136e-02 -9.910506e-01 9.893686e-02
    outer loop
      vertex   -2.243902e+02 4.176992e+01 0.000000e+00
      vertex   -2.231735e+02 4.187994e+01 0.000000e+00
      vertex   -2.227167e+02 4.441700e+01 2.500000e+01
    endloop
  endfacet
  facet normal 6.074450e-02 -9.931638e-01 9.967877e-02
    outer loop
      vertex   -2.227167e+02 4.441700e+01 2.500000e+01
      vertex   -2.231735e+02 4.187994e+01 0.000000e+00
      vertex   -2.219541e+02 4.195452e+01 0.000000e+00
    endloop
  endfacet
  facet normal -8.383958e-02 -9.915009e-01 9.948330e-02
    outer loop
      vertex   -2.158189e+02 3.978088e+01 0.000000e+00
      vertex   -2.152962e+02 4.475349e+01 5.000000e+01
      vertex   -2.174419e+02 3.991812e+01 -4.937736e-16
    endloop
  endfacet
  facet normal -8.383958e-02 -9.915009e-01 9.948330e-02
    outer loop
      vertex   -2.174419e+02 3.991812e+01 -4.937736e-16
      vertex   -2.152962e+02 4.475349e+01 5.000000e+01
      vertex   -2.171222e+02 4.490788e+01 5.000000e+01
    endloop
  endfacet
  facet normal -4.340300e-02 -9.940922e-01 9.948330e-02
    outer loop
      vertex   -2.174419e+02 3.991812e+01 -4.937736e-16
      vertex   -2.171222e+02 4.490788e+01 5.000000e+01
      vertex   -2.189529e+02 4.498782e+01 5.000000e+01
    endloop
  endfacet
  facet normal -2.894448e-03 -9.950350e-01 9.948330e-02
    outer loop
      vertex   -2.207854e+02 4.499315e+01 5.000000e+01
      vertex   -2.206981e+02 3.999391e+01 4.440892e-15
      vertex   -2.189529e+02 4.498782e+01 5.000000e+01
    endloop
  endfacet
  facet normal -2.894448e-03 -9.950350e-01 9.948330e-02
    outer loop
      vertex   -2.189529e+02 4.498782e+01 5.000000e+01
      vertex   -2.206981e+02 3.999391e+01 4.440892e-15
      vertex   -2.190692e+02 3.998917e+01 9.873425e-16
    endloop
  endfacet
  facet normal -4.340300e-02 -9.940922e-01 9.948330e-02
    outer loop
      vertex   -2.189529e+02 4.498782e+01 5.000000e+01
      vertex   -2.190692e+02 3.998917e+01 9.873425e-16
      vertex   -2.174419e+02 3.991812e+01 -4.937736e-16
    endloop
  endfacet
  facet normal -9.998477e-01 -1.745241e-02 1.859624e-17
    outer loop
      vertex   -2.206981e+02 3.999391e+01 4.440892e-15
      vertex   -2.207854e+02 4.499315e+01 5.000000e+01
      vertex   -2.207330e+02 4.199360e+01 4.440892e-15
    endloop
  endfacet
  facet normal -9.998477e-01 -1.745241e-02 1.887379e-17
    outer loop
      vertex   -2.207330e+02 4.199360e+01 4.440892e-15
      vertex   -2.207854e+02 4.499315e+01 5.000000e+01
      vertex   -2.208203e+02 4.699284e+01 5.000000e+01
    endloop
  endfacet
  facet normal 9.945219e-01 -1.045285e-01 6.394885e-16
    outer loop
      vertex   -2.158189e+02 3.978088e+01 0.000000e+00
      vertex   -2.156098e+02 4.176992e+01 0.000000e+00
      vertex   -2.152962e+02 4.475349e+01 5.000000e+01
    endloop
  endfacet
  facet normal 9.945219e-01 -1.045285e-01 1.487699e-15
    outer loop
      vertex   -2.152962e+02 4.475349e+01 5.000000e+01
      vertex   -2.156098e+02 4.176992e+01 0.000000e+00
      vertex   -2.150872e+02 4.674253e+01 5.000000e+01
    endloop
  endfacet
  facet normal -1.183913e-01 -9.879699e-01 9.949330e-02
    outer loop
      vertex   -2.150872e+02 4.674253e+01 5.000000e+01
      vertex   -2.156098e+02 4.176992e+01 0.000000e+00
      vertex   -2.137297e+02 4.657987e+01 5.000000e+01
    endloop
  endfacet
  facet normal -1.294686e-01 -9.865511e-01 9.977333e-02
    outer loop
      vertex   -2.137297e+02 4.657987e+01 5.000000e+01
      vertex   -2.156098e+02 4.176992e+01 0.000000e+00
      vertex   -2.134225e+02 4.401121e+01 2.500000e+01
    endloop
  endfacet
  facet normal -1.470788e-01 -9.841269e-01 9.930782e-02
    outer loop
      vertex   -2.137297e+02 4.657987e+01 5.000000e+01
      vertex   -2.134225e+02 4.401121e+01 2.500000e+01
      vertex   -2.123776e+02 4.637779e+01 5.000000e+01
    endloop
  endfacet
  facet normal -1.756265e-01 -9.793597e-01 1.000496e-01
    outer loop
      vertex   -2.123776e+02 4.637779e+01 5.000000e+01
      vertex   -2.134225e+02 4.401121e+01 2.500000e+01
      vertex   -2.110320e+02 4.613648e+01 5.000000e+01
    endloop
  endfacet
  facet normal -1.652392e-01 -9.812502e-01 9.921713e-02
    outer loop
      vertex   -2.110320e+02 4.613648e+01 5.000000e+01
      vertex   -2.134225e+02 4.401121e+01 2.500000e+01
      vertex   -2.131885e+02 4.144398e+01 0.000000e+00
    endloop
  endfacet
  facet normal -1.756363e-01 -9.794146e-01 9.949330e-02
    outer loop
      vertex   -2.110320e+02 4.613648e+01 5.000000e+01
      vertex   -2.131885e+02 4.144398e+01 0.000000e+00
      vertex   -2.119860e+02 4.122834e+01 4.440892e-15
    endloop
  endfacet
  facet normal -1.183979e-01 -9.880250e-01 9.893686e-02
    outer loop
      vertex   -2.156098e+02 4.176992e+01 0.000000e+00
      vertex   -2.143968e+02 4.162456e+01 0.000000e+00
      vertex   -2.134225e+02 4.401121e+01 2.500000e+01
    endloop
  endfacet
  facet normal -1.470733e-01 -9.840902e-01 9.967877e-02
    outer loop
      vertex   -2.134225e+02 4.401121e+01 2.500000e+01
      vertex   -2.143968e+02 4.162456e+01 0.000000e+00
      vertex   -2.131885e+02 4.144398e+01 0.000000e+00
    endloop
  endfacet
  facet normal -2.881521e-01 -9.524030e-01 9.948330e-02
    outer loop
      vertex   -2.076393e+02 3.804226e+01 0.000000e+00
      vertex   -2.060942e+02 4.279754e+01 5.000000e+01
      vertex   -2.091984e+02 3.851396e+01 -4.937736e-16
    endloop
  endfacet
  facet normal -2.881521e-01 -9.524030e-01 9.948330e-02
    outer loop
      vertex   -2.091984e+02 3.851396e+01 -4.937736e-16
      vertex   -2.060942e+02 4.279754e+01 5.000000e+01
      vertex   -2.078482e+02 4.332821e+01 5.000000e+01
    endloop
  endfacet
  facet normal -2.491379e-01 -9.633449e-01 9.948330e-02
    outer loop
      vertex   -2.091984e+02 3.851396e+01 -4.937736e-16
      vertex   -2.078482e+02 4.332821e+01 5.000000e+01
      vertex   -2.096223e+02 4.378702e+01 5.000000e+01
    endloop
  endfacet
  facet normal -2.097106e-01 -9.726893e-01 9.948330e-02
    outer loop
      vertex   -2.114136e+02 4.417322e+01 5.000000e+01
      vertex   -2.123676e+02 3.926509e+01 4.440892e-15
      vertex   -2.096223e+02 4.378702e+01 5.000000e+01
    endloop
  endfacet
  facet normal -2.097106e-01 -9.726893e-01 9.948330e-02
    outer loop
      vertex   -2.096223e+02 4.378702e+01 5.000000e+01
      vertex   -2.123676e+02 3.926509e+01 4.440892e-15
      vertex   -2.107754e+02 3.892179e+01 9.873425e-16
    endloop
  endfacet
  facet normal -2.491379e-01 -9.633449e-01 9.948330e-02
    outer loop
      vertex   -2.096223e+02 4.378702e+01 5.000000e+01
      vertex   -2.107754e+02 3.892179e+01 9.873425e-16
      vertex   -2.091984e+02 3.851396e+01 -4.937736e-16
    endloop
  endfacet
  facet normal -9.816272e-01 1.908090e-01 -6.261658e-16
    outer loop
      vertex   -2.123676e+02 3.926509e+01 4.440892e-15
      vertex   -2.114136e+02 4.417322e+01 5.000000e+01
      vertex   -2.119860e+02 4.122834e+01 4.440892e-15
    endloop
  endfacet
  facet normal -9.816272e-01 1.908090e-01 2.087219e-16
    outer loop
      vertex   -2.119860e+02 4.122834e+01 4.440892e-15
      vertex   -2.114136e+02 4.417322e+01 5.000000e+01
      vertex   -2.110320e+02 4.613648e+01 5.000000e+01
    endloop
  endfacet
  facet normal 9.510565e-01 -3.090170e-01 6.528111e-16
    outer loop
      vertex   -2.076393e+02 3.804226e+01 0.000000e+00
      vertex   -2.070213e+02 3.994437e+01 0.000000e+00
      vertex   -2.060942e+02 4.279754e+01 5.000000e+01
    endloop
  endfacet
  facet normal 9.510565e-01 -3.090170e-01 -1.598721e-16
    outer loop
      vertex   -2.060942e+02 4.279754e+01 5.000000e+01
      vertex   -2.070213e+02 3.994437e+01 0.000000e+00
      vertex   -2.054762e+02 4.469966e+01 5.000000e+01
    endloop
  endfacet
  facet normal -3.212146e-01 -9.417655e-01 9.949330e-02
    outer loop
      vertex   -2.054762e+02 4.469966e+01 5.000000e+01
      vertex   -2.070213e+02 3.994437e+01 0.000000e+00
      vertex   -2.041823e+02 4.425833e+01 5.000000e+01
    endloop
  endfacet
  facet normal -3.317550e-01 -9.380746e-01 9.977333e-02
    outer loop
      vertex   -2.041823e+02 4.425833e+01 5.000000e+01
      vertex   -2.070213e+02 3.994437e+01 0.000000e+00
      vertex   -2.044158e+02 4.168191e+01 2.500000e+01
    endloop
  endfacet
  facet normal -3.484762e-01 -9.320420e-01 9.930782e-02
    outer loop
      vertex   -2.041823e+02 4.425833e+01 5.000000e+01
      vertex   -2.044158e+02 4.168191e+01 2.500000e+01
      vertex   -2.029017e+02 4.377955e+01 5.000000e+01
    endloop
  endfacet
  facet normal -3.754089e-01 -9.214435e-01 1.000496e-01
    outer loop
      vertex   -2.029017e+02 4.377955e+01 5.000000e+01
      vertex   -2.044158e+02 4.168191e+01 2.500000e+01
      vertex   -2.016356e+02 4.326373e+01 5.000000e+01
    endloop
  endfacet
  facet normal -3.656417e-01 -9.254524e-01 9.921713e-02
    outer loop
      vertex   -2.016356e+02 4.326373e+01 5.000000e+01
      vertex   -2.044158e+02 4.168191e+01 2.500000e+01
      vertex   -2.047207e+02 3.912215e+01 0.000000e+00
    endloop
  endfacet
  facet normal -3.754300e-01 -9.214952e-01 9.949330e-02
    outer loop
      vertex   -2.016356e+02 4.326373e+01 5.000000e+01
      vertex   -2.047207e+02 3.912215e+01 0.000000e+00
      vertex   -2.035893e+02 3.866120e+01 4.440892e-15
    endloop
  endfacet
  facet normal -3.212325e-01 -9.418180e-01 9.893686e-02
    outer loop
      vertex   -2.070213e+02 3.994437e+01 0.000000e+00
      vertex   -2.058650e+02 3.954999e+01 0.000000e+00
      vertex   -2.044158e+02 4.168191e+01 2.500000e+01
    endloop
  endfacet
  facet normal -3.484632e-01 -9.320073e-01 9.967877e-02
    outer loop
      vertex   -2.044158e+02 4.168191e+01 2.500000e+01
      vertex   -2.058650e+02 3.954999e+01 0.000000e+00
      vertex   -2.047207e+02 3.912215e+01 0.000000e+00
    endloop
  endfacet
  facet normal -4.798710e-01 -8.716805e-01 9.948330e-02
    outer loop
      vertex   -2.000000e+02 3.464102e+01 0.000000e+00
      vertex   -1.975000e+02 3.897114e+01 5.000000e+01
      vertex   -2.014269e+02 3.542656e+01 -4.937736e-16
    endloop
  endfacet
  facet normal -4.798710e-01 -8.716805e-01 9.948330e-02
    outer loop
      vertex   -2.014269e+02 3.542656e+01 -4.937736e-16
      vertex   -1.975000e+02 3.897114e+01 5.000000e+01
      vertex   -1.991053e+02 3.985488e+01 5.000000e+01
    endloop
  endfacet
  facet normal -4.439843e-01 -8.904948e-01 9.948330e-02
    outer loop
      vertex   -2.014269e+02 3.542656e+01 -4.937736e-16
      vertex   -1.991053e+02 3.985488e+01 5.000000e+01
      vertex   -2.007452e+02 4.067252e+01 5.000000e+01
    endloop
  endfacet
  facet normal -4.073614e-01 -9.078324e-01 9.948330e-02
    outer loop
      vertex   -2.024171e+02 4.142272e+01 5.000000e+01
      vertex   -2.043708e+02 3.682019e+01 4.440892e-15
      vertex   -2.007452e+02 4.067252e+01 5.000000e+01
    endloop
  endfacet
  facet normal -4.073614e-01 -9.078324e-01 9.948330e-02
    outer loop
      vertex   -2.007452e+02 4.067252e+01 5.000000e+01
      vertex   -2.043708e+02 3.682019e+01 4.440892e-15
      vertex   -2.028846e+02 3.615335e+01 9.873425e-16
    endloop
  endfacet
  facet normal -4.439843e-01 -8.904948e-01 9.948330e-02
    outer loop
      vertex   -2.007452e+02 4.067252e+01 5.000000e+01
      vertex   -2.028846e+02 3.615335e+01 9.873425e-16
      vertex   -2.014269e+02 3.542656e+01 -4.937736e-16
    endloop
  endfacet
  facet normal -9.205049e-01 3.907311e-01 -1.421085e-15
    outer loop
      vertex   -2.043708e+02 3.682019e+01 4.440892e-15
      vertex   -2.024171e+02 4.142272e+01 5.000000e+01
      vertex   -2.035893e+02 3.866120e+01 4.440892e-15
    endloop
  endfacet
  facet normal -9.205049e-01 3.907311e-01 -6.306067e-16
    outer loop
      vertex   -2.035893e+02 3.866120e+01 4.440892e-15
      vertex   -2.024171e+02 4.142272e+01 5.000000e+01
      vertex   -2.016356e+02 4.326373e+01 5.000000e+01
    endloop
  endfacet
  facet normal 8.660254e-01 -5.000000e-01 1.421085e-16
    outer loop
      vertex   -2.000000e+02 3.464102e+01 0.000000e+00
      vertex   -1.990000e+02 3.637307e+01 0.000000e+00
      vertex   -1.975000e+02 3.897114e+01 5.000000e+01
    endloop
  endfacet
  facet normal 8.660254e-01 -5.000000e-01 1.421085e-16
    outer loop
      vertex   -1.975000e+02 3.897114e+01 5.000000e+01
      vertex   -1.990000e+02 3.637307e+01 0.000000e+00
      vertex   -1.965000e+02 4.070319e+01 5.000000e+01
    endloop
  endfacet
  facet normal -5.099994e-01 -8.544014e-01 9.949330e-02
    outer loop
      vertex   -1.965000e+02 4.070319e+01 5.000000e+01
      vertex   -1.990000e+02 3.637307e+01 0.000000e+00
      vertex   -1.953261e+02 4.000248e+01 5.000000e+01
    endloop
  endfacet
  facet normal -5.195420e-01 -8.485997e-01 9.977333e-02
    outer loop
      vertex   -1.953261e+02 4.000248e+01 5.000000e+01
      vertex   -1.990000e+02 3.637307e+01 0.000000e+00
      vertex   -1.960902e+02 3.753092e+01 2.500000e+01
    endloop
  endfacet
  facet normal -5.346436e-01 -8.392224e-01 9.930782e-02
    outer loop
      vertex   -1.953261e+02 4.000248e+01 5.000000e+01
      vertex   -1.960902e+02 3.753092e+01 2.500000e+01
      vertex   -1.941731e+02 3.926793e+01 5.000000e+01
    endloop
  endfacet
  facet normal -5.587842e-01 -8.232559e-01 1.000496e-01
    outer loop
      vertex   -1.941731e+02 3.926793e+01 5.000000e+01
      vertex   -1.960902e+02 3.753092e+01 2.500000e+01
      vertex   -1.930419e+02 3.850015e+01 5.000000e+01
    endloop
  endfacet
  facet normal -5.500640e-01 -8.292078e-01 9.921713e-02
    outer loop
      vertex   -1.930419e+02 3.850015e+01 5.000000e+01
      vertex   -1.960902e+02 3.753092e+01 2.500000e+01
      vertex   -1.969206e+02 3.509049e+01 0.000000e+00
    endloop
  endfacet
  facet normal -5.588156e-01 -8.233020e-01 9.949330e-02
    outer loop
      vertex   -1.930419e+02 3.850015e+01 5.000000e+01
      vertex   -1.969206e+02 3.509049e+01 0.000000e+00
      vertex   -1.959098e+02 3.440439e+01 4.440892e-15
    endloop
  endfacet
  facet normal -5.100278e-01 -8.544490e-01 9.893686e-02
    outer loop
      vertex   -1.990000e+02 3.637307e+01 0.000000e+00
      vertex   -1.979510e+02 3.574690e+01 0.000000e+00
      vertex   -1.960902e+02 3.753092e+01 2.500000e+01
    endloop
  endfacet
  facet normal -5.346237e-01 -8.391911e-01 9.967877e-02
    outer loop
      vertex   -1.960902e+02 3.753092e+01 2.500000e+01
      vertex   -1.979510e+02 3.574690e+01 0.000000e+00
      vertex   -1.969206e+02 3.509049e+01 0.000000e+00
    endloop
  endfacet
  facet normal -6.506172e-01 -7.528614e-01 9.948330e-02
    outer loop
      vertex   -1.932348e+02 2.972579e+01 0.000000e+00
      vertex   -1.898891e+02 3.344152e+01 5.000000e+01
      vertex   -1.944672e+02 3.079084e+01 -4.937736e-16
    endloop
  endfacet
  facet normal -6.506172e-01 -7.528614e-01 9.948330e-02
    outer loop
      vertex   -1.944672e+02 3.079084e+01 -4.937736e-16
      vertex   -1.898891e+02 3.344152e+01 5.000000e+01
      vertex   -1.912756e+02 3.463970e+01 5.000000e+01
    endloop
  endfacet
  facet normal -6.194265e-01 -7.787258e-01 9.948330e-02
    outer loop
      vertex   -1.944672e+02 3.079084e+01 -4.937736e-16
      vertex   -1.912756e+02 3.463970e+01 5.000000e+01
      vertex   -1.927097e+02 3.578044e+01 5.000000e+01
    endloop
  endfacet
  facet normal -5.872086e-01 -8.032989e-01 9.948330e-02
    outer loop
      vertex   -1.941891e+02 3.686184e+01 5.000000e+01
      vertex   -1.970569e+02 3.276608e+01 4.440892e-15
      vertex   -1.927097e+02 3.578044e+01 5.000000e+01
    endloop
  endfacet
  facet normal -5.872086e-01 -8.032989e-01 9.948330e-02
    outer loop
      vertex   -1.927097e+02 3.578044e+01 5.000000e+01
      vertex   -1.970569e+02 3.276608e+01 4.440892e-15
      vertex   -1.957420e+02 3.180483e+01 9.873425e-16
    endloop
  endfacet
  facet normal -6.194265e-01 -7.787258e-01 9.948330e-02
    outer loop
      vertex   -1.927097e+02 3.578044e+01 5.000000e+01
      vertex   -1.957420e+02 3.180483e+01 9.873425e-16
      vertex   -1.944672e+02 3.079084e+01 -4.937736e-16
    endloop
  endfacet
  facet normal -8.191520e-01 5.735764e-01 -2.309264e-16
    outer loop
      vertex   -1.970569e+02 3.276608e+01 4.440892e-15
      vertex   -1.941891e+02 3.686184e+01 5.000000e+01
      vertex   -1.959098e+02 3.440439e+01 4.440892e-15
    endloop
  endfacet
  facet normal -8.191520e-01 5.735764e-01 -2.309264e-16
    outer loop
      vertex   -1.959098e+02 3.440439e+01 4.440892e-15
      vertex   -1.941891e+02 3.686184e+01 5.000000e+01
      vertex   -1.930419e+02 3.850015e+01 5.000000e+01
    endloop
  endfacet
  facet normal 7.431448e-01 -6.691306e-01 1.509903e-16
    outer loop
      vertex   -1.932348e+02 2.972579e+01 0.000000e+00
      vertex   -1.918965e+02 3.121208e+01 0.000000e+00
      vertex   -1.898891e+02 3.344152e+01 5.000000e+01
    endloop
  endfacet
  facet normal 7.431448e-01 -6.691306e-01 1.345590e-15
    outer loop
      vertex   -1.898891e+02 3.344152e+01 5.000000e+01
      vertex   -1.918965e+02 3.121208e+01 0.000000e+00
      vertex   -1.885509e+02 3.492781e+01 5.000000e+01
    endloop
  endfacet
  facet normal -6.764947e-01 -7.296958e-01 9.949330e-02
    outer loop
      vertex   -1.885509e+02 3.492781e+01 5.000000e+01
      vertex   -1.918965e+02 3.121208e+01 0.000000e+00
      vertex   -1.875483e+02 3.399834e+01 5.000000e+01
    endloop
  endfacet
  facet normal -6.846225e-01 -7.220369e-01 9.977333e-02
    outer loop
      vertex   -1.875483e+02 3.399834e+01 5.000000e+01
      vertex   -1.918965e+02 3.121208e+01 0.000000e+00
      vertex   -1.888095e+02 3.173964e+01 2.500000e+01
    endloop
  endfacet
  facet normal -6.974445e-01 -7.097247e-01 9.930782e-02
    outer loop
      vertex   -1.875483e+02 3.399834e+01 5.000000e+01
      vertex   -1.888095e+02 3.173964e+01 2.500000e+01
      vertex   -1.865732e+02 3.304011e+01 5.000000e+01
    endloop
  endfacet
  facet normal -7.177380e-01 -6.890880e-01 1.000496e-01
    outer loop
      vertex   -1.865732e+02 3.304011e+01 5.000000e+01
      vertex   -1.888095e+02 3.173964e+01 2.500000e+01
      vertex   -1.856264e+02 3.205392e+01 5.000000e+01
    endloop
  endfacet
  facet normal -7.104457e-01 -6.967229e-01 9.921713e-02
    outer loop
      vertex   -1.856264e+02 3.205392e+01 5.000000e+01
      vertex   -1.888095e+02 3.173964e+01 2.500000e+01
      vertex   -1.901292e+02 2.952520e+01 0.000000e+00
    endloop
  endfacet
  facet normal -7.177782e-01 -6.891266e-01 9.949330e-02
    outer loop
      vertex   -1.856264e+02 3.205392e+01 5.000000e+01
      vertex   -1.901292e+02 2.952520e+01 0.000000e+00
      vertex   -1.892831e+02 2.864393e+01 4.440892e-15
    endloop
  endfacet
  facet normal -6.765324e-01 -7.297365e-01 9.893686e-02
    outer loop
      vertex   -1.918965e+02 3.121208e+01 0.000000e+00
      vertex   -1.910006e+02 3.038150e+01 0.000000e+00
      vertex   -1.888095e+02 3.173964e+01 2.500000e+01
    endloop
  endfacet
  facet normal -6.974185e-01 -7.096982e-01 9.967877e-02
    outer loop
      vertex   -1.888095e+02 3.173964e+01 2.500000e+01
      vertex   -1.910006e+02 3.038150e+01 0.000000e+00
      vertex   -1.901292e+02 2.952520e+01 0.000000e+00
    endloop
  endfacet
  facet normal -7.929284e-01 -6.011386e-01 9.948330e-02
    outer loop
      vertex   -1.876393e+02 2.351141e+01 0.000000e+00
      vertex   -1.835942e+02 2.645034e+01 5.000000e+01
      vertex   -1.886234e+02 2.480942e+01 -4.937736e-16
    endloop
  endfacet
  facet normal -7.929284e-01 -6.011386e-01 9.948330e-02
    outer loop
      vertex   -1.886234e+02 2.480942e+01 -4.937736e-16
      vertex   -1.835942e+02 2.645034e+01 5.000000e+01
      vertex   -1.847013e+02 2.791060e+01 5.000000e+01
    endloop
  endfacet
  facet normal -7.677967e-01 -6.329228e-01 9.948330e-02
    outer loop
      vertex   -1.886234e+02 2.480942e+01 -4.937736e-16
      vertex   -1.847013e+02 2.791060e+01 5.000000e+01
      vertex   -1.858669e+02 2.932458e+01 5.000000e+01
    endloop
  endfacet
  facet normal -7.413919e-01 -6.636574e-01 9.948330e-02
    outer loop
      vertex   -1.870891e+02 3.068993e+01 5.000000e+01
      vertex   -1.907459e+02 2.727993e+01 4.440892e-15
      vertex   -1.858669e+02 2.932458e+01 5.000000e+01
    endloop
  endfacet
  facet normal -7.413919e-01 -6.636574e-01 9.948330e-02
    outer loop
      vertex   -1.858669e+02 2.932458e+01 5.000000e+01
      vertex   -1.907459e+02 2.727993e+01 4.440892e-15
      vertex   -1.896595e+02 2.606629e+01 9.873425e-16
    endloop
  endfacet
  facet normal -7.677967e-01 -6.329228e-01 9.948330e-02
    outer loop
      vertex   -1.858669e+02 2.932458e+01 5.000000e+01
      vertex   -1.896595e+02 2.606629e+01 9.873425e-16
      vertex   -1.886234e+02 2.480942e+01 -4.937736e-16
    endloop
  endfacet
  facet normal -6.819984e-01 7.313537e-01 -1.296740e-15
    outer loop
      vertex   -1.907459e+02 2.727993e+01 4.440892e-15
      vertex   -1.870891e+02 3.068993e+01 5.000000e+01
      vertex   -1.892831e+02 2.864393e+01 4.440892e-15
    endloop
  endfacet
  facet normal -6.819984e-01 7.313537e-01 -3.286260e-16
    outer loop
      vertex   -1.892831e+02 2.864393e+01 4.440892e-15
      vertex   -1.870891e+02 3.068993e+01 5.000000e+01
      vertex   -1.856264e+02 3.205392e+01 5.000000e+01
    endloop
  endfacet
  facet normal 5.877853e-01 -8.090170e-01 -3.819167e-16
    outer loop
      vertex   -1.876393e+02 2.351141e+01 0.000000e+00
      vertex   -1.860213e+02 2.468698e+01 0.000000e+00
      vertex   -1.835942e+02 2.645034e+01 5.000000e+01
    endloop
  endfacet
  facet normal 5.877853e-01 -8.090170e-01 -3.819167e-16
    outer loop
      vertex   -1.835942e+02 2.645034e+01 5.000000e+01
      vertex   -1.860213e+02 2.468698e+01 0.000000e+00
      vertex   -1.819762e+02 2.762591e+01 5.000000e+01
    endloop
  endfacet
  facet normal -8.134240e-01 -5.730991e-01 9.949330e-02
    outer loop
      vertex   -1.819762e+02 2.762591e+01 5.000000e+01
      vertex   -1.860213e+02 2.468698e+01 0.000000e+00
      vertex   -1.811888e+02 2.650831e+01 5.000000e+01
    endloop
  endfacet
  facet normal -8.197818e-01 -5.639176e-01 9.977333e-02
    outer loop
      vertex   -1.811888e+02 2.650831e+01 5.000000e+01
      vertex   -1.860213e+02 2.468698e+01 0.000000e+00
      vertex   -1.828921e+02 2.456120e+01 2.500000e+01
    endloop
  endfacet
  facet normal -8.297637e-01 -5.492086e-01 9.930782e-02
    outer loop
      vertex   -1.811888e+02 2.650831e+01 5.000000e+01
      vertex   -1.828921e+02 2.456120e+01 2.500000e+01
      vertex   -1.804342e+02 2.536828e+01 5.000000e+01
    endloop
  endfacet
  facet normal -8.453231e-01 -5.248036e-01 1.000496e-01
    outer loop
      vertex   -1.804342e+02 2.536828e+01 5.000000e+01
      vertex   -1.828921e+02 2.456120e+01 2.500000e+01
      vertex   -1.797131e+02 2.420679e+01 5.000000e+01
    endloop
  endfacet
  facet normal -8.397776e-01 -5.337879e-01 9.921713e-02
    outer loop
      vertex   -1.797131e+02 2.420679e+01 5.000000e+01
      vertex   -1.828921e+02 2.456120e+01 2.500000e+01
      vertex   -1.846434e+02 2.266953e+01 0.000000e+00
    endloop
  endfacet
  facet normal -8.453705e-01 -5.248331e-01 9.949330e-02
    outer loop
      vertex   -1.797131e+02 2.420679e+01 5.000000e+01
      vertex   -1.846434e+02 2.266953e+01 0.000000e+00
      vertex   -1.839990e+02 2.163160e+01 4.440892e-15
    endloop
  endfacet
  facet normal -8.134693e-01 -5.731310e-01 9.893686e-02
    outer loop
      vertex   -1.860213e+02 2.468698e+01 0.000000e+00
      vertex   -1.853176e+02 2.368828e+01 0.000000e+00
      vertex   -1.828921e+02 2.456120e+01 2.500000e+01
    endloop
  endfacet
  facet normal -8.297328e-01 -5.491882e-01 9.967877e-02
    outer loop
      vertex   -1.828921e+02 2.456120e+01 2.500000e+01
      vertex   -1.853176e+02 2.368828e+01 0.000000e+00
      vertex   -1.846434e+02 2.266953e+01 0.000000e+00
    endloop
  endfacet
  facet normal -9.005847e-01 -4.231432e-01 9.948330e-02
    outer loop
      vertex   -1.834582e+02 1.626947e+01 0.000000e+00
      vertex   -1.788905e+02 1.830315e+01 5.000000e+01
      vertex   -1.841509e+02 1.774371e+01 -4.937736e-16
    endloop
  endfacet
  facet normal -9.005847e-01 -4.231432e-01 9.948330e-02
    outer loop
      vertex   -1.841509e+02 1.774371e+01 -4.937736e-16
      vertex   -1.788905e+02 1.830315e+01 5.000000e+01
      vertex   -1.796697e+02 1.996167e+01 5.000000e+01
    endloop
  endfacet
  facet normal -8.826106e-01 -4.594580e-01 9.948330e-02
    outer loop
      vertex   -1.841509e+02 1.774371e+01 -4.937736e-16
      vertex   -1.796697e+02 1.996167e+01 5.000000e+01
      vertex   -1.805159e+02 2.158709e+01 5.000000e+01
    endloop
  endfacet
  facet normal -8.631728e-01 -4.950108e-01 9.948330e-02
    outer loop
      vertex   -1.814275e+02 2.317671e+01 5.000000e+01
      vertex   -1.857133e+02 2.060152e+01 4.440892e-15
      vertex   -1.805159e+02 2.158709e+01 5.000000e+01
    endloop
  endfacet
  facet normal -8.631728e-01 -4.950108e-01 9.948330e-02
    outer loop
      vertex   -1.805159e+02 2.158709e+01 5.000000e+01
      vertex   -1.857133e+02 2.060152e+01 4.440892e-15
      vertex   -1.849030e+02 1.918852e+01 9.873425e-16
    endloop
  endfacet
  facet normal -8.826106e-01 -4.594580e-01 9.948330e-02
    outer loop
      vertex   -1.805159e+02 2.158709e+01 5.000000e+01
      vertex   -1.849030e+02 1.918852e+01 9.873425e-16
      vertex   -1.841509e+02 1.774371e+01 -4.937736e-16
    endloop
  endfacet
  facet normal -5.150381e-01 8.571673e-01 -6.306067e-16
    outer loop
      vertex   -1.857133e+02 2.060152e+01 4.440892e-15
      vertex   -1.814275e+02 2.317671e+01 5.000000e+01
      vertex   -1.839990e+02 2.163160e+01 4.440892e-15
    endloop
  endfacet
  facet normal -5.150381e-01 8.571673e-01 -7.194245e-16
    outer loop
      vertex   -1.839990e+02 2.163160e+01 4.440892e-15
      vertex   -1.814275e+02 2.317671e+01 5.000000e+01
      vertex   -1.797131e+02 2.420679e+01 5.000000e+01
    endloop
  endfacet
  facet normal 4.067366e-01 -9.135455e-01 -5.595524e-16
    outer loop
      vertex   -1.834582e+02 1.626947e+01 0.000000e+00
      vertex   -1.816311e+02 1.708294e+01 0.000000e+00
      vertex   -1.788905e+02 1.830315e+01 5.000000e+01
    endloop
  endfacet
  facet normal 4.067366e-01 -9.135455e-01 -1.154632e-16
    outer loop
      vertex   -1.788905e+02 1.830315e+01 5.000000e+01
      vertex   -1.816311e+02 1.708294e+01 0.000000e+00
      vertex   -1.770634e+02 1.911662e+01 5.000000e+01
    endloop
  endfacet
  facet normal -9.148027e-01 -3.914551e-01 9.949330e-02
    outer loop
      vertex   -1.770634e+02 1.911662e+01 5.000000e+01
      vertex   -1.816311e+02 1.708294e+01 0.000000e+00
      vertex   -1.765255e+02 1.785973e+01 5.000000e+01
    endloop
  endfacet
  facet normal -9.191127e-01 -3.811524e-01 9.977333e-02
    outer loop
      vertex   -1.765255e+02 1.785973e+01 5.000000e+01
      vertex   -1.816311e+02 1.708294e+01 0.000000e+00
      vertex   -1.785964e+02 1.630930e+01 2.500000e+01
    endloop
  endfacet
  facet normal -9.258183e-01 -3.646895e-01 9.930782e-02
    outer loop
      vertex   -1.765255e+02 1.785973e+01 5.000000e+01
      vertex   -1.785964e+02 1.630930e+01 2.500000e+01
      vertex   -1.760245e+02 1.658774e+01 5.000000e+01
    endloop
  endfacet
  facet normal -9.359636e-01 -3.375829e-01 1.000496e-01
    outer loop
      vertex   -1.760245e+02 1.658774e+01 5.000000e+01
      vertex   -1.785964e+02 1.630930e+01 2.500000e+01
      vertex   -1.755606e+02 1.530170e+01 5.000000e+01
    endloop
  endfacet
  facet normal -9.324072e-01 -3.475237e-01 9.921713e-02
    outer loop
      vertex   -1.755606e+02 1.530170e+01 5.000000e+01
      vertex   -1.785964e+02 1.630930e+01 2.500000e+01
      vertex   -1.807027e+02 1.482308e+01 0.000000e+00
    endloop
  endfacet
  facet normal -9.360161e-01 -3.376018e-01 9.949330e-02
    outer loop
      vertex   -1.755606e+02 1.530170e+01 5.000000e+01
      vertex   -1.807027e+02 1.482308e+01 0.000000e+00
      vertex   -1.802882e+02 1.367386e+01 4.440892e-15
    endloop
  endfacet
  facet normal -9.148537e-01 -3.914769e-01 9.893686e-02
    outer loop
      vertex   -1.816311e+02 1.708294e+01 0.000000e+00
      vertex   -1.811505e+02 1.595976e+01 0.000000e+00
      vertex   -1.785964e+02 1.630930e+01 2.500000e+01
    endloop
  endfacet
  facet normal -9.257838e-01 -3.646759e-01 9.967877e-02
    outer loop
      vertex   -1.785964e+02 1.630930e+01 2.500000e+01
      vertex   -1.811505e+02 1.595976e+01 0.000000e+00
      vertex   -1.807027e+02 1.482308e+01 0.000000e+00
    endloop
  endfacet
  facet normal -9.688812e-01 -2.266544e-01 9.948330e-02
    outer loop
      vertex   -1.808741e+02 8.316468e+00 0.000000e+00
      vertex   -1.759834e+02 9.356026e+00 5.000000e+01
      vertex   -1.812451e+02 9.902509e+00 -4.937736e-16
    endloop
  endfacet
  facet normal -9.688812e-01 -2.266544e-01 9.948330e-02
    outer loop
      vertex   -1.812451e+02 9.902509e+00 -4.937736e-16
      vertex   -1.759834e+02 9.356026e+00 5.000000e+01
      vertex   -1.764008e+02 1.114032e+01 5.000000e+01
    endloop
  endfacet
  facet normal -9.588501e-01 -2.659127e-01 9.948330e-02
    outer loop
      vertex   -1.812451e+02 9.902509e+00 -4.937736e-16
      vertex   -1.764008e+02 1.114032e+01 5.000000e+01
      vertex   -1.768905e+02 1.290615e+01 5.000000e+01
    endloop
  endfacet
  facet normal -9.472290e-01 -3.047299e-01 9.948330e-02
    outer loop
      vertex   -1.774517e+02 1.465057e+01 5.000000e+01
      vertex   -1.821793e+02 1.302273e+01 4.440892e-15
      vertex   -1.768905e+02 1.290615e+01 5.000000e+01
    endloop
  endfacet
  facet normal -9.472290e-01 -3.047299e-01 9.948330e-02
    outer loop
      vertex   -1.768905e+02 1.290615e+01 5.000000e+01
      vertex   -1.821793e+02 1.302273e+01 4.440892e-15
      vertex   -1.816804e+02 1.147213e+01 9.873425e-16
    endloop
  endfacet
  facet normal -9.588501e-01 -2.659127e-01 9.948330e-02
    outer loop
      vertex   -1.768905e+02 1.290615e+01 5.000000e+01
      vertex   -1.816804e+02 1.147213e+01 9.873425e-16
      vertex   -1.812451e+02 9.902509e+00 -4.937736e-16
    endloop
  endfacet
  facet normal -3.255682e-01 9.455186e-01 2.753353e-16
    outer loop
      vertex   -1.821793e+02 1.302273e+01 4.440892e-15
      vertex   -1.774517e+02 1.465057e+01 5.000000e+01
      vertex   -1.802882e+02 1.367386e+01 4.440892e-15
    endloop
  endfacet
  facet normal -3.255682e-01 9.455186e-01 1.243450e-16
    outer loop
      vertex   -1.802882e+02 1.367386e+01 4.440892e-15
      vertex   -1.774517e+02 1.465057e+01 5.000000e+01
      vertex   -1.755606e+02 1.530170e+01 5.000000e+01
    endloop
  endfacet
  facet normal 2.079117e-01 -9.781476e-01 -2.353673e-16
    outer loop
      vertex   -1.808741e+02 8.316468e+00 0.000000e+00
      vertex   -1.789178e+02 8.732291e+00 0.000000e+00
      vertex   -1.759834e+02 9.356026e+00 5.000000e+01
    endloop
  endfacet
  facet normal 2.079117e-01 -9.781476e-01 -5.773160e-17
    outer loop
      vertex   -1.759834e+02 9.356026e+00 5.000000e+01
      vertex   -1.789178e+02 8.732291e+00 0.000000e+00
      vertex   -1.740271e+02 9.771849e+00 5.000000e+01
    endloop
  endfacet
  facet normal -9.762002e-01 -1.927027e-01 9.949330e-02
    outer loop
      vertex   -1.740271e+02 9.771849e+00 5.000000e+01
      vertex   -1.789178e+02 8.732291e+00 0.000000e+00
      vertex   -1.737623e+02 8.430606e+00 5.000000e+01
    endloop
  endfacet
  facet normal -9.782739e-01 -1.817291e-01 9.977333e-02
    outer loop
      vertex   -1.737623e+02 8.430606e+00 5.000000e+01
      vertex   -1.789178e+02 8.732291e+00 0.000000e+00
      vertex   -1.761103e+02 7.344618e+00 2.500000e+01
    endloop
  endfacet
  facet normal -9.814102e-01 -1.642317e-01 9.930782e-02
    outer loop
      vertex   -1.737623e+02 8.430606e+00 5.000000e+01
      vertex   -1.761103e+02 7.344618e+00 2.500000e+01
      vertex   -1.735367e+02 7.082228e+00 5.000000e+01
    endloop
  endfacet
  facet normal -9.856980e-01 -1.356081e-01 1.000496e-01
    outer loop
      vertex   -1.735367e+02 7.082228e+00 5.000000e+01
      vertex   -1.761103e+02 7.344618e+00 2.500000e+01
      vertex   -1.733503e+02 5.727859e+00 5.000000e+01
    endloop
  endfacet
  facet normal -9.842861e-01 -1.460711e-01 9.921713e-02
    outer loop
      vertex   -1.733503e+02 5.727859e+00 5.000000e+01
      vertex   -1.761103e+02 7.344618e+00 2.500000e+01
      vertex   -1.784796e+02 6.328800e+00 0.000000e+00
    endloop
  endfacet
  facet normal -9.857532e-01 -1.356157e-01 9.949330e-02
    outer loop
      vertex   -1.733503e+02 5.727859e+00 5.000000e+01
      vertex   -1.784796e+02 6.328800e+00 0.000000e+00
      vertex   -1.783131e+02 5.118512e+00 4.440892e-15
    endloop
  endfacet
  facet normal -9.762546e-01 -1.927135e-01 9.893686e-02
    outer loop
      vertex   -1.789178e+02 8.732291e+00 0.000000e+00
      vertex   -1.786812e+02 7.533733e+00 0.000000e+00
      vertex   -1.761103e+02 7.344618e+00 2.500000e+01
    endloop
  endfacet
  facet normal -9.813736e-01 -1.642256e-01 9.967877e-02
    outer loop
      vertex   -1.761103e+02 7.344618e+00 2.500000e+01
      vertex   -1.786812e+02 7.533733e+00 0.000000e+00
      vertex   -1.784796e+02 6.328800e+00 0.000000e+00
    endloop
  endfacet
  facet normal -9.948330e-01 -2.025976e-02 9.948330e-02
    outer loop
      vertex   -1.800000e+02 0.000000e+00 0.000000e+00
      vertex   -1.750000e+02 0.000000e+00 5.000000e+01
      vertex   -1.800332e+02 1.628524e+00 -4.937736e-16
    endloop
  endfacet
  facet normal -9.948330e-01 -2.025976e-02 9.948330e-02
    outer loop
      vertex   -1.800332e+02 1.628524e+00 -4.937736e-16
      vertex   -1.750000e+02 0.000000e+00 5.000000e+01
      vertex   -1.750373e+02 1.832089e+00 5.000000e+01
    endloop
  endfacet
  facet normal -9.931833e-01 -6.074569e-02 9.948330e-02
    outer loop
      vertex   -1.800332e+02 1.628524e+00 -4.937736e-16
      vertex   -1.750373e+02 1.832089e+00 5.000000e+01
      vertex   -1.751492e+02 3.661140e+00 5.000000e+01
    endloop
  endfacet
  facet normal -9.898867e-01 -1.011309e-01 9.948330e-02
    outer loop
      vertex   -1.753354e+02 5.484120e+00 5.000000e+01
      vertex   -1.802982e+02 4.874774e+00 4.440892e-15
      vertex   -1.751492e+02 3.661140e+00 5.000000e+01
    endloop
  endfacet
  facet normal -9.898867e-01 -1.011309e-01 9.948330e-02
    outer loop
      vertex   -1.751492e+02 3.661140e+00 5.000000e+01
      vertex   -1.802982e+02 4.874774e+00 4.440892e-15
      vertex   -1.801326e+02 3.254347e+00 9.873425e-16
    endloop
  endfacet
  facet normal -9.931833e-01 -6.074569e-02 9.948330e-02
    outer loop
      vertex   -1.751492e+02 3.661140e+00 5.000000e+01
      vertex   -1.801326e+02 3.254347e+00 9.873425e-16
      vertex   -1.800332e+02 1.628524e+00 -4.937736e-16
    endloop
  endfacet
  facet normal -1.218693e-01 9.925462e-01 1.776357e-17
    outer loop
      vertex   -1.802982e+02 4.874774e+00 4.440892e-15
      vertex   -1.753354e+02 5.484120e+00 5.000000e+01
      vertex   -1.783131e+02 5.118512e+00 4.440892e-15
    endloop
  endfacet
  facet normal -1.218693e-01 9.925462e-01 1.199041e-16
    outer loop
      vertex   -1.783131e+02 5.118512e+00 4.440892e-15
      vertex   -1.753354e+02 5.484120e+00 5.000000e+01
      vertex   -1.733503e+02 5.727859e+00 5.000000e+01
    endloop
  endfacet
  facet normal 0.000000e+00 -1.000000e+00 0.000000e+00
    outer loop
      vertex   -1.800000e+02 0.000000e+00 0.000000e+00
      vertex   -1.780000e+02 0.000000e+00 0.000000e+00
      vertex   -1.750000e+02 0.000000e+00 5.000000e+01
    endloop
  endfacet
  facet normal 0.000000e+00 -1.000000e+00 -0.000000e+00
    outer loop
      vertex   -1.750000e+02 0.000000e+00 5.000000e+01
      vertex   -1.780000e+02 0.000000e+00 0.000000e+00
      vertex   -1.730000e+02 0.000000e+00 5.000000e+01
    endloop
  endfacet
endsolid
